c ---- [ banner ] ------------------------------------------------------------
c
c Kissat SAT Solver
c 
c Copyright (c) 2021-2024 Armin Biere University of Freiburg
c Copyright (c) 2019-2021 Armin Biere Johannes Kepler University Linz
c 
c Version 4.0.4 8af8e56f174b778aef3aa45af9f739b2a5f492c2
c gcc (Ubuntu 9.4.0-1ubuntu1~20.04.2) 9.4.0 -W -Wall -O3 -DNDEBUG
c Mon Mar 16 15:51:11 CST 2026 Linux LAPTOP-RSDTM7O8 6.6.87.2-microsoft-standard-WSL2 x86_64
c
c ---- [ parsing ] -----------------------------------------------------------
c
c opened and reading DIMACS file:
c
c   covers_eqs/ZUC_Sbox.cnf
c
c parsed 'p cnf 16456 145071' header
c closing input after reading 4282838 bytes (4 MB)
c finished parsing after 0.02 seconds
c
c ---- [ options ] -----------------------------------------------------------
c
c --restartint=50                  (different from default '1')
c --target=2                       (different from default '1')
c
c ---- [ solving ] -----------------------------------------------------------
c
c seconds switched rate     size/glue tier1  binary           remaining
c        MB reductions conflicts size  tier2     irredundant
c         level restarts redundant glue  trail           variables
c
c *  0.02 14 0 0 0  0 0   0   0 0.0 0 0 0 0 0% 24544 120423 16352 99%
c (  0.02 15 0 0 0  0 0   0   0 0.0 0 0 0 0 0% 24544 120423 16352 99%
c .  0.03 15 0 0 0  0 0   0   0 0.0 0 0 0 0 0% 24544 120423 16352 99%
c c  0.05 17 0 0 0  0 0   0   0 0.0 0 0 0 0 0% 24544 120423 16096 98%
c d  0.05 17 0 0 0  0 0   0   0 0.0 0 0 0 0 0% 24032 120423 16096 98%
c f  0.35 19 0 0 0  0 0   0   0 0.0 0 0 0 0 0% 28648 106211 18404 112%
c )  0.36 21 0 0 0  0 0   0   0 0.0 0 0 0 0 0% 28648 106211 18404 112%
c {  0.36 21 0 0 0  0 0   0   0 0.0 0 0 2 6 0% 28648 106211 18404 112%
c -  0.38 22 243 0 1  7 10 1000 663 1.6 11 7 5 10 18% 28648 106211 18404 112%
c }  0.38 22 243 1 1  7 10 1000 663 1.6 11 7 5 10 18% 28648 106211 18404 112%
c [  0.38 22 0 1 1  7 0 1000 663 0.0 0 0 2 6 0% 28648 106211 18404 112%
c B  0.38 22 581 1 1  7 511 1001 664 1.2 5 4 2 6 28% 28648 106211 18404 112%
c ]  0.41 22 599 2 1  7 4 1908 1536 1.7 83 50 21 72 44% 28648 106211 18404 112%
c {  0.41 22 243 2 1  7 10 1908 1536 1.6 11 7 5 10 18% 28648 106211 18404 112%
c -  0.41 23 256 2 2  8 10 2002 1509 1.6 13 8 5 10 18% 28648 106211 18404 112%
c u  0.44 23 203 2 2 10 8 2509 1907 1.6 12 8 5 10 15% 28648 106211 18404 112%
c v  0.45 23 203 2 2 10 8 2509 1884 1.6 12 8 5 10 15% 28648 106211 18404 112%
c w  0.45 23 203 2 2 10 8 2509 1883 1.6 12 8 5 10 15% 28648 106211 18404 112%
c }  0.47 23 175 3 2 16 8 2909 2248 1.5 12 8 5 10 13% 28648 106211 18404 112%
c [  0.47 23 599 3 2 16 4 2909 2248 1.7 83 50 21 72 44% 28648 106211 18404 112%
c
c seconds   switched rate       size/glue  tier1      binary           remaining
c        MB  reductions conflicts     size    tier2       irredundant
c          level restarts  redundant     glue     trail           variables
c
c W  0.48 23 599 3 2 16 4 2909 2248 1.7 83 50 21 72 44% 28648 106211 18404 112%
c -  0.50 23 566 3 3 16 4 3417 2522 1.5 97 66 32 127 42% 28648 106211 18404 112%
c ]  0.51 23 561 4 3 16 3 3671 2776 1.4 105 74 32 127 42% 28648 106211 18404 112%
c {  0.51 23 175 4 3 16 8 3671 2776 1.5 12 8 5 10 13% 28648 106211 18404 112%
c -  0.53 23 232 4 4 16 5 5150 3276 1.5 11 7 5 8 18% 28648 106211 18404 112%
c }  0.54 23 238 5 4 16 4 6024 3870 1.5 10 6 5 8 18% 28652 106211 18404 112%
c [  0.54 23 561 5 4 16 3 6024 3870 1.4 105 74 32 127 42% 28652 106211 18404 112%
c I  0.54 23 561 5 4 16 3 6024 3870 1.4 105 74 32 127 42% 28652 106211 18404 112%
c -  0.56 23 438 5 5 17 3 7150 4223 1.5 73 47 10 100 38% 28652 106211 18404 112%
c b  0.58 23 369 5 5 17 3 7725 4745 1.5 62 41 10 100 33% 28652 106211 18403 112%
c u  0.59 23 369 5 5 17 3 7725 4584 1.5 62 41 10 100 33% 28652 106211 18403 112%
c v  0.60 23 369 5 5 17 3 7725 4515 1.5 62 41 10 100 33% 28652 106211 18403 112%
c w  0.60 23 369 5 5 17 3 7725 4479 1.5 62 41 10 100 33% 28652 106211 18403 112%
c u  0.67 23 369 5 5 17 3 7725 4348 1.5 62 41 10 100 33% 28650 106211 18403 112%
c v  0.68 23 369 5 5 17 3 7725 4254 1.5 62 41 10 100 33% 28650 106211 18403 112%
c w  0.68 23 369 5 5 17 3 7725 4240 1.5 62 41 10 100 33% 28650 106211 18403 112%
c ]  0.71 23 287 6 5 18 2 8715 5200 1.6 53 33 10 100 27% 28650 106211 18403 112%
c {  0.71 23 238 6 5 18 4 8715 5200 1.5 10 6 5 8 18% 28650 106211 18403 112%
c -  0.73 23 223 6 6 25 4 9386 5150 1.7 11 6 4 8 18% 28650 106211 18403 112%
c o  0.74 23 194 6 6 29 4 10217 5921 1.7 11 6 4 8 16% 28650 106211 18403 112%
c
c seconds   switched rate        size/glue tier1    binary           remaining
c        MB  reductions conflicts      size  tier2      irredundant
c          level restarts   redundant    glue   trail           variables
c
c -  0.78 23 158 6 7 42 4 11835 6559 1.8 11 6 4 8 15% 28650 106211 18403 112%
c s  0.80 23 145 6 7 42 3 12537 7117 1.8 11 6 4 8 14% 28651 106201 18403 112%
c e  0.86 23 145 6 7 42 3 12537 7117 1.8 11 6 4 8 14% 24441 91859 15882 97%
c ^  0.88 23 145 6 7 42 3 12537 7117 1.8 11 6 4 8 14% 24441 91859 15882 97%
c }  0.89 23 141 7 7 46 3 12785 7149 1.8 11 6 4 8 14% 24441 91859 15882 97%
c [  0.89 23 287 7 7 46 2 12785 7149 1.6 53 33 10 100 27% 24441 91859 15882 97%
c B  0.89 23 287 7 7 46 2 12785 7149 1.6 53 33 10 100 27% 24441 91859 15882 97%
c -  0.94 23 211 7 8 47 2 14480 7503 1.6 44 28 7 35 22% 24441 91859 15882 97%
c u  0.99 23 175 7 8 48 2 15825 8525 1.6 40 25 7 35 20% 24441 91859 15882 97%
c v  1.00 23 175 7 8 48 2 15825 8446 1.6 40 25 7 35 20% 24441 91859 15882 97%
c w  1.01 23 175 7 8 48 2 15825 8443 1.6 40 25 7 35 20% 24441 91859 15882 97%
c ]  1.03 23 167 8 8 48 2 16189 8751 1.6 39 24 7 35 20% 24441 91859 15882 97%
c {  1.03 23 141 8 8 48 3 16189 8751 1.8 11 6 4 8 14% 24441 91859 15882 97%
c -  1.05 23 134 8 9 65 4 17308 8506 1.9 12 6 4 8 14% 24441 91859 15882 97%
c -  1.11 24 116 8 10 92 3 20311 9796 1.9 12 7 4 8 13% 24441 91859 15882 97%
c o  1.12 24 115 8 10 93 3 20337 9821 1.9 12 7 4 8 13% 24441 91859 15882 97%
c }  1.16 24 104 9 10 101 3 22348 11557 1.9 12 6 4 8 12% 24441 91859 15882 97%
c [  1.16 24 167 9 10 101 2 22348 11557 1.6 39 24 7 35 20% 24441 91859 15882 97%
c W  1.17 24 167 9 10 101 2 22348 11557 1.6 39 24 7 35 20% 24441 91859 15882 97%
c -  1.20 24 149 9 11 102 2 23473 10612 1.6 36 22 6 20 19% 24441 91859 15882 97%
c
c seconds   switched   rate         size/glue  tier1     binary          remaining
c        MB   reductions conflicts        size   tier2       irredundant
c          level  restarts     redundant     glue    trail          variables
c
c s  1.26 24 129 9 11 103 2 25046 12070 1.6 34 21 6 20 18% 24441 91852 15882 97%
c e  1.32 24 129 9 11 103 2 25046 12070 1.6 34 21 6 20 18% 22455 94831 14889 90%
c ^  1.33 24 129 9 11 103 2 25046 12070 1.6 34 21 6 20 18% 22455 94831 14889 90%
c -  1.37 24 114 9 12 104 2 26790 8786 1.6 32 19 6 20 16% 22455 94831 14889 90%
c u  1.38 24 113 9 12 104 2 26960 8771 1.6 31 19 6 20 16% 22455 94831 14889 90%
c v  1.39 24 113 9 12 104 2 26960 8641 1.6 31 19 6 20 16% 22455 94831 14889 90%
c w  1.40 24 113 9 12 104 2 26960 8637 1.6 31 19 6 20 16% 22455 94831 14889 90%
c ]  1.51 24 102 10 12 106 2 28675 10179 1.6 30 18 6 20 15% 22455 94831 14889 90%
c {  1.51 24 104 10 12 106 3 28675 10179 1.9 12 6 4 8 12% 22455 94831 14889 90%
c -  1.55 24 100 10 13 122 3 30255 9949 1.9 12 7 4 8 12% 22455 94831 14889 90%
c -  1.63 24 93 10 14 141 3 33861 11622 1.9 12 7 4 8 11% 22455 94831 14889 90%
c }  1.71 24 88 11 14 174 3 37303 14812 1.9 13 7 4 8 11% 22455 94831 14889 90%
c [  1.71 24 102 11 14 174 2 37303 14812 1.6 30 18 6 20 15% 22455 94831 14889 90%
c O  1.71 24 102 11 14 174 2 37303 14812 1.6 30 18 6 20 15% 22455 94831 14889 90%
c -  1.71 24 101 11 15 174 2 37603 12952 1.6 29 18 6 20 15% 22455 94831 14889 90%
c u  1.80 24 86 11 15 176 2 41298 16327 1.7 29 17 6 20 13% 22455 94831 14889 90%
c v  1.81 24 86 11 15 176 2 41298 16281 1.7 29 17 6 20 13% 22455 94831 14889 90%
c w  1.82 24 86 11 15 176 2 41298 16227 1.7 29 17 6 20 13% 22455 94831 14889 90%
c x  1.83 25 86 11 15 176 2 41298 16227 1.7 29 17 6 20 13% 22455 94831 14889 90%
c o  1.84 25 86 11 15 176 2 41298 16227 1.7 29 17 6 20 13% 22455 94831 14889 90%
c
c seconds   switched   rate         size/glue  tier1     binary          remaining
c        MB   reductions conflicts        size   tier2       irredundant
c         level   restarts     redundant     glue    trail          variables
c
c -  1.85 25 85 11 16 177 2 41476 14062 1.7 29 17 7 20 13% 22455 94831 14889 90%
c -  1.96 25 76 11 17 179 2 45479 14824 1.6 28 17 7 20 12% 22455 94831 14889 90%
c B  2.00 25 73 11 17 180 2 47065 16278 1.6 27 17 7 20 12% 22455 94831 14889 90%
c ]  2.00 25 72 12 17 180 2 47202 16409 1.6 27 17 7 20 12% 22455 94831 14889 90%
c {  2.00 25 88 12 17 180 3 47202 16409 1.9 13 7 4 8 11% 22455 94831 14889 90%
c -  2.06 25 85 12 18 209 3 49603 15531 1.9 13 7 4 8 11% 22455 94831 14889 90%
c s  2.13 25 83 12 18 224 3 52169 17868 1.9 13 7 4 8 11% 22455 94828 14889 90%
c e  2.19 25 83 12 18 224 3 52169 17868 1.9 13 7 4 8 11% 22311 95116 14817 90%
c s  2.20 25 83 12 18 224 3 52169 17868 1.9 13 7 4 8 11% 22311 95100 14817 90%
c ^  2.21 25 83 12 18 224 3 52169 17868 1.9 13 7 4 8 11% 22311 95100 14817 90%
c -  2.27 25 82 12 19 247 3 53846 15981 1.9 13 7 4 8 11% 22311 95100 14817 90%
c -  2.40 25 77 12 20 267 3 58205 16923 1.9 13 7 4 8 10% 22312 95100 14817 90%
c }  2.41 25 76 13 20 268 3 58684 17335 1.9 13 7 4 8 10% 22312 95100 14817 90%
c [  2.41 25 72 13 20 268 2 58684 17335 1.6 27 17 7 20 12% 22312 95100 14817 90%
c u  2.44 25 72 13 20 268 2 58940 17290 1.6 27 17 7 20 12% 22312 95100 14817 90%
c v  2.45 25 72 13 20 268 2 58940 17079 1.6 27 17 7 20 12% 22312 95100 14817 90%
c w  2.46 25 72 13 20 268 2 58940 17073 1.6 27 17 7 20 12% 22312 95100 14817 90%
c W  2.49 25 71 13 20 268 2 59288 17409 1.6 27 16 7 20 12% 22312 95100 14817 90%
c -  2.57 25 65 13 21 270 2 62678 17836 1.7 27 16 7 19 12% 22312 95100 14817 90%
c -  2.65 25 61 13 22 274 2 67260 19465 1.7 26 15 7 18 12% 22312 95100 14817 90%
c
c seconds   switched   rate         size/glue  tier1     binary          remaining
c        MB   reductions conflicts        size   tier2       irredundant
c         level   restarts     redundant     glue    trail          variables
c
c -  2.79 25 56 13 23 275 2 71950 20329 1.7 24 14 6 17 12% 22312 95100 14817 90%
c ]  2.82 25 55 14 23 276 2 73031 21343 1.7 25 14 6 17 12% 22312 95100 14817 90%
c {  2.82 25 76 14 23 276 3 73031 21343 1.9 13 7 4 8 10% 22312 95100 14817 90%
c o  2.82 25 76 14 23 278 3 73134 21439 1.9 13 7 4 8 10% 22312 95100 14817 90%
c -  2.93 25 75 14 24 332 3 76746 20856 1.9 13 7 4 8 10% 22312 95100 14817 90%
c u  3.05 25 72 14 24 342 3 80010 23063 1.8 13 7 4 8 10% 22312 95100 14817 90%
c v  3.07 25 72 14 24 342 3 80010 22811 1.8 13 7 4 8 10% 22312 95100 14817 90%
c w  3.08 25 72 14 24 342 3 80010 22787 1.8 13 7 4 8 10% 22312 95100 14817 90%
c -  3.15 25 71 14 25 357 3 81644 21112 1.8 13 7 4 8 10% 22312 95100 14817 90%
c -  3.30 25 70 14 26 397 3 86646 22424 1.9 14 7 4 8 10% 22312 95100 14817 90%
c }  3.34 25 70 15 26 408 3 87746 23414 1.9 14 7 4 8 10% 22312 95100 14817 90%
c [  3.34 25 55 15 26 408 2 87746 23414 1.7 25 14 6 17 12% 22312 95100 14817 90%
c I  3.34 25 55 15 26 408 2 87746 23414 1.7 25 14 6 17 12% 22312 95100 14817 90%
c -  3.45 25 53 15 27 410 2 91745 24278 1.8 25 14 6 17 13% 22312 95100 14817 90%
c e  3.61 25 52 15 27 413 2 95857 28210 1.8 25 14 6 17 13% 21224 97820 14273 87%
c s  3.62 25 52 15 27 413 2 95857 28210 1.8 25 14 6 17 13% 21224 97818 14273 87%
c ^  3.62 25 52 15 27 413 2 95857 28210 1.8 25 14 6 17 13% 21224 97818 14273 87%
c -  3.66 26 51 15 28 414 2 96943 20692 1.8 25 14 6 17 13% 21224 97818 14273 87%
c -  3.81 26 48 15 29 416 2 102234 21743 1.8 24 13 6 17 12% 21224 97818 14273 87%
c u  3.92 26 46 15 29 418 2 104632 23772 1.8 23 13 6 17 12% 21224 97818 14273 87%
c
c seconds   switched   rate          size/glue  tier1     binary          remaining
c        MB   reductions conflicts         size   tier2       irredundant
c         level   restarts      redundant     glue    trail          variables
c
c v  3.95 26 46 15 29 418 2 104632 23539 1.8 23 13 6 17 12% 21224 97818 14273 87%
c w  3.96 34 46 15 29 418 2 104632 23533 1.8 23 13 6 17 12% 21224 97818 14273 87%
c B  4.14 30 46 15 29 419 2 105549 24309 1.8 23 13 6 17 12% 21224 97818 14273 87%
c ]  4.18 30 45 16 29 419 2 106318 24827 1.8 23 13 6 17 12% 21224 97818 14273 87%
c {  4.18 30 70 16 29 419 3 106318 24827 1.9 14 7 4 8 10% 21224 97818 14273 87%
c -  4.24 31 70 16 30 438 3 107620 22317 1.8 14 7 4 8 10% 21224 97818 14273 87%
c -  4.43 32 72 16 31 493 3 113097 24751 1.8 14 8 4 9 10% 21224 97818 14273 87%
c o  4.44 32 71 16 31 494 3 113134 24787 1.8 14 8 4 9 10% 21224 97818 14273 87%
c -  4.64 33 71 16 32 570 3 118664 25905 1.8 15 8 4 9 10% 21224 97818 14273 87%
c -  4.83 33 71 16 33 622 3 124322 27250 1.8 15 8 4 9 10% 21225 97818 14273 87%
c }  4.84 33 71 17 33 629 3 124656 27561 1.8 15 8 4 9 10% 21225 97818 14273 87%
c [  4.84 33 45 17 33 629 2 124656 27561 1.8 23 13 6 17 12% 21225 97818 14273 87%
c W  4.89 26 45 17 33 630 2 126461 29279 1.8 23 13 6 17 12% 21225 97818 14273 87%
c -  4.96 26 45 17 34 633 2 130066 28464 1.9 24 13 6 16 12% 21225 97818 14273 87%
c u  5.07 26 46 17 34 634 2 132888 30884 1.9 23 13 6 16 12% 21225 97818 14273 87%
c v  5.09 26 46 17 34 634 2 132888 30715 1.9 23 13 6 16 12% 21225 97818 14273 87%
c w  5.11 26 46 17 34 634 2 132888 30681 1.9 23 13 6 16 12% 21225 97818 14273 87%
c x  5.12 26 46 17 34 634 2 132888 30681 1.9 23 13 6 16 12% 21225 97818 14273 87%
c -  5.21 26 45 17 35 635 2 135897 28864 1.9 24 13 6 16 11% 21225 97818 14273 87%
c -  5.35 27 42 17 36 639 2 141813 29741 2.0 25 12 6 16 11% 21225 97818 14273 87%
c
c seconds   switched   rate          size/glue  tier1     binary          remaining
c        MB   reductions conflicts         size   tier2       irredundant
c         level   restarts      redundant     glue    trail          variables
c
c -  5.53 27 39 17 37 642 2 147813 31617 2.1 25 12 6 15 10% 21225 97818 14273 87%
c O  5.61 35 38 17 37 643 2 150686 34328 2.2 26 12 6 15 10% 21225 97818 14273 87%
c -  5.69 36 38 17 38 643 2 153896 32163 2.2 26 12 6 15 10% 21225 97818 14273 87%
c s  5.79 36 37 17 38 644 2 157946 36124 2.2 26 12 6 15 10% 21225 97814 14273 87%
c e  5.85 32 37 17 38 644 2 157946 36124 2.2 26 12 6 15 10% 18229 106665 12775 78%
c s  5.87 32 37 17 38 644 2 157946 36124 2.2 26 12 6 15 10% 18229 103904 12775 78%
c ^  5.88 32 37 17 38 644 2 157946 36124 2.2 26 12 6 15 10% 18229 103904 12775 78%
c -  5.95 34 36 17 39 646 2 160061 23089 2.2 26 12 6 15 9% 18229 103904 12775 78%
c ]  5.96 34 36 18 39 646 2 160787 23767 2.2 26 12 6 15 9% 18229 103904 12775 78%
c {  5.96 34 71 18 39 646 3 160787 23767 1.8 15 8 4 9 10% 18229 103904 12775 78%
c o  6.02 35 69 18 39 666 3 163350 25825 1.8 15 8 4 9 10% 18229 103904 12775 78%
c u  6.09 36 68 18 39 680 3 164872 26942 1.8 15 8 4 9 10% 18229 103904 12775 78%
c v  6.12 36 68 18 39 680 3 164872 26716 1.8 15 8 4 9 10% 18229 103904 12775 78%
c w  6.13 37 68 18 39 680 3 164872 26632 1.8 15 8 4 9 10% 18229 103904 12775 78%
c -  6.19 32 67 18 40 682 3 166305 23839 1.8 15 8 4 9 9% 18230 103904 12775 78%
c i  6.20 32 66 18 40 682 3 166793 24037 1.8 15 8 4 9 9% 18237 103904 12773 78%
c -  6.34 34 63 18 41 696 3 172630 23365 1.8 14 8 4 9 9% 18227 103904 12773 78%
c -  6.50 35 60 18 42 719 3 179033 25042 1.8 14 8 4 9 8% 18227 103904 12773 78%
c }  6.61 35 59 19 42 746 3 183135 28131 1.7 14 8 4 9 8% 18227 103904 12773 78%
c [  6.61 35 36 19 42 746 2 183135 28131 2.2 26 12 6 15 9% 18227 103904 12773 78%
c
c seconds   switched   rate          size/glue  tier1    binary           remaining
c        MB   reductions conflicts         size   tier2      irredundant
c         level   restarts      redundant     glue   trail           variables
c
c B  6.61 35 36 19 42 746 2 183135 28131 2.2 26 12 6 15 9% 18227 103904 12773 78%
c -  6.67 36 36 19 43 748 2 185514 26760 2.2 26 12 6 15 9% 18227 103904 12773 78%
c -  6.80 36 37 19 44 752 2 192073 28896 2.2 26 12 6 15 9% 18227 103904 12773 78%
c -  6.94 36 39 19 45 755 2 198707 30383 2.2 26 12 6 15 10% 18227 103904 12773 78%
c u  7.02 37 39 19 45 756 2 200697 32089 2.2 26 12 6 15 10% 18229 103855 12773 78%
c v  7.05 37 39 19 45 756 2 200697 31742 2.2 26 12 6 15 10% 18229 103855 12773 78%
c w  7.07 38 39 19 45 756 2 200697 31709 2.2 26 12 6 15 10% 18229 103855 12773 78%
c -  7.21 33 42 19 46 759 2 205415 30754 2.2 26 12 6 15 10% 18229 103855 12773 78%
c -  7.42 34 40 19 47 760 2 212198 31228 2.2 26 12 6 15 10% 18229 103855 12773 78%
c W  7.52 28 40 19 47 760 2 214585 33385 2.2 25 11 6 15 9% 18229 103855 12773 78%
c ]  7.56 28 40 20 47 760 2 215697 34473 2.2 26 11 6 15 10% 18229 103855 12773 78%
c {  7.56 28 59 20 47 760 3 215697 34473 1.7 14 8 4 9 8% 18229 103855 12773 78%
c -  7.69 28 59 20 48 790 3 219054 31699 1.8 14 8 4 9 8% 18229 103855 12773 78%
c o  7.88 37 60 20 48 838 3 223491 35726 1.8 14 8 4 9 8% 18229 103855 12773 78%
c -  7.99 37 61 20 49 866 3 225983 32832 1.8 14 8 4 9 8% 18229 103855 12773 78%
c -  8.27 37 61 20 50 949 3 232983 34182 1.8 15 8 4 9 8% 18229 103855 12773 78%
c -  8.54 35 60 20 51 974 3 240055 35305 1.8 15 8 4 9 8% 18229 103855 12773 78%
c s  8.56 35 59 20 51 974 3 240157 35384 1.8 15 8 4 9 8% 18229 103841 12773 78%
c e  8.73 49 59 20 51 974 3 240157 35384 1.8 15 8 4 9 8% 10884 148707 9101 55%
c s  8.82 49 59 20 51 974 3 240157 35384 1.8 15 8 4 9 8% 10884 136331 9101 55%
c
c seconds   switched   rate          size/glue tier1   binary          remaining
c        MB   reductions conflicts         size  tier2     irredundant
c         level   restarts      redundant    glue  trail          variables
c
c e  8.86 38 59 20 51 974 3 240157 35384 1.8 15 8 4 9 8% 10610 138660 8964 54%
c !  8.86 38 59 20 51 974 3 240157 35384 1.8 15 8 4 9 8% 10610 138660 8964 54%
c u  8.92 41 59 20 51 975 3 240402 23421 1.8 15 8 4 9 8% 10610 138660 8964 54%
c v  8.96 41 59 20 51 975 3 240402 23190 1.8 15 8 4 9 8% 10610 138660 8964 54%
c w  8.98 42 59 20 51 975 3 240402 23147 1.8 15 8 4 9 8% 10610 138660 8964 54%
c f  9.04 35 59 20 51 975 3 240402 23147 1.8 15 8 4 9 8% 10638 137547 8972 55%
c u  9.09 40 59 20 51 975 3 240402 22780 1.8 15 8 4 9 8% 10638 137547 8972 55%
c v  9.13 40 59 20 51 975 3 240402 22530 1.8 15 8 4 9 8% 10638 137547 8972 55%
c w  9.15 40 59 20 51 975 3 240402 22482 1.8 15 8 4 9 8% 10638 137547 8972 55%
c f  9.39 35 59 20 51 975 3 240402 22482 1.8 15 8 4 9 8% 10870 136631 8975 55%
c }  9.45 40 59 21 51 978 3 242437 24270 1.8 15 8 4 9 8% 10870 136631 8975 55%
c [  9.45 40 40 21 51 978 2 242437 24270 2.2 26 11 6 15 10% 10870 136631 8975 55%
c -  9.59 41 39 21 52 981 2 247196 25350 2.2 25 11 6 15 9% 10870 136631 8975 55%
c I  9.68 41 39 21 52 983 2 249937 27769 2.2 25 11 6 15 9% 10870 136631 8975 55%
c -  9.84 42 46 21 53 984 2 254407 28304 2.2 24 11 6 15 9% 10870 136631 8975 55%
c - 10.23 42 43 21 54 989 2 261690 29894 2.1 24 11 6 15 9% 10870 136631 8975 55%
c - 10.42 44 54 21 55 992 2 269039 31272 2.1 25 12 6 15 10% 10870 136631 8975 55%
c ] 10.65 44 76 22 55 992 2 272419 34606 2.0 30 15 6 15 13% 10870 136631 8975 55%
c { 10.65 44 59 22 55 992 3 272419 34606 1.8 15 8 4 9 8% 10870 136631 8975 55%
c i 10.68 44 60 22 55 998 3 273494 35613 1.8 15 8 4 9 8% 10876 136631 8974 55%
c
c seconds   switched    rate          size/glue tier1   binary          remaining
c        MB   reductions  conflicts         size  tier2     irredundant
c         level    restarts      redundant    glue  trail          variables
c
c - 10.74 44 60 22 56 1004 3 276455 30948 1.8 15 8 4 9 8% 10866 136631 8974 55%
c i 10.80 41 60 22 56 1015 3 278721 33063 1.8 15 8 4 9 8% 10869 136631 8973 55%
c - 10.94 42 59 22 57 1029 3 283938 32886 1.8 15 8 4 9 8% 10862 136631 8973 55%
c u 11.00 35 59 22 57 1029 3 284251 32947 1.8 15 8 4 9 8% 10862 136631 8973 55%
c v 11.04 36 59 22 57 1029 3 284251 32676 1.8 15 8 4 9 8% 10862 136631 8973 55%
c w 11.06 36 59 22 57 1029 3 284251 32618 1.8 15 8 4 9 8% 10862 136631 8973 55%
c x 11.10 38 59 22 57 1029 3 284251 32617 1.8 15 8 4 9 8% 10862 136627 8973 55%
c f 11.16 38 59 22 57 1029 3 284251 32617 1.8 15 8 4 9 8% 11012 136117 8977 55%
c u 11.22 38 59 22 57 1029 3 284251 32259 1.8 15 8 4 9 8% 11012 136117 8977 55%
c v 11.26 38 59 22 57 1029 3 284251 32128 1.8 15 8 4 9 8% 11012 136117 8977 55%
c w 11.28 38 59 22 57 1029 3 284251 32110 1.8 15 8 4 9 8% 11012 136117 8977 55%
c f 11.32 38 59 22 57 1029 3 284251 32110 1.8 15 8 4 9 8% 11073 136001 8980 55%
c - 11.49 40 62 22 58 1056 3 291487 35712 1.9 15 8 4 9 9% 11073 136001 8980 55%
c o 11.58 40 63 22 58 1070 3 293994 37925 1.9 15 8 4 9 9% 11073 136001 8980 55%
c - 11.73 40 63 22 59 1090 3 299103 38692 1.9 15 8 4 9 9% 11073 136001 8980 55%
c } 11.89 40 65 23 59 1112 3 303937 43114 1.9 15 8 4 9 9% 11073 136001 8980 55%
c [ 11.89 40 76 23 59 1112 2 303937 43114 2.0 30 15 6 15 13% 11073 136001 8980 55%
c B 11.89 40 76 23 59 1112 2 303937 43114 2.0 30 15 6 15 13% 11073 136001 8980 55%
c - 12.04 41 81 23 60 1114 2 306785 40264 2.0 29 15 6 15 13% 11073 136001 8980 55%
c - 12.24 41 78 23 61 1118 2 314530 41796 2.0 28 15 6 15 13% 11074 136001 8980 55%
c
c seconds   switched    rate          size/glue  tier1     binary          remaining
c        MB   reductions  conflicts         size   tier2       irredundant
c         level    restarts      redundant     glue    trail          variables
c
c - 12.43 41 74 23 62 1123 2 322340 43535 2.0 28 14 6 15 12% 11074 136001 8980 55%
c - 12.60 42 70 23 63 1126 2 330214 45436 2.0 27 14 6 15 12% 11074 136001 8980 55%
c u 12.75 42 69 23 63 1126 2 332143 46636 2.0 27 14 6 15 12% 11074 136001 8980 55%
c v 12.80 42 69 23 63 1126 2 332143 46504 2.0 27 14 6 15 12% 11074 136001 8980 55%
c w 12.82 42 69 23 63 1126 2 332143 46468 2.0 27 14 6 15 12% 11074 136001 8980 55%
c t 12.83 42 69 23 63 1126 2 332143 46468 2.0 27 14 6 15 12% 11073 136001 8980 55%
c ] 12.96 42 68 24 63 1127 2 338001 52178 2.0 27 14 6 15 12% 11073 136001 8980 55%
c { 12.96 42 65 24 63 1127 3 338001 52178 1.9 15 8 4 9 9% 11073 136001 8980 55%
c - 12.97 42 65 24 64 1129 3 338151 46172 1.9 15 8 4 9 9% 11073 136001 8980 55%
c s 13.20 42 65 24 64 1194 3 344448 51636 1.9 15 8 4 9 9% 11073 135994 8980 55%
c e 13.21 43 65 24 64 1194 3 344448 51636 1.9 15 8 4 9 9% 11072 135994 8979 55%
c s 13.21 43 65 24 64 1194 3 344448 51636 1.9 15 8 4 9 9% 11072 135992 8979 55%
c - 13.28 43 64 24 65 1199 3 346151 45978 1.9 15 8 4 9 8% 11072 135992 8979 55%
c - 13.60 43 62 24 66 1212 3 354214 46464 1.9 15 8 4 9 8% 11072 135992 8979 55%
c - 13.91 43 63 24 67 1275 3 362339 48560 1.9 15 8 4 9 8% 11072 135992 8979 55%
c - 14.24 43 62 24 68 1348 3 370527 50435 1.9 15 8 4 9 8% 11072 135992 8979 55%
c } 14.42 43 62 25 68 1369 3 374680 54028 1.9 15 8 4 9 8% 11072 135992 8979 55%
c [ 14.42 43 68 25 68 1369 2 374680 54028 2.0 27 14 6 15 12% 11072 135992 8979 55%
c W 14.43 43 68 25 68 1369 2 374680 54028 2.0 27 14 6 15 12% 11072 135992 8979 55%
c o 14.44 43 68 25 68 1369 2 374680 54028 2.0 27 14 6 15 12% 11072 135992 8979 55%
c
c seconds   switched    rate          size/glue  tier1     binary          remaining
c        MB   reductions  conflicts         size   tier2       irredundant
c         level    restarts      redundant     glue    trail          variables
c
c - 14.56 43 67 25 69 1371 2 378773 52628 2.0 27 13 6 15 12% 11072 135992 8979 55%
c u 14.79 43 65 25 69 1375 2 384157 56959 2.0 26 13 6 15 12% 11072 135992 8979 55%
c v 14.85 43 65 25 69 1375 2 384157 56709 2.0 26 13 6 15 12% 11072 135992 8979 55%
c w 14.88 43 65 25 69 1375 2 384157 56689 2.0 26 13 6 15 12% 11072 135992 8979 55%
c - 14.95 43 64 25 70 1375 2 387080 54256 2.0 26 13 6 15 11% 11072 135992 8979 55%
c - 15.24 43 63 25 71 1381 2 395447 55811 2.0 26 13 6 15 11% 11072 135992 8979 55%
c - 15.47 43 60 25 72 1383 2 403875 57065 2.0 25 12 6 15 11% 11072 135992 8979 55%
c - 15.69 43 61 25 73 1386 2 412360 57979 2.1 25 12 6 14 11% 11072 135992 8979 55%
c - 15.92 43 59 25 74 1390 2 420904 57775 2.0 25 12 6 15 11% 11072 135992 8979 55%
c O 15.99 43 58 25 74 1392 2 422842 59555 2.0 25 12 6 15 11% 11072 135992 8979 55%
c - 16.30 43 56 25 75 1397 2 429506 56786 2.0 25 12 6 15 10% 11072 135992 8979 55%
c ] 16.40 43 55 26 75 1397 2 432125 58976 2.0 25 12 6 15 10% 11072 135992 8979 55%
c { 16.40 43 62 26 75 1397 3 432125 58976 1.9 15 8 4 9 8% 11072 135992 8979 55%
c - 16.67 43 61 26 76 1447 3 438168 58070 1.9 15 8 4 9 8% 11072 135992 8979 55%
c u 16.84 43 61 26 76 1462 3 440340 59369 1.9 15 8 4 9 8% 11072 135992 8979 55%
c v 16.90 43 61 26 76 1462 3 440340 59231 1.9 15 8 4 9 8% 11072 135992 8979 55%
c w 16.93 43 61 26 76 1462 3 440340 59209 1.9 15 8 4 9 8% 11072 135992 8979 55%
c - 17.26 43 59 26 77 1483 3 446885 59033 1.9 15 8 4 9 7% 11072 135992 8979 55%
c - 17.68 43 59 26 78 1534 2 455660 60976 1.9 15 8 4 9 7% 11072 135992 8979 55%
c - 18.08 43 58 26 79 1581 2 464491 51725 1.8 15 8 3 9 7% 11073 135992 8979 55%
c
c seconds   switched    rate          size/glue tier1   binary          remaining
c        MB   reductions  conflicts         size  tier2     irredundant
c         level    restarts      redundant    glue  trail          variables
c
c o 18.18 43 57 26 79 1583 2 466356 53348 1.8 15 8 3 9 7% 11073 135992 8979 55%
c s 18.41 43 57 26 79 1632 2 471938 58089 1.8 15 8 3 9 7% 11074 135990 8979 55%
c - 18.48 43 57 26 80 1645 2 473380 49759 1.8 15 8 3 9 7% 11074 135990 8979 55%
c } 18.53 43 57 27 80 1645 2 474343 50630 1.8 15 8 3 9 7% 11074 135990 8979 55%
c [ 18.53 43 55 27 80 1645 2 474343 50630 2.0 25 12 6 15 10% 11074 135990 8979 55%
c B 18.59 43 55 27 80 1646 2 475630 51785 2.0 24 12 6 15 10% 11074 135990 8979 55%
c - 18.88 43 53 27 81 1650 2 482327 50053 2.0 24 12 5 15 10% 11074 135990 8979 55%
c - 19.29 43 51 27 82 1655 2 491327 48897 1.9 24 12 5 15 9% 11074 135990 8979 55%
c - 19.55 43 48 27 83 1659 2 500382 48483 1.9 24 12 5 15 9% 11074 135990 8979 55%
c u 19.66 43 48 27 83 1659 2 500770 48070 1.9 24 12 5 15 9% 11074 135990 8979 55%
c v 19.76 43 48 27 83 1659 2 500770 47457 1.9 24 12 5 15 9% 11074 135990 8979 55%
c w 19.80 43 48 27 83 1659 2 500770 47405 1.9 24 12 5 15 9% 11074 135990 8979 55%
c t 20.26 44 48 27 83 1659 2 500770 47405 1.9 24 12 5 15 9% 11073 135990 8979 55%
c - 20.54 44 45 27 84 1661 1 509493 48471 1.9 23 12 5 15 9% 11073 135990 8979 55%
c - 20.78 44 44 27 85 1666 1 518658 50312 1.9 23 12 5 15 8% 11073 135990 8979 55%
c - 21.02 44 50 27 86 1672 1 527877 51038 1.9 23 12 5 15 9% 11073 135990 8979 55%
c W 21.21 44 52 27 86 1674 1 533216 55802 1.9 23 12 5 15 9% 11073 135990 8979 55%
c - 21.45 44 51 27 87 1674 1 537151 49831 1.9 23 12 5 15 9% 11073 135990 8979 55%
c ] 21.74 44 50 28 87 1675 1 541865 54297 1.9 23 12 5 15 9% 11073 135990 8979 55%
c { 21.74 44 57 28 87 1675 2 541865 54297 1.8 15 8 3 9 7% 11073 135990 8979 55%
c
c seconds   switched    rate          size/glue tier1   binary          remaining
c        MB   reductions  conflicts         size  tier2     irredundant
c         level    restarts      redundant    glue  trail          variables
c
c - 21.94 44 56 28 88 1692 2 546478 49691 1.8 15 8 3 9 6% 11073 135990 8979 55%
c - 22.36 44 57 28 89 1791 2 555859 50462 1.8 15 8 3 9 7% 11073 135990 8979 55%
c - 22.73 44 58 28 90 1863 2 565294 52035 1.8 15 8 3 9 7% 11073 135990 8979 55%
c u 22.81 44 57 28 90 1863 2 565498 51916 1.8 15 8 3 9 7% 11073 135990 8979 55%
c v 22.88 44 57 28 90 1863 2 565498 51749 1.8 15 8 3 9 7% 11073 135990 8979 55%
c w 22.90 44 57 28 90 1863 2 565498 51729 1.8 15 8 3 9 7% 11073 135990 8979 55%
c x 22.96 44 57 28 90 1863 2 565498 51723 1.8 15 8 3 9 7% 11073 135988 8979 55%
c o 23.02 44 58 28 90 1871 2 566404 52477 1.8 15 8 3 9 7% 11073 135988 8979 55%
c - 23.42 44 56 28 91 1923 2 574781 53071 1.8 15 8 3 9 7% 11073 135988 8979 55%
c - 23.89 44 56 28 92 2017 2 584321 54119 1.8 15 8 3 9 7% 11073 135988 8979 55%
c } 24.21 44 56 29 92 2076 2 590003 59199 1.8 15 8 3 9 7% 11073 135988 8979 55%
c [ 24.21 44 50 29 92 2076 1 590003 59199 1.9 23 12 5 15 9% 11073 135988 8979 55%
c - 24.34 44 49 29 93 2078 1 593915 55067 1.9 23 12 5 15 9% 11073 135988 8979 55%
c I 24.47 44 49 29 93 2080 1 595767 56783 1.9 23 12 5 15 9% 11073 135988 8979 55%
c - 24.68 44 81 29 94 2083 1 603559 55377 1.9 24 13 5 15 12% 11073 135988 8979 55%
c - 25.05 44 86 29 95 2089 1 613255 55430 1.9 24 13 5 15 13% 11073 135988 8979 55%
c - 25.26 44 89 29 96 2090 1 623002 56718 1.9 24 12 5 15 14% 11073 135988 8979 55%
c s 25.28 44 91 29 96 2091 1 624103 57793 1.9 24 13 5 15 14% 11073 135984 8979 55%
c - 25.53 44 113 29 97 2097 2 632800 56401 1.9 26 13 5 15 18% 11073 135984 8979 55%
c u 25.66 44 118 29 97 2097 2 634571 57734 1.9 26 14 5 15 18% 11073 135984 8979 55%
c
c seconds    switched    rate          size/glue  tier1     binary          remaining
c        MB    reductions  conflicts         size   tier2       irredundant
c          level    restarts      redundant     glue    trail          variables
c
c v 25.74 44 118 29 97 2097 2 634571 57456 1.9 26 14 5 15 18% 11073 135984 8979 55%
c w 25.79 44 118 29 97 2097 2 634571 57430 1.9 26 14 5 15 18% 11073 135984 8979 55%
c - 26.30 44 116 29 98 2103 2 642650 53370 1.9 26 14 5 15 18% 11073 135984 8979 55%
c - 26.58 44 138 29 99 2105 2 652550 52988 1.9 27 14 5 15 21% 11073 135984 8979 55%
c - 26.84 44 161 29 100 2106 2 662499 53379 2.0 31 16 5 15 25% 11073 135984 8979 55%
c B 26.86 44 163 29 100 2106 2 663449 54259 2.0 32 16 5 15 26% 11073 135984 8979 55%
c - 27.27 44 182 29 101 2106 2 672500 53780 1.9 34 17 5 15 28% 11073 135984 8979 55%
c o 27.39 44 190 29 101 2110 2 677432 58556 1.9 34 18 5 15 30% 11073 135984 8979 55%
c - 27.51 44 199 29 102 2113 2 682550 54240 1.9 34 18 5 15 31% 11073 135984 8979 55%
c - 27.73 44 209 29 103 2119 2 692650 55363 1.9 35 18 5 16 33% 11073 135984 8979 55%
c ] 27.81 44 216 30 103 2120 2 697221 59688 2.0 36 19 5 16 35% 11073 135984 8979 55%
c { 27.81 44 56 30 103 2120 2 697221 59688 1.8 15 8 3 9 7% 11073 135984 8979 55%
c - 28.09 44 64 30 104 2161 3 702799 55688 1.8 15 8 3 9 8% 11073 135984 8979 55%
c u 28.40 44 74 30 104 2203 3 708043 59914 1.8 15 8 3 9 9% 11073 135984 8979 55%
c v 28.48 44 74 30 104 2203 3 708043 59848 1.8 15 8 3 9 9% 11073 135984 8979 55%
c w 28.51 44 74 30 104 2203 3 708043 59840 1.8 15 8 3 9 9% 11073 135984 8979 55%
c - 28.71 44 81 30 105 2242 3 712998 56637 1.8 15 8 3 9 10% 11073 135984 8979 55%
c - 29.16 44 91 30 106 2322 3 723244 58901 1.8 15 8 3 9 12% 11073 135984 8979 55%
c - 29.64 44 104 30 107 2429 4 733541 60782 1.8 16 9 3 9 14% 11073 135984 8979 55%
c - 30.27 44 107 30 108 2437 3 743885 63269 1.8 15 8 3 9 13% 11073 135984 8979 55%
c
c seconds    switched     rate          size/glue tier1    binary          remaining
c        MB    reductions   conflicts         size  tier2      irredundant
c          level     restarts      redundant    glue   trail          variables
c
c } 30.64 44 115 31 108 2514 4 751655 70087 1.8 15 8 3 9 14% 11073 135984 8979 55%
c [ 30.64 44 216 31 108 2514 2 751655 70087 2.0 36 19 5 16 35% 11073 135984 8979 55%
c W 30.67 44 216 31 108 2514 2 751655 70087 2.0 36 19 5 16 35% 11073 135984 8979 55%
c - 30.82 44 213 31 109 2516 2 754278 65301 1.9 36 18 5 16 34% 11073 135984 8979 55%
c - 31.26 44 195 31 110 2521 2 764718 65093 1.9 34 18 5 16 31% 11073 135984 8979 55%
c - 31.81 44 178 31 111 2527 2 775206 63694 1.9 33 18 5 15 29% 11073 135984 8979 55%
c - 32.07 44 184 31 112 2529 2 785743 67053 1.9 32 17 5 15 28% 11073 135984 8979 55%
c u 32.19 44 184 31 112 2529 2 785961 66591 1.9 32 17 5 15 28% 11073 135984 8979 55%
c v 32.30 44 184 31 112 2529 2 785961 65874 1.9 32 17 5 15 28% 11073 135984 8979 55%
c w 32.35 44 184 31 112 2529 2 785961 65746 1.9 32 17 5 15 28% 11073 135984 8979 55%
c - 32.75 44 170 31 113 2535 2 796326 65957 1.9 32 17 5 15 26% 11073 135984 8979 55%
c o 32.77 44 169 31 113 2536 2 797466 67082 1.9 32 17 5 15 26% 11073 135984 8979 55%
c - 32.96 45 156 31 114 2542 2 806957 66992 1.9 31 16 5 15 24% 11073 135984 8979 55%
c - 33.19 45 142 31 115 2543 2 817634 69837 1.9 30 15 5 15 22% 11073 135984 8979 55%
c - 33.40 45 129 31 116 2544 1 828357 71501 2.0 29 15 5 15 20% 11073 135984 8979 55%
c O 33.43 45 127 31 116 2544 1 830083 73109 2.0 29 15 5 15 20% 11073 135984 8979 55%
c - 33.62 45 119 31 117 2548 1 839128 69931 2.0 29 15 5 15 18% 11073 135984 8979 55%
c - 33.97 45 110 31 118 2554 2 849944 67108 1.9 28 15 5 15 17% 11073 135984 8979 55%
c ] 34.15 45 104 32 118 2558 2 858099 74633 1.9 28 14 5 15 16% 11073 135984 8979 55%
c { 34.15 45 115 32 118 2558 4 858099 74633 1.8 15 8 3 9 14% 11073 135984 8979 55%
c
c seconds    switched     rate          size/glue tier1    binary          remaining
c        MB    reductions   conflicts         size  tier2      irredundant
c          level     restarts      redundant    glue   trail          variables
c
c - 34.31 45 112 32 119 2560 3 860806 67230 1.8 15 8 3 8 14% 11073 135984 8979 55%
c u 34.77 45 107 32 119 2587 3 868377 73435 1.8 15 8 3 8 13% 11073 135984 8979 55%
c v 34.84 45 107 32 119 2587 3 868377 73261 1.8 15 8 3 8 13% 11073 135984 8979 55%
c w 34.88 45 107 32 119 2587 3 868377 73226 1.8 15 8 3 8 13% 11073 135984 8979 55%
c - 35.05 45 106 32 120 2614 3 871714 67422 1.8 15 8 3 8 13% 11073 135984 8979 55%
c - 35.54 45 100 32 121 2694 3 882669 67763 1.8 15 8 3 8 12% 11074 135984 8979 55%
c - 36.12 45 93 32 122 2723 3 893670 68467 1.8 15 8 3 8 11% 11074 135984 8979 55%
c - 36.64 45 89 32 123 2831 3 904715 69185 1.8 15 8 3 8 11% 11076 135984 8979 55%
c - 37.29 45 84 32 124 2856 3 915808 70334 1.8 15 8 3 8 10% 11076 135984 8979 55%
c } 37.43 45 83 33 124 2890 3 919203 73342 1.8 15 8 3 8 10% 11076 135984 8979 55%
c [ 37.43 45 104 33 124 2890 2 919203 73342 1.9 28 14 5 15 16% 11076 135984 8979 55%
c B 37.43 45 104 33 124 2890 2 919203 73342 1.9 28 14 5 15 16% 11076 135984 8979 55%
c - 37.67 45 118 33 125 2895 2 926944 70512 1.9 28 15 5 15 18% 11076 135984 8979 55%
c o 37.73 45 119 33 125 2896 2 927841 71237 1.9 28 15 5 15 18% 11076 135984 8979 55%
c - 38.12 45 136 33 126 2901 2 938125 69365 1.9 29 15 5 15 22% 11076 135984 8979 55%
c - 38.55 45 151 33 127 2904 2 949350 69830 1.9 31 16 5 15 24% 11076 135984 8979 55%
c u 38.88 45 158 33 127 2906 2 955340 74835 2.0 36 18 5 15 25% 11076 135984 8979 55%
c v 39.02 45 158 33 127 2906 2 955340 74604 2.0 36 18 5 15 25% 11076 135984 8979 55%
c w 39.11 45 158 33 127 2906 2 955340 74529 2.0 36 18 5 15 25% 11076 135984 8979 55%
c t 39.12 45 158 33 127 2906 2 955340 74529 2.0 36 18 5 15 25% 11074 135984 8979 55%
c
c seconds    switched     rate          size/glue  tier1     binary          remaining
c        MB    reductions   conflicts         size   tier2       irredundant
c          level     restarts      redundant     glue    trail          variables
c
c - 39.24 45 166 33 128 2910 2 960620 69121 2.0 36 18 5 16 26% 11074 135984 8979 55%
c - 39.55 45 177 33 129 2916 2 971933 69225 2.0 37 19 5 16 28% 11074 135984 8979 55%
c - 39.82 45 189 33 130 2919 2 983290 71323 2.0 39 19 5 16 30% 11074 135984 8979 55%
c - 40.09 45 204 33 131 2920 2 994691 74514 2.0 40 20 5 16 33% 11074 135984 8979 55%
c - 40.40 45 217 33 132 2923 2 1006137 77520 2.1 41 20 5 16 35% 11074 135984 8979 55%
c e 40.46 45 219 33 132 2924 2 1007682 79011 2.1 42 20 5 16 35% 11056 136018 8978 55%
c W 40.52 45 220 33 132 2925 2 1009003 77553 2.1 42 20 5 16 35% 11056 136018 8978 55%
c - 40.81 47 229 33 133 2929 2 1017627 74358 2.1 43 21 5 16 36% 11056 136018 8978 55%
c - 41.19 47 235 33 134 2935 2 1029160 72145 2.1 47 23 5 16 37% 11056 136018 8978 55%
c - 41.86 47 229 33 135 2938 2 1040735 73214 2.1 44 21 5 16 35% 11056 136018 8978 55%
c u 42.09 47 217 33 135 2942 2 1046904 78350 2.1 43 21 5 16 33% 11056 136018 8978 55%
c v 42.17 47 217 33 135 2942 2 1046904 78137 2.1 43 21 5 16 33% 11056 136018 8978 55%
c w 42.21 47 217 33 135 2942 2 1046904 78133 2.1 43 21 5 16 33% 11056 136018 8978 55%
c - 42.76 48 215 33 136 2945 2 1052354 75279 2.1 42 21 5 16 32% 11056 136018 8978 55%
c ] 42.97 48 210 34 136 2948 2 1057107 79331 2.0 42 20 5 16 31% 11056 136018 8978 55%
c { 42.97 48 83 34 136 2948 3 1057107 79331 1.8 15 8 3 8 10% 11056 136018 8978 55%
c i 43.10 48 81 34 136 2965 3 1059485 81078 1.8 15 8 3 8 10% 11061 136018 8977 55%
c - 43.37 48 80 34 137 2990 3 1064016 75836 1.8 15 8 3 8 9% 11056 136018 8977 55%
c o 43.56 48 78 34 137 2995 3 1067853 78944 1.8 14 8 3 8 9% 11056 136018 8977 55%
c i 43.64 48 77 34 137 2997 3 1069244 79600 1.8 14 8 3 8 9% 11061 136018 8976 55%
c
c seconds   switched     rate           size/glue tier1   binary          remaining
c        MB   reductions    conflicts         size  tier2     irredundant
c         level     restarts       redundant    glue  trail          variables
c
c i 43.68 48 77 34 137 3005 3 1070059 80186 1.8 14 8 3 8 9% 11066 136018 8975 55%
c i 43.93 48 75 34 137 3040 3 1075334 84463 1.8 14 8 3 8 9% 11071 136018 8974 55%
c - 43.96 48 75 34 138 3047 3 1075720 71825 1.8 14 8 3 8 9% 11054 136018 8974 55%
c i 43.97 48 75 34 138 3047 3 1075981 71948 1.8 14 8 3 8 9% 11059 136018 8973 55%
c i 44.13 48 74 34 138 3087 3 1079677 74978 1.7 14 8 3 8 9% 11065 136017 8971 55%
c - 44.52 48 72 34 139 3150 3 1087469 71411 1.7 14 8 3 8 8% 11054 136017 8971 55%
c i 44.65 48 71 34 139 3150 3 1090156 73173 1.7 14 8 3 8 8% 11061 136017 8970 55%
c i 44.89 48 69 34 139 3155 3 1093745 75431 1.7 14 8 3 8 8% 11067 136017 8969 55%
c i 44.93 48 69 34 139 3165 3 1094367 75945 1.7 14 8 3 8 8% 11070 136017 8967 54%
c i 45.12 48 68 34 139 3179 3 1097019 77628 1.7 14 8 3 8 8% 11077 136017 8966 54%
c i 45.13 48 68 34 139 3180 3 1097161 77722 1.7 14 8 3 8 8% 11081 136017 8964 54%
c - 45.25 48 68 34 140 3196 3 1099258 68227 1.7 14 8 3 8 8% 11049 136017 8964 54%
c i 45.28 48 67 34 140 3198 3 1099969 68572 1.7 14 8 3 8 8% 11056 136017 8963 54%
c i 45.29 48 67 34 140 3198 3 1100173 68665 1.7 14 8 3 8 8% 11062 136017 8962 54%
c i 45.35 48 67 34 140 3201 3 1101455 69338 1.7 14 8 3 8 8% 11067 136017 8961 54%
c i 45.37 48 67 34 140 3203 3 1101751 69596 1.7 14 8 3 8 8% 11070 136016 8960 54%
c i 45.55 48 65 34 140 3222 3 1105521 72329 1.7 14 8 3 8 7% 11077 136016 8959 54%
c i 45.56 48 66 34 140 3224 3 1105658 72431 1.7 14 8 3 8 7% 11082 136016 8958 54%
c - 45.81 48 64 34 141 3270 3 1111090 67025 1.7 14 8 3 8 7% 11046 136016 8958 54%
c i 46.07 48 64 34 141 3297 3 1116325 71328 1.7 14 8 3 8 7% 11047 136016 8957 54%
c
c seconds   switched     rate           size/glue tier1   binary          remaining
c        MB   reductions    conflicts         size  tier2     irredundant
c         level     restarts       redundant    glue  trail          variables
c
c i 46.21 48 62 34 141 3317 3 1119202 73178 1.7 14 8 3 8 7% 11054 136016 8956 54%
c i 46.25 48 62 34 141 3328 3 1120168 74028 1.7 14 8 3 8 7% 11056 136016 8954 54%
c - 46.41 48 62 34 142 3349 3 1122965 69207 1.7 14 8 3 8 7% 11037 136016 8954 54%
c i 46.45 48 61 34 142 3349 3 1123698 69529 1.7 14 8 3 8 7% 11043 136016 8953 54%
c } 46.51 48 61 35 142 3370 3 1125253 70824 1.7 14 8 3 8 7% 11046 136016 8953 54%
c [ 46.51 48 210 35 142 3370 2 1125253 70824 2.0 42 20 5 16 31% 11046 136016 8953 54%
c I 46.51 48 210 35 142 3370 2 1125253 70824 2.0 42 20 5 16 31% 11046 136016 8953 54%
c - 46.81 48 221 35 143 3376 2 1134883 69029 2.0 43 21 5 16 33% 11040 136016 8953 54%
c u 47.12 48 229 35 143 3380 2 1143089 75689 2.0 42 21 5 16 35% 11090 135019 8953 54%
c v 47.23 48 229 35 143 3380 2 1143089 75180 2.0 42 21 5 16 35% 11090 135019 8953 54%
c w 47.28 48 229 35 143 3380 2 1143089 75104 2.0 42 21 5 16 35% 11090 135019 8953 54%
c x 47.38 48 229 35 143 3380 2 1143089 75096 2.0 42 21 5 16 35% 11090 134916 8953 54%
c - 47.58 48 222 35 144 3383 2 1146841 69785 2.0 42 21 5 16 34% 11090 134916 8953 54%
c - 47.87 48 216 35 145 3385 2 1158841 74512 2.0 40 20 5 16 33% 11090 134916 8953 54%
c - 48.20 48 205 35 146 3391 2 1170882 78310 2.1 38 18 5 16 32% 11090 134916 8953 54%
c - 48.70 48 185 35 147 3398 2 1182966 78329 2.1 36 17 5 16 29% 11090 134916 8953 54%
c - 48.98 48 166 35 148 3400 2 1195091 78975 2.1 35 17 5 16 26% 11090 134916 8953 54%
c - 49.31 48 150 35 149 3400 1 1207256 80116 2.1 34 16 5 16 24% 11090 134916 8953 54%
c - 49.68 48 135 35 150 3407 1 1219462 81454 2.2 33 15 5 16 22% 11090 134916 8953 54%
c B 49.88 48 126 35 150 3413 1 1227030 88438 2.2 32 15 5 16 21% 11090 134916 8953 54%
c
c seconds    switched     rate           size/glue  tier1     binary          remaining
c        MB    reductions    conflicts         size   tier2       irredundant
c          level     restarts       redundant     glue    trail          variables
c
c o 49.88 48 126 35 150 3413 1 1227030 88438 2.2 32 15 5 16 21% 11090 134916 8953 54%
c - 49.96 48 133 35 151 3414 1 1231709 81417 2.2 32 15 5 16 22% 11090 134916 8953 54%
c s 50.22 48 149 35 151 3416 1 1241583 90973 2.2 33 15 5 16 25% 11090 134738 8953 54%
c e 50.23 48 149 35 151 3416 1 1241583 90973 2.2 33 15 5 16 25% 11052 134818 8950 54%
c s 50.23 48 149 35 151 3416 1 1241583 90973 2.2 33 15 5 16 25% 11052 134813 8950 54%
c u 50.40 48 153 35 151 3418 1 1243929 87433 2.2 34 15 5 16 25% 11052 134813 8950 54%
c v 50.50 48 153 35 151 3418 1 1243929 87138 2.2 34 15 5 16 25% 11052 134813 8950 54%
c w 50.55 48 153 35 151 3418 1 1243929 86895 2.2 34 15 5 16 25% 11052 134813 8950 54%
c f 50.59 48 153 35 151 3418 1 1243929 86895 2.2 34 15 5 16 25% 11071 134777 8951 54%
c u 50.68 48 153 35 151 3418 1 1243929 86100 2.2 34 15 5 16 25% 11071 134777 8951 54%
c v 50.77 48 153 35 151 3418 1 1243929 85784 2.2 34 15 5 16 25% 11071 134777 8951 54%
c w 50.81 48 153 35 151 3418 1 1243929 85097 2.2 34 15 5 16 25% 11071 134777 8951 54%
c - 50.84 48 153 35 152 3418 1 1243998 72552 2.2 34 15 5 16 25% 11071 134777 8951 54%
c - 51.13 48 172 35 153 3425 1 1256328 71924 2.2 35 16 5 16 29% 11071 134777 8951 54%
c - 51.47 48 192 35 154 3430 1 1268698 71825 2.1 37 17 5 16 32% 11071 134777 8951 54%
c - 51.84 48 217 35 155 3431 1 1281107 70148 2.1 40 20 5 16 34% 11071 134777 8951 54%
c - 52.18 48 238 35 156 3432 1 1293556 68945 2.0 43 21 5 16 37% 11071 134777 8951 54%
c - 52.54 48 251 35 157 3432 1 1306045 68564 2.0 49 25 5 16 39% 11071 134777 8951 54%
c - 52.83 48 262 35 158 3432 1 1318574 69787 2.0 50 26 5 16 40% 11071 134777 8951 54%
c ] 53.02 48 270 36 158 3434 1 1326538 77413 2.0 50 25 5 16 41% 11071 134777 8951 54%
c
c seconds   switched     rate           size/glue tier1   binary          remaining
c        MB   reductions    conflicts         size  tier2     irredundant
c         level     restarts       redundant    glue  trail          variables
c
c { 53.02 48 61 36 158 3434 3 1326538 77413 1.7 14 8 3 8 7% 11071 134777 8951 54%
c - 53.23 48 69 36 159 3516 3 1331143 72844 1.7 14 8 3 8 8% 11072 134777 8951 54%
c i 53.63 48 86 36 159 3658 3 1341034 81420 1.7 15 9 3 8 11% 11083 134777 8950 54%
c - 53.76 48 90 36 160 3700 3 1343752 72814 1.7 15 9 3 8 11% 11071 134777 8950 54%
c u 54.07 48 98 36 160 3781 4 1349489 76934 1.7 15 9 3 8 12% 11073 134723 8950 54%
c v 54.15 48 98 36 160 3781 4 1349489 76794 1.7 15 9 3 8 12% 11073 134723 8950 54%
c w 54.19 48 98 36 160 3781 4 1349489 76784 1.7 15 9 3 8 12% 11073 134723 8950 54%
c - 54.52 48 107 36 161 3869 4 1356401 70991 1.7 16 10 3 8 14% 11074 134723 8950 54%
c - 55.12 48 124 36 162 4025 4 1369089 73449 1.7 17 10 3 8 16% 11074 134723 8950 54%
c - 55.75 48 136 36 163 4174 4 1381816 75893 1.7 18 10 3 8 18% 11075 134723 8950 54%
c i 55.79 48 137 36 163 4189 4 1382673 76685 1.7 18 11 3 8 18% 11075 134723 8949 54%
c o 56.00 48 144 36 163 4234 4 1388727 82395 1.7 18 11 3 8 20% 11075 134723 8949 54%
c - 56.27 48 150 36 164 4308 5 1394584 76870 1.7 19 11 3 8 21% 11073 134723 8949 54%
c } 56.58 48 156 37 164 4361 5 1402094 83932 1.7 19 11 3 8 22% 11074 134723 8949 54%
c [ 56.58 48 270 37 164 4361 1 1402094 83932 2.0 50 25 5 16 41% 11074 134723 8949 54%
c W 56.61 48 270 37 164 4361 1 1402094 83932 2.0 50 25 5 16 41% 11074 134671 8949 54%
c - 56.78 48 261 37 165 4365 1 1407390 79847 2.0 49 25 5 16 40% 11074 134671 8949 54%
c - 57.38 48 262 37 166 4372 1 1420237 79578 1.9 48 25 5 16 40% 11074 134671 8949 54%
c - 58.05 48 267 37 167 4375 1 1433121 76867 1.9 49 25 5 16 40% 11074 134671 8949 54%
c - 58.40 48 269 37 168 4382 1 1446043 77647 1.9 48 25 5 16 41% 11074 134671 8949 54%
c
c seconds    switched     rate           size/glue  tier1     binary          remaining
c        MB    reductions    conflicts         size   tier2       irredundant
c          level     restarts       redundant     glue    trail          variables
c
c - 58.76 48 272 37 169 4389 1 1459005 80457 1.9 48 25 5 17 41% 11074 134671 8949 54%
c u 58.88 48 272 37 169 4389 1 1459770 78892 1.9 48 25 5 17 41% 11076 134669 8949 54%
c v 59.01 48 272 37 169 4389 1 1459770 78658 1.9 48 25 5 17 41% 11076 134669 8949 54%
c w 59.05 48 272 37 169 4389 1 1459770 78639 1.9 48 25 5 17 41% 11076 134669 8949 54%
c x 59.13 48 272 37 169 4389 1 1459770 78635 1.9 48 25 5 17 41% 11076 134633 8949 54%
c - 59.61 48 273 37 170 4391 1 1472005 77231 2.0 51 26 5 17 41% 11076 134633 8949 54%
c ] 60.38 48 270 38 170 4391 1 1482965 87025 2.0 48 24 5 17 39% 11076 134633 8949 54%
c { 60.38 48 156 38 170 4391 5 1482965 87025 1.7 19 11 3 8 22% 11076 134633 8949 54%
c - 60.43 48 155 38 171 4393 5 1485044 78314 1.7 19 11 3 8 22% 11076 134633 8949 54%
c - 60.67 48 154 38 172 4393 4 1498121 83174 1.8 20 11 3 8 22% 11076 134633 8949 54%
c s 60.83 48 155 38 172 4396 4 1505078 89904 1.9 20 11 3 8 22% 11076 134594 8949 54%
c s 60.83 48 155 38 172 4396 4 1505078 89904 1.9 20 11 3 8 22% 11076 134593 8949 54%
c - 61.00 48 157 38 173 4401 4 1511235 85307 1.9 20 10 3 9 23% 11076 134593 8949 54%
c - 61.27 48 174 38 174 4401 3 1524388 87456 2.0 21 10 3 9 25% 11076 134593 8949 54%
c - 61.68 48 173 38 175 4416 3 1537578 87210 2.1 21 10 3 9 25% 11076 134593 8949 54%
c - 61.99 48 162 38 176 4438 3 1550806 87366 2.1 21 10 3 9 23% 11076 134593 8949 54%
c - 62.42 48 144 38 177 4440 3 1564072 86942 2.1 20 9 3 9 21% 11076 134593 8949 54%
c } 62.50 48 141 39 177 4442 3 1566298 89024 2.1 20 9 3 9 21% 11076 134593 8949 54%
c [ 62.50 48 270 39 177 4442 1 1566298 89024 2.0 48 24 5 17 39% 11076 134593 8949 54%
c O 62.50 48 270 39 177 4442 1 1566298 89024 2.0 48 24 5 17 39% 11076 134593 8949 54%
c
c seconds    switched     rate           size/glue  tier1     binary          remaining
c        MB    reductions    conflicts         size   tier2       irredundant
c          level     restarts       redundant     glue    trail          variables
c
c o 62.50 48 270 39 177 4442 1 1566298 89024 2.0 48 24 5 17 39% 11076 134593 8949 54%
c u 63.00 48 252 39 177 4447 1 1574848 95573 2.0 46 23 5 17 36% 11076 134593 8949 54%
c v 63.18 48 252 39 177 4447 1 1574848 94605 2.0 46 23 5 17 36% 11076 134593 8949 54%
c w 63.23 48 252 39 177 4447 1 1574848 94533 2.0 46 23 5 17 36% 11076 134593 8949 54%
c - 63.32 48 246 39 178 4448 1 1577377 82476 1.9 45 23 5 16 35% 11076 134593 8949 54%
c - 63.94 48 220 39 179 4455 1 1590719 79958 1.9 43 22 5 17 31% 11076 134593 8949 54%
c - 64.33 48 196 39 180 4460 1 1604099 80773 1.9 41 21 5 17 28% 11076 134593 8949 54%
c ] 64.70 48 177 40 180 4466 1 1616113 91332 1.9 38 20 5 17 26% 11076 134593 8949 54%
c { 64.70 48 141 40 180 4466 3 1616113 91332 2.1 20 9 3 9 21% 11076 134593 8949 54%
c - 64.82 48 140 40 181 4486 3 1617518 83580 2.1 20 9 3 9 20% 11076 134593 8949 54%
c i 65.35 48 132 40 181 4519 3 1627782 91587 2.1 19 9 3 9 19% 11082 134593 8948 54%
c - 65.51 48 130 40 182 4539 3 1630973 83488 2.1 19 9 3 9 19% 11075 134593 8948 54%
c - 66.20 48 119 40 183 4584 3 1644466 84436 2.0 18 9 3 9 17% 11078 134593 8948 54%
c i 66.53 48 114 40 183 4609 3 1650756 89493 2.0 18 9 3 9 16% 11090 134593 8947 54%
c i 66.90 48 110 40 183 4661 3 1657782 95571 2.0 18 9 3 9 16% 11092 134593 8945 54%
c - 66.92 48 110 40 184 4663 3 1657994 84480 2.0 18 9 3 9 15% 11073 134593 8945 54%
c - 67.65 48 101 40 185 4777 3 1671559 87271 2.0 18 9 3 9 14% 11076 134593 8945 54%
c i 67.89 48 98 40 185 4809 3 1676461 90911 1.9 17 9 3 9 14% 11084 134593 8944 54%
c i 67.98 48 97 40 185 4819 3 1678281 92512 1.9 17 9 3 9 14% 11084 134593 8943 54%
c i 67.99 48 97 40 185 4819 3 1678424 92570 1.9 17 9 3 9 14% 11090 134593 8942 54%
c
c seconds   switched     rate           size/glue tier1    binary          remaining
c        MB   reductions    conflicts         size  tier2      irredundant
c         level     restarts       redundant    glue   trail          variables
c
c - 68.50 48 93 40 186 4852 3 1685162 87970 1.9 17 9 3 9 13% 11069 134593 8942 54%
c i 68.64 48 92 40 186 4855 3 1687476 89432 1.9 17 9 3 9 13% 11075 134593 8941 54%
c i 68.82 48 92 40 186 4855 3 1690655 91526 1.9 17 9 3 9 13% 11082 134593 8940 54%
c i 68.94 48 90 40 186 4860 3 1693145 92990 1.9 16 9 3 9 12% 11091 134593 8939 54%
c d 69.04 48 92 40 186 4863 3 1694747 91335 1.9 16 9 3 9 13% 11110 134131 8937 54%
c d 69.04 48 92 40 186 4863 3 1694747 91292 1.9 16 9 3 9 13% 11108 134108 8936 54%
c u 69.19 48 92 40 186 4863 3 1694747 90535 1.9 16 9 3 9 13% 11107 134108 8936 54%
c v 69.35 48 92 40 186 4863 3 1694747 90020 1.9 16 9 3 9 13% 11107 134108 8936 54%
c w 69.40 48 92 40 186 4863 3 1694747 89927 1.9 16 9 3 9 13% 11107 134108 8936 54%
c x 69.57 48 92 40 186 4863 3 1694747 89924 1.9 16 9 3 9 13% 11107 133979 8936 54%
c f 69.62 48 92 40 186 4863 3 1694747 89924 1.9 16 9 3 9 13% 11111 133908 8939 54%
c - 69.86 48 90 40 187 4874 3 1698800 84019 1.9 16 9 3 9 12% 11088 133908 8939 54%
c i 69.91 48 90 40 187 4874 3 1699685 84517 1.9 16 8 3 9 12% 11096 133908 8938 54%
c } 70.35 48 86 41 187 4916 2 1707587 91305 1.9 16 8 3 9 12% 11098 133908 8938 54%
c [ 70.35 48 177 41 187 4916 1 1707587 91305 1.9 38 20 5 17 26% 11098 133908 8938 54%
c B 70.35 48 177 41 187 4916 1 1707587 91305 1.9 38 20 5 17 26% 11098 133908 8938 54%
c - 70.51 48 185 41 188 4919 1 1712476 83067 1.9 40 21 5 17 27% 11090 133908 8938 54%
c - 71.01 48 197 41 189 4927 1 1726187 84840 1.9 45 24 5 17 30% 11090 133908 8938 54%
c - 72.01 48 180 41 190 4930 1 1739934 84175 1.9 43 23 5 17 27% 11090 133908 8938 54%
c o 72.59 48 172 41 190 4936 1 1747137 89560 1.9 42 23 5 17 26% 11090 133908 8938 54%
c
c seconds    switched     rate           size/glue  tier1     binary          remaining
c        MB    reductions    conflicts         size   tier2       irredundant
c          level     restarts       redundant     glue    trail          variables
c
c - 72.84 48 179 41 191 4938 1 1753718 82566 1.7 46 27 5 17 29% 11090 133908 8938 54%
c - 73.19 48 187 41 192 4945 1 1767538 84576 1.7 46 26 5 17 31% 11090 133908 8938 54%
c - 73.55 48 208 41 193 4946 1 1781396 86465 1.8 47 27 5 17 34% 11090 133908 8938 54%
c - 73.88 48 222 41 194 4950 1 1795289 85490 1.8 48 27 5 17 36% 11090 133908 8938 54%
c s 73.99 48 225 41 194 4953 1 1799312 89407 1.8 48 27 5 17 36% 11090 133583 8938 54%
c e 74.01 48 225 41 194 4953 1 1799312 89407 1.8 48 27 5 17 36% 10946 134495 8866 54%
c s 74.02 48 225 41 194 4953 1 1799312 89407 1.8 48 27 5 17 36% 10946 133755 8866 54%
c - 74.37 49 229 41 195 4959 1 1809217 83340 1.8 51 28 5 18 37% 10946 133755 8866 54%
c u 74.70 49 230 41 195 4961 1 1819481 92631 1.8 48 26 5 18 38% 10948 133754 8866 54%
c v 74.81 49 230 41 195 4961 1 1819481 92372 1.8 48 26 5 18 38% 10948 133754 8866 54%
c w 74.86 49 230 41 195 4961 1 1819481 92356 1.8 48 26 5 18 38% 10948 133754 8866 54%
c x 74.98 49 230 41 195 4961 1 1819481 92356 1.8 48 26 5 18 38% 10948 133627 8866 54%
c f 76.34 50 230 41 195 4961 1 1819481 92356 1.8 48 26 5 18 38% 10949 133607 8867 54%
c u 76.68 49 230 41 195 4961 1 1819481 91644 1.8 48 26 5 18 38% 10949 133607 8867 54%
c v 77.12 49 230 41 195 4961 1 1819481 90532 1.8 48 26 5 18 38% 10949 133607 8867 54%
c w 77.28 49 230 41 195 4961 1 1819481 90391 1.8 48 26 5 18 38% 10949 133607 8867 54%
c - 77.64 49 231 41 196 4961 1 1823182 81325 1.9 52 27 5 18 39% 10949 133607 8867 54%
c W 78.36 49 236 41 196 4968 1 1835056 92815 1.9 52 28 5 18 40% 10949 133607 8867 54%
c - 78.43 49 234 41 197 4970 1 1837182 82294 1.9 52 27 5 18 39% 10949 133607 8867 54%
c - 79.69 49 207 41 198 4976 1 1851219 82724 1.9 48 25 5 18 35% 10949 133607 8867 54%
c
c seconds    switched     rate           size/glue  tier1     binary          remaining
c        MB    reductions    conflicts         size   tier2       irredundant
c          level     restarts       redundant     glue    trail          variables
c
c - 81.77 49 199 41 199 4977 1 1865291 84095 1.9 45 24 4 18 33% 10949 133607 8867 54%
c - 82.65 49 229 41 200 4978 1 1879397 84558 1.9 48 26 5 18 35% 10949 133607 8867 54%
c ] 84.43 52 268 42 200 4978 1 1891886 96923 1.8 59 33 5 18 39% 10949 133607 8867 54%
c { 84.43 52 86 42 200 4978 2 1891886 96923 1.9 16 8 3 9 12% 10949 133607 8867 54%
c - 84.70 53 88 42 201 4999 3 1893539 80239 1.9 16 9 3 9 12% 10949 133607 8867 54%
c - 86.68 53 111 42 202 5214 3 1907716 80263 1.8 17 9 3 9 15% 10949 133607 8867 54%
c - 88.70 53 126 42 203 5317 3 1921928 86813 1.9 18 10 3 9 18% 10949 133607 8867 54%
c - 90.27 53 142 42 204 5514 4 1936176 90550 1.9 19 10 3 9 20% 10949 133607 8867 54%
c u 90.94 53 146 42 204 5514 4 1949076 102702 2.0 20 10 3 9 21% 10949 133607 8867 54%
c v 91.18 53 146 42 204 5514 4 1949076 102597 2.0 20 10 3 9 21% 10949 133607 8867 54%
c w 91.28 53 146 42 204 5514 4 1949076 102577 2.0 20 10 3 9 21% 10949 133607 8867 54%
c x 91.48 53 146 42 204 5514 4 1949076 102577 2.0 20 10 3 9 21% 10950 133417 8867 54%
c o 91.52 53 146 42 204 5514 4 1949076 102577 2.0 20 10 3 9 21% 10950 133417 8867 54%
c - 91.73 53 147 42 205 5538 4 1950458 93828 1.9 20 10 3 9 22% 10950 133417 8867 54%
c - 92.96 53 158 42 206 5683 4 1964775 96094 1.9 20 11 3 9 23% 10951 133417 8867 54%
c - 94.03 53 169 42 207 5823 4 1979128 94832 1.9 21 11 3 9 24% 10951 133417 8867 54%
c } 94.99 53 176 43 207 5928 4 1991860 107040 1.9 22 11 3 9 26% 10951 133417 8867 54%
c [ 94.99 53 268 43 207 5928 1 1991860 107040 1.8 59 33 5 18 39% 10951 133417 8867 54%
c I 94.99 53 268 43 207 5928 1 1991860 107040 1.8 59 33 5 18 39% 10951 133417 8867 54%
c - 95.16 53 268 43 208 5929 1 1993518 96412 1.8 59 33 5 18 38% 10951 133417 8867 54%
c
c seconds    switched     rate           size/glue  tier1     binary          remaining
c        MB    reductions    conflicts         size   tier2       irredundant
c          level     restarts       redundant     glue    trail          variables
c
c - 96.59 53 238 43 209 5937 1 2007940 98234 1.8 54 30 5 18 34% 10952 133417 8867 54%
c - 97.86 53 210 43 210 5942 1 2022397 99604 1.8 49 27 4 18 31% 10952 133417 8867 54%
c - 100.19 53 185 43 211 5949 1 2036888 100107 1.8 45 25 4 17 28% 10952 133417 8867 54%
c - 101.18 53 166 43 212 5957 1 2051413 102303 1.9 42 23 4 17 26% 10953 133417 8867 54%
c - 102.11 53 149 43 213 5958 1 2065974 104048 1.9 40 21 4 17 25% 10953 133417 8867 54%
c - 103.35 53 140 43 214 5963 1 2080568 104291 2.0 38 19 4 17 23% 10953 133417 8867 54%
c d 103.62 53 137 43 214 5965 1 2083591 107019 2.0 37 19 4 17 23% 10951 133417 8866 54%
c u 104.09 53 137 43 214 5965 1 2083591 106146 2.0 37 19 4 17 23% 10951 133417 8866 54%
c v 104.74 53 137 43 214 5965 1 2083591 105845 2.0 37 19 4 17 23% 10951 133417 8866 54%
c w 105.00 53 137 43 214 5965 1 2083591 105442 2.0 37 19 4 17 23% 10951 133417 8866 54%
c u 105.62 53 137 43 214 5965 1 2083591 104226 2.0 37 19 4 17 23% 10952 133417 8866 54%
c v 106.10 53 137 43 214 5965 1 2083591 103851 2.0 37 19 4 17 23% 10952 133417 8866 54%
c w 106.33 53 137 43 214 5965 1 2083591 103689 2.0 37 19 4 17 23% 10952 133417 8866 54%
c d 106.35 53 137 43 214 5965 1 2083591 103559 2.0 37 19 4 17 23% 10950 133417 8865 54%
c - 107.29 53 129 43 215 5971 1 2095196 101586 2.0 36 18 4 17 22% 10950 133417 8865 54%
c - 108.32 53 121 43 216 5975 1 2109858 101978 2.0 35 17 4 17 21% 10950 133417 8865 54%
c ] 108.43 53 133 44 216 5977 1 2112430 104498 2.0 34 17 4 17 21% 10950 133417 8865 54%
c { 108.43 53 176 44 216 5977 4 2112430 104498 1.9 22 11 3 9 26% 10950 133417 8865 54%
c - 108.85 53 171 44 217 5981 4 2124554 103318 2.0 22 11 3 9 26% 10950 133417 8865 54%
c s 108.89 53 171 44 217 5981 4 2125316 104067 2.0 22 11 3 9 26% 10950 133370 8865 54%
c
c seconds     switched     rate            size/glue  tier1    binary          remaining
c         MB    reductions    conflicts          size   tier2      irredundant
c           level     restarts       redundant      glue   trail          variables
c
c e 108.92 53 171 44 217 5981 4 2125316 104067 2.0 22 11 3 9 26% 10572 135764 8676 53%
c s 108.93 53 171 44 217 5981 4 2125316 104067 2.0 22 11 3 9 26% 10572 133871 8676 53%
c - 110.03 54 157 44 218 6035 4 2139285 100613 2.0 21 11 3 9 23% 10573 133871 8676 53%
c o 111.03 54 148 44 218 6088 4 2149703 110171 2.0 21 11 3 9 22% 10573 133871 8676 53%
c - 111.47 54 145 44 219 6102 3 2154049 100528 2.0 21 11 3 9 21% 10573 133871 8676 53%
c - 112.92 54 133 44 220 6157 3 2168847 101906 2.0 20 10 3 9 20% 10573 133871 8676 53%
c i 113.91 54 127 44 220 6217 3 2183144 114815 2.0 20 10 3 9 19% 10575 133871 8675 53%
c - 113.97 54 128 44 221 6227 3 2183679 103086 2.0 20 10 3 9 19% 10569 133871 8675 53%
c i 114.92 54 120 44 221 6284 3 2195419 113312 1.9 20 10 3 9 18% 10583 133871 8674 53%
c - 115.17 54 119 44 222 6317 3 2198547 103174 1.9 20 10 3 9 17% 10569 133871 8674 53%
c i 115.27 54 118 44 222 6340 3 2200741 105185 1.9 20 10 3 9 17% 10574 133871 8673 53%
c - 116.25 54 110 44 223 6414 3 2213448 104931 1.9 19 10 3 9 16% 10565 133871 8673 53%
c } 116.63 54 107 45 223 6485 3 2221262 112120 1.9 19 10 3 9 16% 10565 133871 8673 53%
c [ 116.63 54 133 45 223 6485 1 2221262 112120 2.0 34 17 4 17 21% 10565 133871 8673 53%
c B 116.63 54 133 45 223 6485 1 2221262 112120 2.0 34 17 4 17 21% 10565 133871 8673 53%
c u 116.90 54 136 45 223 6486 1 2223052 112825 2.0 35 17 4 17 22% 10572 133729 8673 53%
c v 117.09 54 136 45 223 6486 1 2223052 112413 2.0 35 17 4 17 22% 10572 133729 8673 53%
c w 117.17 54 136 45 223 6486 1 2223052 112374 2.0 35 17 4 17 22% 10572 133729 8673 53%
c x 117.35 61 136 45 223 6486 1 2223052 112368 2.0 35 17 4 17 22% 10573 133603 8673 53%
c d 117.36 61 136 45 223 6486 1 2223052 112072 2.0 35 17 4 17 22% 10571 133603 8672 53%
c
c seconds     switched     rate            size/glue  tier1     binary          remaining
c         MB    reductions    conflicts          size   tier2       irredundant
c           level     restarts       redundant      glue    trail          variables
c
c f 117.40 55 136 45 223 6486 1 2223052 112072 2.0 35 17 4 17 22% 10577 133531 8675 53%
c u 117.76 66 136 45 223 6486 1 2223052 110387 2.0 35 17 4 17 22% 10578 133531 8675 53%
c v 118.23 66 136 45 223 6486 1 2223052 109953 2.0 35 17 4 17 22% 10578 133531 8675 53%
c w 118.37 67 136 45 223 6486 1 2223052 109880 2.0 35 17 4 17 22% 10578 133531 8675 53%
c t 118.39 67 136 45 223 6486 1 2223052 109880 2.0 35 17 4 17 22% 10575 133531 8675 53%
c - 118.59 69 141 45 224 6490 1 2228381 102238 2.0 36 18 4 17 23% 10575 133531 8675 53%
c - 119.02 66 164 45 225 6498 1 2243347 99757 2.0 39 19 4 17 27% 10575 133531 8675 53%
c - 119.58 68 183 45 226 6502 1 2258347 98752 2.1 39 19 4 17 30% 10575 133531 8675 53%
c - 120.04 69 195 45 227 6511 1 2273381 99365 2.1 41 20 4 17 33% 10577 133531 8675 53%
c - 120.53 64 206 45 228 6515 1 2288448 99365 2.1 42 20 4 17 36% 10578 133531 8675 53%
c - 121.15 65 212 45 229 6515 1 2303548 99168 2.1 47 23 4 17 38% 10578 133531 8675 53%
c - 121.66 68 220 45 230 6524 1 2318681 99316 2.1 47 22 4 17 39% 10580 133531 8675 53%
c - 122.22 69 233 45 231 6530 1 2333846 100566 2.1 49 24 4 17 40% 10581 133531 8675 53%
c - 122.81 65 242 45 232 6537 1 2349045 99668 2.1 51 24 4 17 42% 10581 133531 8675 53%
c o 123.42 66 249 45 232 6545 1 2362667 112910 2.1 53 25 4 17 43% 10581 133531 8675 53%
c - 123.54 68 251 45 233 6545 1 2364276 99514 2.1 54 26 4 18 44% 10581 133531 8675 53%
c u 123.84 70 253 45 233 6545 1 2367505 102108 2.0 56 28 4 18 45% 10581 133531 8675 53%
c v 123.94 70 253 45 233 6545 1 2367505 101979 2.0 56 28 4 18 45% 10581 133531 8675 53%
c w 124.00 70 253 45 233 6545 1 2367505 101967 2.0 56 28 4 18 45% 10581 133531 8675 53%
c x 124.09 61 253 45 233 6545 1 2367505 101965 2.0 56 28 4 18 45% 10582 133477 8675 53%
c
c seconds     switched     rate            size/glue  tier1     binary          remaining
c         MB    reductions    conflicts          size   tier2       irredundant
c           level     restarts       redundant      glue    trail          variables
c
c t 124.10 61 253 45 233 6545 1 2367505 101965 2.0 56 28 4 18 45% 10580 133477 8675 53%
c f 124.12 55 253 45 233 6545 1 2367505 101965 2.0 56 28 4 18 45% 10581 133453 8676 53%
c u 124.22 64 253 45 233 6545 1 2367505 101371 2.0 56 28 4 18 45% 10582 133453 8676 53%
c v 124.32 66 253 45 233 6545 1 2367505 101199 2.0 56 28 4 18 45% 10582 133453 8676 53%
c w 124.37 69 253 45 233 6545 1 2367505 101159 2.0 56 28 4 18 45% 10582 133453 8676 53%
c x 124.44 61 253 45 233 6545 1 2367505 101154 2.0 56 28 4 18 45% 10583 133390 8676 53%
c W 124.63 54 253 45 233 6545 1 2369451 103023 1.9 58 31 4 18 45% 10583 133390 8676 53%
c - 125.05 54 254 45 234 6546 1 2379543 93623 1.9 62 34 4 18 46% 10583 133390 8676 53%
c - 125.66 54 253 45 235 6547 1 2394840 90007 1.9 63 34 4 18 47% 10583 133390 8676 53%
c - 126.15 54 253 45 236 6547 1 2410170 94483 1.9 63 33 4 18 50% 10583 133390 8676 53%
c - 126.83 54 255 45 237 6551 1 2425532 95539 2.0 65 33 4 19 51% 10583 133390 8676 53%
c - 127.42 54 244 45 238 6560 1 2440931 96715 2.0 61 31 4 19 49% 10584 133390 8676 53%
c ] 128.73 54 214 46 238 6564 1 2455273 106684 2.0 56 29 4 19 43% 10585 133390 8676 53%
c { 128.73 54 107 46 238 6564 3 2455273 106684 1.9 19 10 3 9 16% 10585 133390 8676 53%
c - 128.86 54 106 46 239 6576 3 2456358 96633 1.9 19 10 3 9 15% 10585 133390 8676 53%
c - 129.48 54 95 46 240 6618 3 2471819 99051 1.9 19 10 3 9 14% 10585 133390 8676 53%
c s 130.11 54 92 46 240 6705 3 2484131 110147 1.9 19 10 3 9 14% 10586 133345 8676 53%
c e 130.12 58 92 46 240 6705 3 2484131 110147 1.9 19 10 3 9 14% 10582 133361 8673 53%
c - 130.30 67 91 46 241 6738 3 2487310 102544 1.9 19 10 3 9 13% 10582 133361 8673 53%
c - 130.95 68 91 46 242 6798 3 2502835 103934 1.9 19 10 3 9 14% 10582 133361 8673 53%
c
c seconds    switched     rate            size/glue  tier1    binary          remaining
c         MB   reductions    conflicts          size   tier2      irredundant
c          level     restarts       redundant      glue   trail          variables
c
c i 131.32 66 92 46 242 6846 3 2508937 109346 1.9 19 10 3 9 14% 10587 133360 8672 53%
c u 131.90 69 91 46 242 6892 3 2516952 115500 1.9 19 10 3 9 14% 10593 133336 8672 53%
c v 132.04 69 91 46 242 6892 3 2516952 115216 1.9 19 10 3 9 14% 10593 133336 8672 53%
c w 132.10 70 91 46 242 6892 3 2516952 115196 1.9 19 10 3 9 14% 10593 133336 8672 53%
c x 132.22 65 91 46 242 6892 3 2516952 115196 1.9 19 10 3 9 14% 10595 133322 8672 53%
c t 133.13 67 91 46 242 6892 3 2516952 115196 1.9 19 10 3 9 14% 10594 133322 8672 53%
c - 133.34 69 92 46 243 6914 3 2518391 104147 1.9 19 10 3 9 14% 10590 133322 8672 53%
c i 134.48 66 93 46 243 6973 3 2532607 116932 2.0 19 10 3 9 14% 10591 133322 8671 53%
c - 134.57 67 93 46 244 6987 3 2533980 104675 1.9 19 10 3 9 14% 10585 133322 8671 53%
c - 135.46 69 94 46 245 7085 3 2549601 106169 2.0 19 10 3 9 14% 10586 133322 8671 53%
c i 135.96 63 91 46 245 7085 3 2554945 109991 2.0 19 10 3 9 14% 10600 133322 8670 53%
c - 136.46 68 88 46 246 7149 3 2565253 105264 2.0 19 10 3 9 13% 10585 133322 8670 53%
c } 136.96 66 86 47 246 7220 3 2573317 112734 1.9 19 10 3 9 13% 10585 133322 8670 53%
c [ 136.96 66 214 47 246 7220 1 2573317 112734 2.0 56 29 4 19 43% 10585 133322 8670 53%
c O 136.96 66 214 47 246 7220 1 2573317 112734 2.0 56 29 4 19 43% 10585 133322 8670 53%
c - 137.23 67 201 47 247 7225 1 2580937 105414 2.0 53 27 4 18 40% 10585 133322 8670 53%
c - 138.12 68 175 47 248 7233 1 2596653 106489 1.9 49 25 4 18 35% 10586 133322 8670 53%
c o 138.95 64 154 47 248 7239 1 2611925 117756 1.9 45 23 4 18 31% 10586 133322 8670 53%
c - 138.98 66 153 47 249 7239 1 2612404 105976 1.9 44 23 4 18 31% 10586 133322 8670 53%
c - 139.80 68 136 47 250 7248 1 2628183 107494 1.9 41 22 4 18 27% 10586 133322 8670 53%
c
c seconds     switched     rate            size/glue  tier1     binary          remaining
c         MB    reductions    conflicts          size   tier2       irredundant
c           level     restarts       redundant      glue    trail          variables
c
c - 140.32 69 119 47 251 7250 1 2643994 107210 1.9 38 21 4 18 24% 10587 133322 8670 53%
c - 140.67 62 105 47 252 7253 1 2659836 109112 1.9 36 19 4 18 21% 10587 133322 8670 53%
c b 141.02 54 96 47 252 7260 1 2671446 119043 1.9 34 19 4 18 19% 10592 133259 8668 53%
c u 141.23 54 96 47 252 7260 1 2671446 116348 1.9 34 19 4 18 19% 10593 133259 8668 53%
c v 141.44 54 96 47 252 7260 1 2671446 115261 1.9 34 19 4 18 19% 10593 133259 8668 53%
c w 141.56 72 96 47 252 7260 1 2671446 112876 1.9 34 19 4 18 19% 10593 133259 8668 53%
c d 141.57 72 96 47 252 7260 1 2671446 112805 1.9 34 19 4 18 19% 10595 133225 8667 53%
c f 141.60 55 96 47 252 7260 1 2671446 112805 1.9 34 19 4 18 19% 10596 133207 8668 53%
c u 141.79 68 96 47 252 7260 1 2671446 107419 1.9 34 19 4 18 19% 10597 133207 8668 53%
c v 141.95 68 96 47 252 7260 1 2671446 106363 1.9 34 19 4 18 19% 10597 133207 8668 53%
c w 142.04 70 96 47 252 7260 1 2671446 105325 1.9 34 19 4 18 19% 10597 133207 8668 53%
c x 142.22 72 96 47 252 7260 1 2671446 105325 1.9 34 19 4 18 19% 10597 133201 8667 53%
c t 142.23 72 96 47 252 7260 1 2671446 105101 1.9 34 19 4 18 19% 10601 133192 8667 53%
c i 142.24 72 96 47 252 7260 1 2671446 105101 1.9 34 19 4 18 19% 10601 133192 8667 53%
c - 142.36 66 97 47 253 7263 1 2675712 97900 1.9 34 18 4 18 19% 10586 133192 8667 53%
c - 142.80 68 89 47 254 7267 1 2691618 99772 1.8 32 17 4 18 18% 10588 133192 8667 53%
c - 143.57 69 79 47 255 7276 1 2707555 97315 1.8 30 17 4 18 16% 10588 133192 8667 53%
c - 144.48 64 71 47 256 7280 1 2723523 94277 1.7 28 16 4 18 14% 10588 133192 8667 53%
c i 144.52 64 71 47 256 7281 1 2724096 94570 1.7 28 16 4 18 14% 10591 133192 8666 53%
c ] 144.59 65 69 48 256 7281 1 2728000 98190 1.8 28 16 4 18 14% 10591 133192 8666 53%
c
c seconds    switched     rate           size/glue  tier1    binary          remaining
c         MB   reductions    conflicts         size   tier2      irredundant
c          level     restarts       redundant     glue   trail          variables
c
c { 144.59 65 86 48 256 7281 3 2728000 98190 1.9 19 10 3 9 13% 10591 133192 8666 53%
c - 145.30 68 81 48 257 7369 3 2739523 96742 1.9 18 10 3 9 12% 10593 133192 8666 53%
c - 146.40 69 75 48 258 7493 3 2755555 99201 1.9 18 10 3 9 11% 10595 133192 8666 53%
c i 146.85 67 74 48 258 7540 3 2761055 104082 1.9 18 10 3 9 11% 10598 133192 8665 53%
c - 147.56 69 70 48 259 7598 3 2771618 102056 1.9 17 9 3 9 10% 10594 133192 8665 53%
c - 148.54 69 66 48 260 7766 2 2787711 104903 1.8 17 10 3 9 9% 10599 133192 8665 53%
c i 149.15 68 64 48 260 7893 2 2797810 114176 1.8 17 10 3 9 9% 10606 133192 8664 53%
c - 149.50 69 62 48 261 7964 2 2803835 106333 1.8 18 10 3 9 9% 10603 133192 8664 53%
c - 150.53 69 59 48 262 8074 2 2819990 108200 1.8 17 10 3 9 8% 10604 133192 8664 53%
c d 151.23 69 57 48 262 8168 2 2830983 117668 1.8 17 10 3 9 8% 10612 133087 8661 53%
c d 151.24 69 57 48 262 8168 2 2830983 117627 1.8 17 10 3 9 8% 10608 133072 8659 53%
c u 151.54 63 57 48 262 8168 2 2830983 115811 1.8 17 10 3 9 8% 10609 133072 8659 53%
c v 151.85 64 57 48 262 8168 2 2830983 114980 1.8 17 10 3 9 8% 10609 133072 8659 53%
c w 151.97 67 57 48 262 8168 2 2830983 114835 1.8 17 10 3 9 8% 10609 133072 8659 53%
c t 151.98 67 57 48 262 8168 2 2830983 114835 1.8 17 10 3 9 8% 10606 133072 8659 53%
c u 152.29 67 57 48 262 8168 2 2830983 113526 1.8 17 10 3 9 8% 10607 133072 8659 53%
c v 152.62 68 57 48 262 8168 2 2830983 112851 1.8 17 10 3 9 8% 10607 133072 8659 53%
c w 152.74 68 57 48 262 8168 2 2830983 112679 1.8 17 10 3 9 8% 10607 133072 8659 53%
c i 153.03 67 56 48 262 8222 2 2835642 116985 1.8 17 10 3 9 8% 10609 133072 8658 53%
c - 153.07 68 56 48 263 8232 2 2836176 104139 1.8 17 10 3 9 8% 10604 133072 8658 53%
c
c seconds    switched     rate            size/glue  tier1   binary          remaining
c         MB   reductions    conflicts          size   tier2     irredundant
c          level     restarts       redundant      glue  trail          variables
c
c o 153.63 63 54 48 263 8289 2 2844749 111650 1.8 17 10 3 9 8% 10606 133072 8658 53%
c - 154.04 68 53 48 264 8394 2 2852394 105945 1.8 17 10 3 9 7% 10608 133072 8658 53%
c } 154.19 69 53 49 264 8432 2 2855612 108898 1.8 17 10 3 9 7% 10611 133072 8658 53%
c [ 154.19 69 69 49 264 8432 1 2855612 108898 1.8 28 16 4 18 14% 10611 133072 8658 53%
c B 154.19 69 69 49 264 8432 1 2855612 108898 1.8 28 16 4 18 14% 10611 133072 8658 53%
c i 154.35 65 83 49 264 8435 1 2860742 113894 1.7 31 18 4 18 15% 10611 133072 8657 53%
c - 154.60 66 97 49 265 8439 1 2868644 103126 1.7 34 20 4 18 17% 10604 133072 8657 53%
c s 154.89 67 108 49 265 8445 1 2876718 110922 1.8 37 21 4 18 20% 10606 132951 8657 53%
c e 154.90 58 108 49 265 8445 1 2876718 110922 1.8 37 21 4 18 20% 10581 133023 8650 53%
c s 154.90 58 108 49 265 8445 1 2876718 110922 1.8 37 21 4 18 20% 10581 133006 8650 53%
c e 154.91 58 108 49 265 8445 1 2876718 110922 1.8 37 21 4 18 20% 10579 133020 8649 53%
c - 155.23 64 121 49 266 8446 1 2884922 91299 1.8 39 22 4 18 22% 10579 133020 8649 53%
c - 155.81 67 144 49 267 8454 1 2901232 89117 1.8 46 25 4 18 26% 10579 133020 8649 53%
c - 156.26 68 166 49 268 8461 1 2917572 90619 1.9 50 27 4 18 30% 10579 133020 8649 53%
c - 156.81 64 184 49 269 8462 1 2933942 92803 1.9 53 27 4 18 33% 10579 133020 8649 53%
c - 157.33 67 198 49 270 8469 1 2950343 94842 2.0 54 27 4 18 36% 10579 133020 8649 53%
c - 157.93 68 210 49 271 8477 1 2966775 95978 2.0 57 29 4 18 38% 10579 133020 8649 53%
c - 158.47 66 221 49 272 8484 1 2983237 94383 2.0 59 30 4 18 40% 10579 133020 8649 53%
c u 159.16 69 227 49 272 8491 1 2995617 105809 2.0 58 29 4 18 41% 10585 133014 8649 53%
c v 159.29 70 227 49 272 8491 1 2995617 105608 2.0 58 29 4 18 41% 10585 133014 8649 53%
c
c seconds     switched     rate            size/glue  tier1     binary          remaining
c         MB    reductions    conflicts          size   tier2       irredundant
c           level     restarts       redundant      glue    trail          variables
c
c w 159.37 70 227 49 272 8491 1 2995617 105581 2.0 58 29 4 18 41% 10585 133014 8649 53%
c x 159.47 71 227 49 272 8491 1 2995617 105576 2.0 58 29 4 18 41% 10585 132956 8649 53%
c f 159.54 55 227 49 272 8491 1 2995617 105576 2.0 58 29 4 18 41% 10594 132832 8654 53%
c u 159.73 66 227 49 272 8491 1 2995617 104876 2.0 58 29 4 18 41% 10594 132832 8654 53%
c v 159.89 67 227 49 272 8491 1 2995617 104464 2.0 58 29 4 18 41% 10595 132832 8654 53%
c w 159.97 68 227 49 272 8491 1 2995617 104436 2.0 58 29 4 18 41% 10595 132832 8654 53%
c - 160.12 61 227 49 273 8492 1 2999730 94516 2.0 57 29 4 18 41% 10595 132832 8654 53%
c - 160.73 65 243 49 274 8493 1 3016252 93169 2.0 66 32 4 18 45% 10595 132832 8654 53%
c W 161.07 54 246 49 274 8494 1 3025706 102476 2.0 70 34 4 19 45% 10595 132832 8654 53%
c - 161.49 54 246 49 275 8494 1 3032804 91495 2.0 68 34 4 19 45% 10595 132832 8654 53%
c - 162.67 54 244 49 276 8494 1 3049387 89667 1.9 69 36 4 19 43% 10595 132832 8654 53%
c - 163.20 54 227 49 277 8501 1 3066000 94147 1.9 63 33 4 19 40% 10596 132832 8654 53%
c - 163.79 54 197 49 278 8509 1 3082645 100531 1.9 57 30 4 19 35% 10596 132832 8654 53%
c - 164.38 54 171 49 279 8516 1 3099319 100631 1.9 52 28 4 18 30% 10597 132832 8654 53%
c - 165.11 54 158 49 280 8524 1 3116023 102465 1.9 48 25 4 18 27% 10597 132832 8654 53%
c o 165.21 54 164 49 280 8525 1 3120521 106792 1.9 47 25 4 18 27% 10597 132832 8654 53%
c - 165.44 54 152 49 281 8525 1 3132756 106375 1.9 44 23 4 18 25% 10597 132832 8654 53%
c ] 166.11 54 139 50 281 8532 1 3145866 118324 1.9 42 22 4 18 23% 10598 132832 8654 53%
c { 166.11 54 53 50 281 8532 2 3145866 118324 1.8 17 10 3 9 7% 10598 132832 8654 53%
c i 166.14 54 53 50 281 8533 2 3146397 118592 1.8 17 10 3 9 7% 10603 132832 8653 53%
c
c seconds    switched     rate            size/glue  tier1   binary          remaining
c         MB   reductions    conflicts          size   tier2     irredundant
c          level     restarts       redundant      glue  trail          variables
c
c i 166.23 54 52 50 281 8534 2 3147885 119346 1.7 17 10 3 9 7% 10610 132832 8652 53%
c - 166.30 54 52 50 282 8552 2 3149519 104280 1.7 17 10 3 9 7% 10598 132832 8652 53%
c i 166.31 54 52 50 282 8553 2 3149759 104452 1.7 17 10 3 9 7% 10600 132832 8651 53%
c i 166.53 54 52 50 282 8561 2 3153325 106786 1.7 17 10 3 9 7% 10607 132832 8650 53%
c i 166.60 54 52 50 282 8564 2 3154515 107655 1.7 17 10 3 9 7% 10616 132832 8649 53%
c i 167.21 54 52 50 282 8583 2 3163752 114546 1.7 16 9 3 9 7% 10625 132832 8648 53%
c u 167.55 62 52 50 282 8586 2 3165368 112379 1.7 16 9 3 9 7% 10642 132563 8648 53%
c v 167.79 64 52 50 282 8586 2 3165368 111896 1.7 16 9 3 9 7% 10643 132563 8648 53%
c w 167.89 65 52 50 282 8586 2 3165368 111767 1.7 16 9 3 9 7% 10643 132563 8648 53%
c d 167.90 65 52 50 282 8586 2 3165368 111733 1.7 16 9 3 9 7% 10641 132539 8647 53%
c t 167.91 65 52 50 282 8586 2 3165368 111733 1.7 16 9 3 9 7% 10640 132539 8647 53%
c f 167.93 55 52 50 282 8586 2 3165368 111733 1.7 16 9 3 9 7% 10642 132487 8649 53%
c u 168.17 66 52 50 282 8586 2 3165368 111115 1.7 16 9 3 9 7% 10643 132487 8649 53%
c v 168.39 67 52 50 282 8586 2 3165368 110558 1.7 16 9 3 9 7% 10643 132487 8649 53%
c w 168.47 68 52 50 282 8586 2 3165368 110431 1.7 16 9 3 9 7% 10643 132487 8649 53%
c - 168.56 69 52 50 283 8586 2 3166311 95760 1.7 16 9 3 9 7% 10612 132487 8649 53%
c i 168.65 64 52 50 283 8587 2 3167435 96508 1.7 16 9 3 9 7% 10620 132487 8648 53%
c i 168.73 65 52 50 283 8590 2 3168928 97487 1.7 16 9 3 9 7% 10629 132487 8647 53%
c i 169.02 67 54 50 283 8590 2 3172921 100260 1.7 16 9 3 9 7% 10637 132487 8646 53%
c i 169.24 68 53 50 283 8622 2 3177129 103410 1.7 16 9 3 9 7% 10644 132487 8645 53%
c
c seconds    switched     rate            size/glue tier1   binary          remaining
c         MB   reductions    conflicts          size  tier2     irredundant
c          level     restarts       redundant     glue  trail          variables
c
c i 169.26 68 53 50 283 8622 2 3177401 103522 1.7 16 9 3 9 7% 10649 132487 8644 53%
c i 169.26 68 53 50 283 8622 2 3177405 103525 1.7 16 9 3 9 7% 10649 132487 8643 53%
c i 169.38 68 53 50 283 8622 2 3179549 104808 1.7 16 9 3 9 7% 10655 132486 8642 53%
c - 169.64 69 53 50 284 8627 2 3183134 90155 1.7 15 9 3 9 6% 10606 132486 8642 53%
c i 169.69 61 52 50 284 8627 2 3183824 90400 1.7 15 9 3 9 6% 10611 132486 8641 53%
c i 169.98 65 52 50 284 8627 2 3187467 92940 1.7 15 9 3 9 6% 10615 132485 8640 53%
c i 170.38 66 51 50 284 8627 2 3192551 96444 1.7 15 9 3 9 6% 10622 132485 8639 52%
c i 170.40 66 51 50 284 8629 2 3192936 96746 1.7 15 9 3 9 6% 10626 132485 8638 52%
c i 170.59 68 50 50 284 8683 2 3197257 100611 1.7 15 9 3 9 6% 10628 132485 8637 52%
c - 170.75 68 50 50 285 8701 2 3199988 88876 1.7 15 9 3 9 6% 10599 132485 8637 52%
c i 170.87 64 50 50 285 8702 2 3202088 90065 1.7 15 9 3 9 6% 10608 132485 8636 52%
c i 170.90 64 50 50 285 8702 2 3202372 90232 1.7 15 9 3 9 6% 10614 132485 8635 52%
c i 171.17 66 50 50 285 8729 2 3207234 94170 1.7 15 9 3 9 6% 10623 132485 8634 52%
c i 171.22 66 50 50 285 8734 2 3208171 94912 1.7 15 9 3 9 6% 10630 132485 8633 52%
c i 171.22 66 50 50 285 8735 2 3208294 95024 1.7 15 9 3 9 6% 10630 132485 8632 52%
c i 171.23 66 50 50 285 8735 2 3208341 95045 1.7 15 9 3 9 6% 10633 132485 8630 52%
c i 171.23 66 50 50 285 8736 2 3208449 95131 1.7 15 9 3 9 6% 10635 132485 8629 52%
c i 171.32 67 50 50 285 8747 2 3210305 96642 1.7 15 9 3 9 6% 10645 132485 8628 52%
c i 171.33 67 50 50 285 8747 2 3210340 96651 1.7 15 9 3 9 6% 10647 132485 8627 52%
c i 171.34 67 50 50 285 8751 2 3210579 96876 1.7 15 9 3 9 6% 10648 132485 8626 52%
c
c seconds    switched     rate           size/glue tier1   binary          remaining
c         MB   reductions    conflicts         size  tier2     irredundant
c          level     restarts       redundant    glue  trail          variables
c
c i 171.36 67 50 50 285 8760 2 3211164 97356 1.7 15 9 3 9 6% 10657 132485 8624 52%
c i 171.38 67 50 50 285 8767 2 3211616 97769 1.7 15 9 3 9 6% 10658 132485 8623 52%
c i 171.42 67 50 50 285 8785 2 3212907 98840 1.7 15 9 3 9 6% 10664 132485 8622 52%
c i 171.43 67 50 50 285 8789 2 3213144 99040 1.7 15 9 3 9 6% 10668 132485 8620 52%
c i 171.43 67 50 50 285 8791 2 3213241 99123 1.7 15 9 3 9 6% 10671 132485 8618 52%
c i 171.44 67 50 50 285 8794 2 3213422 99291 1.7 15 9 3 9 6% 10671 132485 8616 52%
c i 171.70 68 50 50 285 8821 2 3216839 102103 1.7 15 9 3 9 6% 10675 132485 8615 52%
c i 171.70 68 50 50 285 8821 2 3216864 102106 1.7 15 9 3 9 6% 10679 132485 8613 52%
c - 171.72 68 50 50 286 8821 2 3216869 89029 1.7 15 9 3 9 6% 10566 132485 8613 52%
c i 171.82 65 50 50 286 8862 2 3219736 91612 1.7 15 9 3 9 6% 10569 132485 8611 52%
c i 171.96 66 50 50 286 8869 2 3222248 93595 1.7 15 9 3 9 6% 10580 132485 8610 52%
c i 172.02 67 50 50 286 8874 2 3223101 94216 1.7 15 9 3 9 6% 10581 132485 8609 52%
c i 172.13 67 49 50 286 8876 2 3224595 95073 1.7 15 9 3 9 6% 10587 132485 8608 52%
c i 172.33 67 51 50 286 8881 2 3227890 97193 1.7 15 9 3 9 6% 10594 132485 8607 52%
c i 172.36 68 51 50 286 8881 2 3228253 97388 1.7 15 9 3 9 6% 10598 132485 8606 52%
c i 172.38 68 51 50 286 8888 2 3228678 97764 1.7 15 9 3 9 6% 10601 132485 8604 52%
c - 172.69 68 50 50 287 8909 2 3233782 89994 1.7 15 9 3 9 6% 10564 132485 8604 52%
c i 173.04 66 50 50 287 8935 2 3239927 94468 1.7 14 9 3 9 6% 10571 132485 8603 52%
c i 173.07 66 50 50 287 8935 2 3240347 94677 1.6 14 9 3 9 6% 10576 132485 8602 52%
c i 173.11 67 49 50 287 8959 2 3241761 95968 1.6 14 9 3 9 6% 10578 132485 8600 52%
c
c seconds    switched     rate           size/glue tier1   binary          remaining
c         MB   reductions    conflicts         size  tier2     irredundant
c          level     restarts       redundant    glue  trail          variables
c
c i 173.24 67 49 50 287 8959 2 3244343 97531 1.6 14 9 3 9 5% 10584 132485 8599 52%
c i 173.28 67 49 50 287 8982 2 3245918 98880 1.6 14 9 3 9 5% 10596 132483 8597 52%
c i 173.29 67 49 50 287 8983 2 3245970 98919 1.6 14 9 3 9 5% 10599 132482 8595 52%
c i 173.35 67 49 50 287 8986 2 3247297 99781 1.6 14 9 3 9 5% 10607 132482 8594 52%
c i 173.49 68 49 50 287 9014 2 3250306 102216 1.6 14 9 3 9 5% 10614 132482 8592 52%
c - 173.52 68 49 50 288 9020 2 3250723 79374 1.6 14 9 2 9 5% 10563 132482 8592 52%
c i 173.55 61 49 50 288 9028 2 3251395 79948 1.6 14 9 2 9 5% 10569 132482 8591 52%
c i 173.57 63 49 50 288 9049 2 3252542 81010 1.6 14 9 2 9 5% 10569 132482 8589 52%
c i 173.58 64 49 50 288 9063 2 3253233 81654 1.6 14 9 2 9 5% 10569 132482 8588 52%
c i 173.58 64 49 50 288 9063 2 3253237 81655 1.6 14 9 2 9 5% 10571 132482 8586 52%
c i 173.65 65 49 50 288 9086 2 3255099 83361 1.6 15 9 2 9 5% 10571 132482 8585 52%
c i 173.67 65 49 50 288 9089 2 3255520 83691 1.6 15 9 2 9 5% 10573 132482 8583 52%
c i 174.08 67 47 50 288 9179 2 3263276 90369 1.6 15 9 2 9 5% 10577 132482 8581 52%
c i 174.10 67 47 50 288 9183 2 3263570 90629 1.6 15 9 2 9 5% 10578 132482 8580 52%
c - 174.34 68 47 50 289 9212 2 3267693 78082 1.6 15 9 2 9 5% 10534 132482 8580 52%
c i 174.56 65 47 50 289 9231 2 3272487 81706 1.6 15 9 2 9 5% 10542 132482 8578 52%
c i 174.68 65 47 50 289 9243 2 3275013 83804 1.6 14 9 2 9 5% 10547 132481 8577 52%
c i 174.69 65 47 50 289 9243 2 3275062 83825 1.6 14 9 2 9 5% 10551 132481 8575 52%
c i 174.93 66 48 50 289 9247 2 3280016 87216 1.6 14 9 2 9 5% 10558 132481 8574 52%
c } 175.10 66 47 51 289 9267 2 3283391 90092 1.6 14 9 2 9 5% 10558 132481 8574 52%
c
c seconds     switched     rate           size/glue  tier1     binary          remaining
c         MB    reductions    conflicts         size   tier2       irredundant
c           level     restarts       redundant     glue    trail          variables
c
c [ 175.10 66 139 51 289 9267 1 3283391 90092 1.9 42 22 4 18 23% 10558 132481 8574 52%
c I 175.10 66 139 51 289 9267 1 3283391 90092 1.9 42 22 4 18 23% 10558 132481 8574 52%
c - 175.13 66 137 51 290 9268 1 3284695 77731 1.9 41 21 4 18 23% 10534 132481 8574 52%
c i 175.62 65 152 51 290 9277 1 3300605 93215 1.9 46 24 4 18 25% 10534 132481 8573 52%
c - 175.66 65 154 51 291 9278 1 3301724 76105 1.9 46 24 4 18 26% 10530 132481 8573 52%
c s 175.71 65 158 51 291 9279 1 3304061 78371 1.9 46 24 4 18 26% 10530 130027 8573 52%
c e 175.73 66 158 51 291 9279 1 3304061 78371 1.9 46 24 4 18 26% 10482 130131 8561 52%
c s 175.73 66 158 51 291 9279 1 3304061 78371 1.9 46 24 4 18 26% 10482 130100 8561 52%
c - 176.15 67 168 51 292 9284 1 3318782 63280 1.9 48 25 4 18 29% 10482 130100 8561 52%
c - 176.65 64 185 51 293 9294 1 3335870 65156 1.9 51 26 4 18 32% 10483 130099 8561 52%
c u 176.93 65 188 51 293 9295 1 3340254 67236 1.9 53 27 4 18 33% 10636 129947 8561 52%
c v 177.10 66 188 51 293 9295 1 3340254 65882 1.9 53 27 4 18 33% 10636 129947 8561 52%
c w 177.21 67 188 51 293 9295 1 3340254 65801 1.9 53 27 4 18 33% 10636 129947 8561 52%
c x 177.37 61 188 51 293 9295 1 3340254 65792 1.9 53 27 4 18 33% 10638 129542 8560 52%
c d 177.38 61 188 51 293 9295 1 3340254 65695 1.9 53 27 4 18 33% 10638 129530 8558 52%
c t 177.39 61 188 51 293 9295 1 3340254 65695 1.9 53 27 4 18 33% 10635 129530 8558 52%
c f 177.43 55 188 51 293 9295 1 3340254 65695 1.9 53 27 4 18 33% 10642 129424 8563 52%
c u 177.66 63 188 51 293 9295 1 3340254 61679 1.9 53 27 4 18 33% 10643 129424 8563 52%
c v 177.88 65 188 51 293 9295 1 3340254 57983 1.9 53 27 4 18 33% 10644 129424 8563 52%
c w 178.05 66 188 51 293 9295 1 3340254 57606 1.9 53 27 4 18 33% 10644 129424 8563 52%
c
c seconds     switched     rate           size/glue  tier1     binary          remaining
c         MB    reductions    conflicts         size   tier2       irredundant
c           level     restarts       redundant     glue    trail          variables
c
c = 178.20 67 188 51 293 9295 1 3340254 57606 1.9 53 27 4 18 33% 10646 129424 8562 52%
c d 178.21 67 188 51 293 9295 1 3340254 57566 1.9 53 27 4 18 33% 10642 129424 8562 52%
c i 178.23 67 188 51 293 9295 1 3340254 57566 1.9 53 27 4 18 33% 10642 129424 8562 52%
c - 178.75 63 199 51 294 9297 1 3352987 53878 1.9 58 31 4 19 35% 10633 129424 8562 52%
c - 179.23 64 203 51 295 9300 1 3370133 55986 1.9 56 30 4 19 34% 10633 129424 8562 52%
c o 179.26 64 204 51 295 9302 1 3371215 57028 1.9 56 30 4 19 34% 10633 129424 8562 52%
c - 179.59 67 217 51 296 9311 1 3387308 61179 1.9 54 29 4 19 37% 10633 129424 8562 52%
c - 180.24 64 216 51 297 9317 1 3404512 61423 1.9 56 30 4 19 37% 10634 129424 8562 52%
c - 180.75 65 227 51 298 9326 1 3421749 59597 1.9 59 32 4 19 39% 10635 129424 8562 52%
c - 181.27 66 234 51 299 9328 1 3439011 62132 1.9 57 30 4 19 40% 10635 129424 8562 52%
c - 181.59 62 242 51 300 9329 1 3456303 67541 1.9 54 28 4 19 41% 10635 129424 8562 52%
c B 182.10 63 246 51 300 9329 1 3468726 79815 2.0 63 32 4 19 43% 10635 129424 8562 52%
c - 182.25 64 248 51 301 9329 1 3473623 64456 2.0 63 32 4 19 43% 10635 129424 8562 52%
c - 182.61 66 228 51 302 9336 1 3490972 63411 2.0 56 29 4 19 38% 10635 129424 8562 52%
c - 183.22 64 239 51 303 9344 1 3508350 65706 1.9 60 32 4 19 40% 10636 129423 8562 52%
c u 183.50 54 237 51 303 9348 1 3520222 74009 1.9 57 30 4 19 40% 10640 129423 8562 52%
c v 183.61 54 237 51 303 9348 1 3520222 73280 1.9 57 30 4 19 40% 10640 129423 8562 52%
c w 183.70 54 237 51 303 9348 1 3520222 72761 1.9 57 30 4 19 40% 10640 129423 8562 52%
c x 183.82 54 237 51 303 9348 1 3520222 72761 1.9 57 30 4 19 40% 10641 129417 8561 52%
c t 183.84 54 237 51 303 9348 1 3520222 72702 1.9 57 30 4 19 40% 10643 129404 8561 52%
c
c seconds     switched     rate           size/glue  tier1     binary          remaining
c         MB    reductions    conflicts         size   tier2       irredundant
c           level     restarts       redundant     glue    trail          variables
c
c u 183.98 54 237 51 303 9348 1 3520222 71159 1.9 57 30 4 19 40% 10643 129404 8561 52%
c v 184.08 54 237 51 303 9348 1 3520222 69728 1.9 57 30 4 19 40% 10643 129404 8561 52%
c w 184.14 54 237 51 303 9348 1 3520222 69450 1.9 57 30 4 19 40% 10643 129404 8561 52%
c i 184.15 54 237 51 303 9348 1 3520222 69450 1.9 57 30 4 19 40% 10643 129404 8561 52%
c - 184.26 54 227 51 304 9351 1 3525756 59077 1.9 55 29 4 19 39% 10636 129404 8561 52%
c - 184.78 54 202 51 305 9359 1 3543191 63495 1.9 50 26 4 19 34% 10637 129404 8561 52%
c - 185.20 54 203 51 306 9360 1 3560655 65257 1.9 50 27 4 19 33% 10637 129404 8561 52%
c - 185.87 54 202 51 307 9368 1 3578147 63583 1.9 50 27 4 19 32% 10637 129404 8561 52%
c - 186.48 54 180 51 308 9375 1 3595668 64857 1.9 45 24 4 19 29% 10637 129404 8561 52%
c - 187.06 54 158 51 309 9385 1 3613217 69958 1.9 41 22 4 19 25% 10638 129404 8561 52%
c - 187.83 54 136 51 310 9390 1 3630797 69295 1.8 38 20 4 19 22% 10638 129404 8561 52%
c - 188.40 54 132 51 311 9391 1 3648404 66927 1.8 36 19 4 18 21% 10638 129404 8561 52%
c o 188.40 54 132 51 311 9392 1 3648493 67012 1.8 36 19 4 18 21% 10638 129404 8561 52%
c W 188.64 54 124 51 311 9392 1 3661867 79996 1.9 34 18 4 18 19% 10638 129404 8561 52%
c - 188.76 54 120 51 312 9392 1 3666039 70797 1.9 34 18 4 18 19% 10638 129404 8561 52%
c ] 188.91 54 115 52 312 9392 1 3671098 74733 1.8 33 18 4 18 18% 10638 129404 8561 52%
c { 188.91 54 47 52 312 9392 2 3671098 74733 1.6 14 9 2 9 5% 10638 129404 8561 52%
c - 189.50 54 48 52 313 9479 2 3683702 72029 1.7 15 9 2 9 5% 10640 129404 8561 52%
c i 190.10 54 48 52 313 9587 2 3700195 86887 1.7 15 9 2 9 6% 10645 129404 8560 52%
c - 190.14 54 47 52 314 9591 2 3701393 72455 1.7 15 9 2 9 6% 10640 129404 8560 52%
c
c seconds    switched     rate           size/glue tier1   binary          remaining
c         MB   reductions    conflicts         size  tier2     irredundant
c          level     restarts       redundant    glue  trail          variables
c
c d 190.28 54 47 52 314 9627 2 3705385 76047 1.7 15 9 2 9 6% 10643 129384 8559 52%
c d 190.28 54 47 52 314 9627 2 3705385 76033 1.7 15 9 2 9 6% 10641 129376 8558 52%
c u 190.44 54 47 52 314 9627 2 3705385 75094 1.7 15 9 2 9 6% 10640 129376 8558 52%
c v 190.63 54 47 52 314 9627 2 3705385 74273 1.7 15 9 2 9 6% 10640 129376 8558 52%
c w 190.70 54 47 52 314 9627 2 3705385 74169 1.7 15 9 2 9 6% 10640 129376 8558 52%
c t 190.72 54 47 52 314 9627 2 3705385 74169 1.7 15 9 2 9 6% 10638 129376 8558 52%
c u 190.85 54 47 52 314 9627 2 3705385 74028 1.7 15 9 2 9 6% 10638 129376 8558 52%
c v 190.98 54 47 52 314 9627 2 3705385 73538 1.7 15 9 2 9 6% 10638 129376 8558 52%
c w 191.03 54 47 52 314 9627 2 3705385 73474 1.7 15 9 2 9 6% 10638 129376 8558 52%
c x 191.17 70 47 52 314 9627 2 3705385 73474 1.7 15 9 2 9 6% 10638 129373 8558 52%
c - 191.80 67 48 52 315 9742 2 3719113 72428 1.7 15 9 2 9 6% 10639 129373 8558 52%
c - 192.96 67 47 52 316 9908 2 3736861 75129 1.8 15 9 2 9 6% 10639 129373 8558 52%
c - 193.70 61 48 52 317 10084 2 3754637 77403 1.8 16 9 2 9 7% 10641 129373 8558 52%
c s 194.17 67 48 52 317 10167 2 3766853 88602 1.8 16 9 2 9 7% 10642 129367 8558 52%
c e 194.18 58 48 52 317 10167 2 3766853 88602 1.8 16 9 2 9 7% 10633 129402 8552 52%
c s 194.18 58 48 52 317 10167 2 3766853 88602 1.8 16 9 2 9 7% 10633 129399 8552 52%
c - 194.49 66 48 52 318 10210 2 3772441 72330 1.8 16 9 2 9 7% 10633 129399 8552 52%
c - 195.22 67 47 52 319 10316 2 3790274 75079 1.8 16 9 2 9 7% 10635 129399 8552 52%
c - 195.89 67 47 52 320 10452 2 3808134 77635 1.8 16 9 2 9 7% 10636 129399 8552 52%
c } 196.30 60 46 53 320 10552 2 3818886 87495 1.9 17 9 2 9 7% 10638 129399 8552 52%
c
c seconds     switched      rate           size/glue  tier1     binary          remaining
c         MB    reductions     conflicts         size   tier2       irredundant
c           level     restarts        redundant     glue    trail          variables
c
c [ 196.30 60 115 53 320 10552 1 3818886 87495 1.8 33 18 4 18 18% 10638 129399 8552 52%
c - 196.70 62 109 53 321 10557 1 3826022 76541 1.8 32 18 4 18 17% 10639 129399 8552 52%
c - 197.71 65 103 53 322 10565 1 3843939 70318 1.8 31 17 4 18 16% 10639 129399 8552 52%
c - 198.13 63 106 53 323 10573 1 3861884 70028 1.8 32 18 4 18 16% 10639 129399 8552 52%
c O 198.15 63 107 53 323 10573 1 3862936 71052 1.8 32 18 4 18 16% 10639 129399 8552 52%
c - 198.75 66 95 53 324 10581 1 3879856 73737 1.8 30 17 4 18 15% 10643 129399 8552 52%
c d 199.28 67 88 53 324 10582 1 3895765 87210 1.8 29 16 4 18 14% 10635 129399 8548 52%
c u 199.49 67 88 53 324 10582 1 3895765 85155 1.8 29 16 4 18 14% 10636 129399 8548 52%
c v 199.73 68 88 53 324 10582 1 3895765 84223 1.8 29 16 4 18 14% 10636 129399 8548 52%
c w 199.84 70 88 53 324 10582 1 3895765 84006 1.8 29 16 4 18 14% 10636 129399 8548 52%
c f 200.96 55 88 53 324 10582 1 3895765 84006 1.8 29 16 4 18 14% 10644 129296 8552 52%
c - 201.01 62 86 53 325 10582 1 3897857 71647 1.8 28 16 4 18 14% 10644 129296 8552 52%
c - 201.36 65 105 53 326 10590 1 3915884 67854 1.8 32 18 4 18 15% 10644 129296 8552 52%
c o 201.43 66 108 53 326 10593 1 3919419 71203 1.7 32 19 4 18 15% 10644 129296 8552 52%
c - 202.07 61 97 53 327 10597 1 3933940 63299 1.7 31 18 4 18 14% 10644 129296 8552 52%
c - 202.94 63 85 53 328 10607 1 3952024 63145 1.7 29 17 3 18 12% 10644 129296 8552 52%
c - 203.55 66 91 53 329 10613 1 3970134 66655 1.7 31 18 3 18 14% 10644 129296 8552 52%
c - 203.74 60 105 53 330 10614 1 3988272 64960 1.6 33 20 4 18 15% 10644 129296 8552 52%
c - 203.96 62 106 53 331 10614 1 4006438 63671 1.6 32 20 4 18 14% 10644 129296 8552 52%
c - 204.27 65 107 53 332 10617 1 4024632 68227 1.6 32 19 4 18 14% 10644 129296 8552 52%
c
c seconds     switched      rate           size/glue  tier1     binary          remaining
c         MB    reductions     conflicts         size   tier2       irredundant
c           level     restarts        redundant     glue    trail          variables
c
c - 204.50 66 112 53 333 10627 2 4042852 68943 1.6 32 20 4 19 14% 10644 129296 8552 52%
c ] 204.55 67 112 54 333 10628 2 4045754 71549 1.6 32 20 4 19 14% 10644 129296 8552 52%
c { 204.55 67 46 54 333 10628 2 4045754 71549 1.9 17 9 2 9 7% 10644 129296 8552 52%
c - 205.04 67 49 54 334 10674 2 4061100 70158 1.9 17 9 2 9 8% 10644 129296 8552 52%
c - 205.43 65 50 54 335 10695 2 4079376 75419 2.0 17 9 2 9 9% 10644 129296 8552 52%
c u 205.97 60 51 54 335 10764 2 4091388 85067 2.0 17 9 2 9 10% 10646 129296 8552 52%
c v 206.15 62 51 54 335 10764 2 4091388 84725 2.0 17 9 2 9 10% 10646 129296 8552 52%
c w 206.22 63 51 54 335 10764 2 4091388 84698 2.0 17 9 2 9 10% 10646 129296 8552 52%
c - 206.45 67 51 54 336 10797 2 4097680 76219 2.0 17 9 2 9 10% 10646 129296 8552 52%
c - 206.92 66 51 54 337 10869 2 4116011 76830 2.1 17 8 2 9 10% 10646 129296 8552 52%
c - 207.57 66 54 54 338 10960 2 4134368 79080 2.1 17 8 3 9 11% 10647 129296 8552 52%
c - 208.04 68 56 54 339 11044 2 4152753 81765 2.1 18 8 3 9 11% 10647 129296 8552 52%
c - 208.54 67 56 54 340 11137 2 4171166 83500 2.2 18 8 3 9 11% 10647 129296 8552 52%
c - 209.10 67 57 54 341 11225 2 4189605 84594 2.2 18 8 3 9 12% 10649 129296 8552 52%
c o 209.46 66 56 54 341 11289 2 4199794 94290 2.2 18 8 3 9 12% 10649 129296 8552 52%
c } 209.62 67 57 55 341 11322 2 4204148 98386 2.2 18 8 3 9 12% 10649 129296 8552 52%
c [ 209.62 67 112 55 341 11322 2 4204148 98386 1.6 32 20 4 19 14% 10649 129296 8552 52%
c B 209.62 67 112 55 341 11322 2 4204148 98386 1.6 32 20 4 19 14% 10649 129296 8552 52%
c - 209.72 68 112 55 342 11324 2 4208072 85527 1.6 31 20 4 19 14% 10649 129296 8552 52%
c - 210.10 64 102 55 343 11335 2 4226565 85449 1.6 30 18 4 19 13% 10649 129296 8552 52%
c
c seconds     switched      rate           size/glue  tier1     binary          remaining
c         MB    reductions     conflicts         size   tier2       irredundant
c           level     restarts        redundant     glue    trail          variables
c
c - 210.54 66 103 55 344 11342 1 4245086 84023 1.7 29 17 4 18 13% 10649 129296 8552 52%
c - 211.22 64 89 55 345 11351 1 4263634 84556 1.7 27 16 4 18 12% 10649 129296 8552 52%
c s 211.26 64 88 55 345 11351 1 4266143 86994 1.7 27 16 4 18 12% 10649 129268 8552 52%
c e 211.26 58 88 55 345 11351 1 4266143 86994 1.7 27 16 4 18 12% 10646 129268 8550 52%
c s 211.27 58 88 55 345 11351 1 4266143 86994 1.7 27 16 4 18 12% 10646 129207 8550 52%
c e 211.27 58 88 55 345 11351 1 4266143 86994 1.7 27 16 4 18 12% 10644 129223 8549 52%
c - 211.93 65 78 55 346 11352 1 4282210 83275 1.7 26 15 4 18 11% 10644 129223 8549 52%
c u 212.50 67 72 55 346 11356 1 4292281 89339 1.7 26 15 4 18 10% 10645 129223 8549 52%
c v 212.71 68 72 55 346 11356 1 4292281 88726 1.7 26 15 4 18 10% 10645 129223 8549 52%
c w 212.79 70 72 55 346 11356 1 4292281 88260 1.7 26 15 4 18 10% 10645 129223 8549 52%
c f 212.84 55 72 55 346 11356 1 4292281 88260 1.7 26 15 4 18 10% 10652 129137 8552 52%
c u 213.00 65 72 55 346 11356 1 4292281 87118 1.7 26 15 4 18 10% 10652 129137 8552 52%
c v 213.14 66 72 55 346 11356 1 4292281 86727 1.7 26 15 4 18 10% 10652 129137 8552 52%
c w 213.21 67 72 55 346 11356 1 4292281 86511 1.7 26 15 4 18 10% 10652 129137 8552 52%
c x 213.33 62 72 55 346 11356 1 4292281 86504 1.7 26 15 4 18 10% 10655 129051 8552 52%
c f 213.36 55 72 55 346 11356 1 4292281 86504 1.7 26 15 4 18 10% 10657 129032 8553 52%
c - 213.66 65 73 55 347 11360 1 4300811 78012 1.7 25 15 4 18 10% 10657 129032 8553 52%
c - 214.17 68 77 55 348 11367 1 4319438 81742 1.8 27 15 4 18 11% 10657 129032 8553 52%
c i 214.64 66 110 55 348 11377 1 4336543 98381 1.8 33 19 4 18 17% 10657 129032 8552 52%
c - 214.70 66 112 55 349 11378 1 4338092 78810 1.8 34 19 4 18 17% 10646 129032 8552 52%
c
c seconds     switched      rate           size/glue  tier1     binary          remaining
c         MB    reductions     conflicts         size   tier2       irredundant
c           level     restarts        redundant     glue    trail          variables
c
c - 215.19 67 138 55 350 11383 1 4356773 73631 1.8 39 21 4 18 21% 10646 129032 8552 52%
c ] 215.76 63 157 56 350 11384 1 4373135 89745 2.0 51 26 4 18 26% 10646 129032 8552 52%
c { 215.76 63 57 56 350 11384 2 4373135 89745 2.2 18 8 3 9 12% 10646 129032 8552 52%
c - 215.88 65 56 56 351 11398 2 4375482 70828 2.2 18 8 3 9 11% 10646 129032 8552 52%
c i 216.45 65 55 56 351 11650 2 4392406 86215 2.1 18 8 3 9 11% 10653 129032 8551 52%
c - 216.55 65 54 56 352 11662 2 4394216 74436 2.1 18 8 3 9 10% 10645 129032 8551 52%
c - 217.38 67 52 56 353 11947 2 4412978 82355 2.0 18 9 3 9 10% 10645 129032 8551 52%
c - 218.45 68 50 56 354 12169 2 4431767 87661 1.9 18 9 3 9 9% 10647 129032 8551 52%
c - 219.54 68 47 56 355 12418 2 4450582 91334 1.9 18 9 3 9 8% 10652 129032 8551 52%
c - 220.51 64 46 56 356 12646 2 4469424 93634 1.9 18 10 3 9 8% 10654 129032 8551 52%
c - 221.49 68 46 56 357 12907 2 4488292 95129 1.8 18 10 3 9 8% 10655 129032 8551 52%
c o 221.63 65 46 56 357 12915 2 4490990 97567 1.8 18 10 3 9 7% 10655 129032 8551 52%
c d 222.02 68 45 56 357 12982 2 4498462 104110 1.8 18 10 3 9 7% 10661 128995 8550 52%
c d 222.03 68 45 56 357 12982 2 4498462 104095 1.8 18 10 3 9 7% 10659 128987 8549 52%
c u 222.26 69 45 56 357 12982 2 4498462 101712 1.8 18 10 3 9 7% 10659 128987 8549 52%
c v 222.49 70 45 56 357 12982 2 4498462 100270 1.8 18 10 3 9 7% 10659 128987 8549 52%
c w 222.60 71 45 56 357 12982 2 4498462 99785 1.8 18 10 3 9 7% 10659 128987 8549 52%
c t 222.62 71 45 56 357 12982 2 4498462 99785 1.8 18 10 3 9 7% 10658 128987 8549 52%
c u 222.81 61 45 56 357 12982 2 4498462 98793 1.8 18 10 3 9 7% 10660 128987 8549 52%
c v 222.97 64 45 56 357 12982 2 4498462 97634 1.8 18 10 3 9 7% 10660 128987 8549 52%
c
c seconds    switched      rate           size/glue  tier1   binary          remaining
c         MB   reductions     conflicts         size   tier2     irredundant
c          level     restarts        redundant     glue  trail          variables
c
c w 223.05 65 45 56 357 12982 2 4498462 97305 1.8 18 10 3 9 7% 10660 128987 8549 52%
c x 223.20 68 45 56 357 12982 2 4498462 97297 1.8 18 10 3 9 7% 10662 128882 8549 52%
c i 223.28 62 46 56 357 13000 2 4499664 98387 1.8 18 10 3 9 7% 10667 128882 8548 52%
c - 223.63 68 46 56 358 13058 2 4507189 90270 1.8 18 10 3 9 7% 10657 128882 8548 52%
c - 224.40 67 45 56 359 13252 2 4526110 92441 1.8 18 10 3 9 7% 10657 128882 8548 52%
c } 224.83 65 45 57 359 13345 2 4542477 107718 1.8 18 10 3 9 8% 10657 128882 8548 52%
c [ 224.83 65 157 57 359 13345 1 4542477 107718 2.0 51 26 4 18 26% 10657 128882 8548 52%
c W 224.88 54 157 57 359 13345 1 4542477 107718 2.0 51 26 4 18 26% 10657 128869 8548 52%
c - 224.95 54 160 57 360 13347 1 4545058 93919 2.0 52 26 4 18 27% 10657 128869 8548 52%
c - 225.40 54 182 57 361 13358 1 4564031 89670 1.9 53 27 4 19 30% 10659 128869 8548 52%
c - 225.97 54 198 57 362 13365 1 4583031 81008 1.9 59 31 4 19 33% 10659 128869 8548 52%
c - 226.58 54 216 57 363 13374 1 4602058 78783 1.9 64 33 4 19 36% 10659 128869 8548 52%
c - 227.25 56 220 57 364 13375 1 4621111 75147 1.9 77 40 4 19 39% 10659 128869 8548 52%
c - 227.78 56 224 57 365 13385 1 4640190 74412 1.9 77 40 3 19 40% 10659 128869 8548 52%
c - 228.35 56 235 57 366 13392 1 4659296 78094 1.9 81 42 3 19 42% 10660 128869 8548 52%
c - 229.02 56 246 57 367 13403 1 4678428 76931 1.9 84 45 3 19 44% 10660 128869 8548 52%
c - 229.62 56 250 57 368 13406 1 4697585 76712 1.9 85 45 3 19 45% 10662 128869 8548 52%
c u 230.21 56 255 57 368 13407 1 4709959 87632 1.9 88 47 3 19 45% 10666 128865 8548 52%
c v 230.37 56 255 57 368 13407 1 4709959 86592 1.9 88 47 3 19 45% 10666 128865 8548 52%
c w 230.49 75 255 57 368 13407 1 4709959 86534 1.9 88 47 3 19 45% 10666 128865 8548 52%
c
c seconds     switched      rate           size/glue  tier1     binary          remaining
c         MB    reductions     conflicts         size   tier2       irredundant
c           level     restarts        redundant     glue    trail          variables
c
c f 231.19 57 255 57 368 13407 1 4709959 86534 1.9 88 47 3 19 45% 10668 128822 8549 52%
c u 231.37 56 255 57 368 13407 1 4709959 85501 1.9 88 47 3 19 45% 10669 128822 8549 52%
c v 231.53 56 255 57 368 13407 1 4709959 84684 1.9 88 47 3 19 45% 10669 128822 8549 52%
c w 231.64 56 255 57 368 13407 1 4709959 84657 1.9 88 47 3 19 45% 10669 128822 8549 52%
c - 231.94 56 259 57 369 13407 1 4716768 71549 1.9 94 50 3 19 46% 10669 128822 8549 52%
c - 232.83 60 270 57 370 13407 1 4735978 67895 2.0 112 57 3 20 48% 10669 128822 8549 52%
c - 233.44 60 278 57 371 13417 1 4755213 68515 2.0 113 57 3 20 50% 10669 128822 8549 52%
c I 233.74 60 278 57 371 13422 1 4768043 80749 2.0 107 55 3 20 49% 10669 128822 8549 52%
c - 233.98 60 278 57 372 13424 1 4774474 75411 2.0 105 53 3 20 49% 10669 128822 8549 52%
c - 234.85 60 270 57 373 13435 1 4793761 82328 2.0 97 49 3 20 48% 10670 128822 8549 52%
c o 234.86 60 270 57 373 13436 1 4793825 82392 2.0 97 49 3 20 48% 10670 128822 8549 52%
c s 234.99 60 250 57 373 13437 1 4802839 91099 2.0 90 45 3 20 44% 10670 128810 8549 52%
c e 235.00 60 250 57 373 13437 1 4802839 91099 2.0 90 45 3 20 44% 10667 128828 8548 52%
c - 235.21 60 230 57 374 13438 1 4813076 89515 2.0 84 42 3 20 41% 10667 128828 8548 52%
c - 235.65 60 218 57 375 13445 1 4832416 94003 2.0 75 38 3 20 37% 10667 128828 8548 52%
c - 236.15 60 207 57 376 13453 1 4851781 93562 2.0 69 35 3 20 33% 10668 128828 8548 52%
c - 236.84 60 175 57 377 13463 1 4871171 90641 2.0 61 31 3 20 28% 10668 128828 8548 52%
c - 237.39 60 155 57 378 13469 1 4890589 93046 2.0 54 28 3 20 25% 10668 128828 8548 52%
c - 238.11 60 132 57 379 13470 1 4910033 94335 1.9 48 25 3 20 22% 10670 128828 8548 52%
c ] 238.20 60 129 58 379 13470 1 4912089 95903 1.9 48 25 3 20 21% 10670 128828 8548 52%
c
c seconds    switched      rate           size/glue  tier1   binary          remaining
c         MB   reductions     conflicts         size   tier2     irredundant
c          level     restarts        redundant     glue  trail          variables
c
c { 238.20 60 45 58 379 13470 2 4912089 95903 1.8 18 10 3 9 8% 10670 128828 8548 52%
c d 238.98 60 44 58 379 13559 2 4926772 108731 1.8 18 10 3 9 7% 10668 128828 8547 52%
c u 239.10 60 44 58 379 13559 2 4926772 107466 1.8 18 10 3 9 7% 10671 128828 8547 52%
c v 239.23 60 44 58 379 13559 2 4926772 106428 1.8 18 10 3 9 7% 10671 128828 8547 52%
c w 239.30 77 44 58 379 13559 2 4926772 105347 1.8 18 10 3 9 7% 10671 128828 8547 52%
c x 239.42 80 44 58 379 13559 2 4926772 105347 1.8 18 10 3 9 7% 10671 128826 8547 52%
c t 239.44 80 44 58 379 13559 2 4926772 105347 1.8 18 10 3 9 7% 10669 128826 8547 52%
c f 239.45 61 44 58 379 13559 2 4926772 105347 1.8 18 10 3 9 7% 10674 128802 8548 52%
c - 239.63 65 44 58 380 13576 2 4929500 92781 1.8 18 10 3 9 7% 10675 128802 8548 52%
c - 240.75 73 43 58 381 13694 2 4948993 95770 1.8 18 10 3 9 7% 10678 128802 8548 52%
c - 241.65 72 42 58 382 13828 2 4968512 99054 1.9 18 10 3 9 7% 10679 128802 8548 52%
c - 242.51 70 43 58 383 13977 2 4988056 101452 1.9 18 10 3 10 7% 10681 128802 8548 52%
c - 243.29 75 41 58 384 14080 2 5007627 102524 1.9 18 10 3 10 7% 10682 128802 8548 52%
c - 244.14 73 41 58 385 14277 2 5027222 104349 1.9 18 10 3 10 7% 10683 128802 8548 52%
c - 245.05 73 42 58 386 14485 2 5046844 105325 1.8 19 10 3 10 7% 10684 128802 8548 52%
c - 245.93 75 42 58 387 14642 2 5066490 106621 1.9 19 10 3 10 7% 10685 128802 8548 52%
c i 246.34 74 42 58 387 14725 2 5079464 118873 1.9 19 10 3 10 7% 10686 128802 8547 52%
c - 246.61 75 42 58 388 14785 2 5086162 107598 1.9 19 10 3 10 7% 10677 128802 8547 52%
c } 246.92 73 42 59 388 14840 2 5092718 113689 1.9 19 10 3 10 7% 10678 128802 8547 52%
c [ 246.92 73 129 59 388 14840 1 5092718 113689 1.9 48 25 3 20 21% 10678 128802 8547 52%
c
c seconds     switched      rate            size/glue  tier1     binary          remaining
c         MB    reductions     conflicts          size   tier2       irredundant
c           level     restarts        redundant      glue    trail          variables
c
c B 246.92 73 129 59 388 14840 1 5092718 113689 1.9 48 25 3 20 21% 10678 128802 8547 52%
c o 247.32 69 155 59 388 14847 1 5105053 125753 1.9 50 26 3 20 25% 10678 128802 8547 52%
c - 247.35 70 154 59 389 14847 1 5105859 104499 1.9 50 26 3 20 25% 10678 128802 8547 52%
c - 247.93 74 134 59 390 14854 1 5125583 101721 1.9 45 23 3 19 22% 10679 128802 8547 52%
c - 248.56 74 141 59 391 14867 1 5145331 101716 1.9 44 23 3 19 23% 10679 128802 8547 52%
c d 248.67 74 145 59 391 14868 1 5148955 104727 1.9 44 23 3 19 23% 10672 128784 8542 52%
c u 248.92 69 145 59 391 14868 1 5148955 101905 1.9 44 23 3 19 23% 10679 128784 8542 52%
c v 249.22 72 145 59 391 14868 1 5148955 100347 1.9 44 23 3 19 23% 10679 128784 8542 52%
c w 249.36 72 145 59 391 14868 1 5148955 99783 1.9 44 23 3 19 23% 10679 128784 8542 52%
c d 249.37 72 145 59 391 14868 1 5148955 99413 1.9 44 23 3 19 23% 10673 128784 8539 52%
c t 249.38 72 145 59 391 14868 1 5148955 99413 1.9 44 23 3 19 23% 10669 128784 8539 52%
c u 249.64 68 145 59 391 14868 1 5148955 93526 1.9 44 23 3 19 23% 10677 128784 8539 52%
c v 249.94 72 145 59 391 14868 1 5148955 92236 1.9 44 23 3 19 23% 10677 128784 8539 52%
c w 250.06 72 145 59 391 14868 1 5148955 91559 1.9 44 23 3 19 23% 10677 128784 8539 52%
c d 250.07 72 145 59 391 14868 1 5148955 91437 1.9 44 23 3 19 23% 10675 128784 8538 52%
c t 250.08 72 145 59 391 14868 1 5148955 91437 1.9 44 23 3 19 23% 10673 128784 8538 52%
c f 250.09 61 145 59 391 14868 1 5148955 91437 1.9 44 23 3 19 23% 10675 128760 8539 52%
c - 250.40 72 132 59 392 14870 1 5165107 90749 1.9 41 21 3 19 22% 10675 128760 8539 52%
c - 250.73 74 120 59 393 14877 1 5184907 94420 2.0 38 19 4 19 20% 10675 128760 8539 52%
c - 251.38 72 115 59 394 14885 1 5204731 94911 2.0 35 18 4 19 19% 10675 128760 8539 52%
c
c seconds     switched      rate           size/glue  tier1     binary          remaining
c         MB    reductions     conflicts         size   tier2       irredundant
c           level     restarts        redundant     glue    trail          variables
c
c - 251.82 74 118 59 395 14895 1 5224581 95245 2.0 33 17 4 19 19% 10675 128760 8539 52%
c - 252.17 70 106 59 396 14901 1 5244455 97222 2.0 31 16 4 19 18% 10675 128760 8539 52%
c - 252.52 73 106 59 397 14902 1 5264355 98867 2.1 30 15 4 19 19% 10675 128760 8539 52%
c - 252.85 74 97 59 398 14902 1 5284279 99676 2.1 29 14 4 19 18% 10675 128760 8539 52%
c - 253.38 70 88 59 399 14911 1 5304228 98949 2.1 28 13 4 19 17% 10675 128760 8539 52%
c - 254.31 72 102 59 400 14918 1 5324203 95433 2.0 31 15 4 19 19% 10675 128760 8539 52%
c W 254.63 60 94 59 400 14924 1 5335199 105552 2.0 30 15 4 19 17% 10675 128760 8539 52%
c - 254.97 60 89 59 401 14930 1 5344203 92287 2.0 30 15 4 19 16% 10675 128760 8539 52%
c - 255.61 60 102 59 402 14933 1 5364228 92566 1.8 34 19 4 19 16% 10675 128760 8539 52%
c u 256.33 60 130 59 402 14936 1 5376508 102687 1.7 41 24 4 19 19% 10676 128760 8539 52%
c v 256.49 60 130 59 402 14936 1 5376508 102044 1.7 41 24 4 19 19% 10676 128760 8539 52%
c w 256.61 60 130 59 402 14936 1 5376508 100439 1.7 41 24 4 19 19% 10676 128760 8539 52%
c t 256.63 60 130 59 402 14936 1 5376508 100439 1.7 41 24 4 19 19% 10673 128760 8539 52%
c s 256.66 60 129 59 402 14937 1 5377720 101581 1.7 40 24 4 19 18% 10674 128664 8539 52%
c e 256.66 60 129 59 402 14937 1 5377720 101581 1.7 40 24 4 19 18% 10664 128676 8531 52%
c s 256.67 60 129 59 402 14937 1 5377720 101581 1.7 40 24 4 19 18% 10664 128521 8531 52%
c e 256.67 60 129 59 402 14937 1 5377720 101581 1.7 40 24 4 19 18% 10658 128575 8528 52%
c - 256.85 60 140 59 403 14940 1 5384278 82651 1.7 41 24 4 19 20% 10658 128575 8528 52%
c - 257.29 60 159 59 404 14948 1 5404353 81713 1.7 42 24 4 19 24% 10659 128575 8528 52%
c - 257.81 60 162 59 405 14960 1 5424454 84636 1.7 42 24 4 19 25% 10659 128575 8528 52%
c
c seconds     switched      rate           size/glue  tier1     binary          remaining
c         MB    reductions     conflicts         size   tier2       irredundant
c           level     restarts        redundant     glue    trail          variables
c
c o 257.85 60 163 59 405 14961 1 5425180 85355 1.7 42 24 4 19 26% 10659 128575 8528 52%
c - 258.18 60 148 59 406 14964 1 5444580 88814 1.7 40 23 4 19 24% 10659 128575 8528 52%
c - 258.76 60 177 59 407 14965 1 5464731 83820 1.6 50 32 4 19 31% 10659 128575 8528 52%
c ] 259.24 60 191 60 407 14965 1 5479899 98414 1.6 52 32 4 19 34% 10660 128575 8528 52%
c { 259.24 60 42 60 407 14965 2 5479899 98414 1.9 19 10 3 10 7% 10660 128575 8528 52%
c - 259.44 60 52 60 408 15053 2 5484905 77291 1.9 20 11 3 10 9% 10661 128575 8528 52%
c - 260.10 60 84 60 409 15298 3 5505104 84132 1.8 22 12 3 10 13% 10663 128575 8528 52%
c i 260.54 60 110 60 409 15400 3 5522556 100750 1.9 22 12 3 10 17% 10664 128575 8527 52%
c - 260.66 60 114 60 410 15446 3 5525327 90296 1.8 23 12 3 10 17% 10654 128575 8527 52%
c i 260.86 60 114 60 410 15473 3 5531184 95821 1.8 23 12 3 10 17% 10654 128575 8526 52%
c - 261.28 60 131 60 411 15612 3 5545576 93275 1.9 24 13 3 10 20% 10645 128575 8526 52%
c - 261.61 60 137 60 412 15622 3 5565849 96150 1.9 24 12 3 10 20% 10645 128575 8526 52%
c - 262.05 60 136 60 413 15622 3 5586147 98912 2.0 24 12 3 10 20% 10645 128575 8526 52%
c - 262.69 60 142 60 414 15766 3 5606469 99034 2.0 24 12 3 10 21% 10646 128575 8526 52%
c d 262.76 60 138 60 414 15766 3 5609455 101719 2.0 24 12 3 10 20% 10652 128545 8525 52%
c u 262.87 60 138 60 414 15766 3 5609455 100330 2.0 24 12 3 10 20% 10652 128545 8525 52%
c v 263.01 77 138 60 414 15766 3 5609455 99992 2.0 24 12 3 10 20% 10652 128545 8525 52%
c w 263.06 77 138 60 414 15766 3 5609455 99793 2.0 24 12 3 10 20% 10652 128545 8525 52%
c x 263.16 78 138 60 414 15766 3 5609455 99793 2.0 24 12 3 10 20% 10652 128492 8525 52%
c t 263.18 78 138 60 414 15766 3 5609455 99793 2.0 24 12 3 10 20% 10651 128492 8525 52%
c
c seconds     switched      rate           size/glue  tier1     binary          remaining
c         MB    reductions     conflicts         size   tier2       irredundant
c           level     restarts        redundant     glue    trail          variables
c
c f 263.19 61 138 60 414 15766 3 5609455 99793 2.0 24 12 3 10 20% 10657 128423 8528 52%
c u 263.35 70 138 60 414 15766 3 5609455 98739 2.0 24 12 3 10 20% 10657 128423 8528 52%
c v 263.52 73 138 60 414 15766 3 5609455 97964 2.0 24 12 3 10 20% 10657 128423 8528 52%
c w 263.59 73 138 60 414 15766 3 5609455 97811 2.0 24 12 3 10 20% 10657 128423 8528 52%
c - 264.57 71 148 60 415 15777 3 5626815 93918 2.1 24 12 3 10 22% 10657 128423 8528 52%
c - 265.35 75 165 60 416 15985 3 5647186 94276 2.0 26 13 3 10 25% 10657 128423 8528 52%
c - 265.99 75 183 60 417 16147 3 5667583 92058 2.0 27 14 3 10 27% 10657 128423 8528 52%
c } 266.16 72 186 61 417 16201 3 5672151 96498 2.0 28 14 3 10 28% 10657 128423 8528 52%
c [ 266.16 72 191 61 417 16201 1 5672151 96498 1.6 52 32 4 19 34% 10657 128423 8528 52%
c O 266.16 72 191 61 417 16201 1 5672151 96498 1.6 52 32 4 19 34% 10657 128423 8528 52%
c - 266.42 74 178 61 418 16210 1 5688003 90319 1.6 48 30 4 19 31% 10657 128423 8528 52%
c - 266.96 72 176 61 419 16218 1 5708448 87037 1.6 46 29 4 19 30% 10657 128423 8528 52%
c - 267.34 74 191 61 420 16229 1 5728917 83500 1.6 48 30 4 20 31% 10657 128423 8528 52%
c - 267.71 69 204 61 421 16231 1 5749412 81725 1.6 50 32 4 20 33% 10657 128423 8528 52%
c o 267.83 69 207 61 421 16232 1 5756050 88051 1.6 53 33 4 20 33% 10657 128423 8528 52%
c - 268.04 72 185 61 422 16240 1 5769931 83090 1.6 49 30 4 20 29% 10657 128423 8528 52%
c - 268.52 70 171 61 423 16247 1 5790474 87082 1.6 46 28 4 20 27% 10657 128423 8528 52%
c - 268.84 72 176 61 424 16260 1 5811040 88520 1.6 44 27 4 20 27% 10657 128423 8528 52%
c - 269.25 74 176 61 425 16262 1 5831632 89869 1.7 42 25 4 20 26% 10657 128423 8528 52%
c u 269.73 72 180 61 425 16263 1 5847808 103386 1.7 40 24 4 20 26% 10658 128423 8528 52%
c
c seconds     switched      rate            size/glue  tier1     binary          remaining
c         MB    reductions     conflicts          size   tier2       irredundant
c           level     restarts        redundant      glue    trail          variables
c
c v 269.88 73 180 61 425 16263 1 5847808 102943 1.7 40 24 4 20 26% 10658 128423 8528 52%
c w 269.95 73 180 61 425 16263 1 5847808 102590 1.7 40 24 4 20 26% 10658 128423 8528 52%
c - 270.10 68 182 61 426 16263 1 5852247 90101 1.7 40 24 4 20 26% 10658 128423 8528 52%
c - 270.54 71 188 61 427 16264 1 5872887 93426 1.7 38 22 4 20 26% 10660 128423 8528 52%
c - 270.90 73 157 61 428 16277 1 5893551 95488 1.7 35 21 4 20 22% 10661 128423 8528 52%
c - 271.39 72 176 61 429 16284 1 5914240 92280 1.7 38 22 4 20 24% 10662 128423 8528 52%
c B 271.79 74 181 61 429 16293 1 5932001 109309 1.7 41 23 4 20 25% 10662 128423 8528 52%
c - 271.84 74 181 61 430 16293 1 5934952 88945 1.8 40 23 4 20 25% 10662 128423 8528 52%
c ] 272.35 70 182 62 430 16294 1 5954159 107683 1.8 49 27 4 20 27% 10662 128423 8528 52%
c { 272.35 70 186 62 430 16294 3 5954159 107683 2.0 28 14 3 10 28% 10662 128423 8528 52%
c - 272.42 71 186 62 431 16302 3 5955689 85409 2.0 28 14 3 10 28% 10662 128423 8528 52%
c - 272.98 71 179 62 432 16360 3 5976449 88319 1.9 27 14 3 10 27% 10662 128423 8528 52%
c s 273.22 73 181 62 432 16366 3 5991620 102713 2.0 26 13 3 10 28% 10662 128417 8528 52%
c e 273.22 64 181 62 432 16366 3 5991620 102713 2.0 26 13 3 10 28% 10662 128447 8526 52%
c s 273.23 64 181 62 432 16366 3 5991620 102713 2.0 26 13 3 10 28% 10662 128440 8526 52%
c - 273.41 71 173 62 433 16370 3 5997233 95347 2.0 26 13 3 10 26% 10663 128440 8526 52%
c - 273.90 67 174 62 434 16425 3 6018042 98984 2.0 26 13 3 10 27% 10663 128440 8526 52%
c - 274.29 69 188 62 435 16425 2 6038874 101319 2.1 25 12 3 10 30% 10663 128440 8526 52%
c - 274.69 70 200 62 436 16425 2 6059730 102955 2.1 25 12 3 10 32% 10663 128440 8526 52%
c - 275.23 71 210 62 437 16425 2 6080611 104527 2.2 25 11 3 10 34% 10663 128440 8526 52%
c
c seconds     switched      rate            size/glue  tier1     binary          remaining
c         MB    reductions     conflicts          size   tier2       irredundant
c           level     restarts        redundant      glue    trail          variables
c
c d 275.48 72 214 62 437 16425 2 6091607 115221 2.2 24 11 3 10 35% 10661 128440 8525 52%
c u 275.62 75 214 62 437 16425 2 6091607 114213 2.2 24 11 3 10 35% 10662 128440 8525 52%
c v 275.79 77 214 62 437 16425 2 6091607 113915 2.2 24 11 3 10 35% 10662 128440 8525 52%
c w 275.92 77 214 62 437 16425 2 6091607 113748 2.2 24 11 3 10 35% 10662 128440 8525 52%
c d 275.94 77 214 62 437 16425 2 6091607 113738 2.2 24 11 3 10 35% 10660 128440 8524 52%
c u 276.11 78 214 62 437 16425 2 6091607 112335 2.2 24 11 3 10 35% 10660 128440 8524 52%
c v 276.28 78 214 62 437 16425 2 6091607 111976 2.2 24 11 3 10 35% 10660 128440 8524 52%
c w 276.35 78 214 62 437 16425 2 6091607 111839 2.2 24 11 3 10 35% 10660 128440 8524 52%
c o 276.60 74 207 62 437 16445 2 6097160 116966 2.2 24 11 3 10 34% 10661 128440 8524 52%
c - 276.70 75 208 62 438 16471 2 6101515 101774 2.2 24 11 3 10 34% 10661 128440 8524 52%
c - 277.49 75 203 62 439 16684 2 6122444 99168 2.1 25 12 3 10 33% 10662 128440 8524 52%
c - 278.36 75 196 62 440 16807 3 6143397 97996 2.0 25 12 3 10 32% 10663 128440 8524 52%
c } 278.76 73 188 63 440 16861 3 6158370 112053 2.0 24 12 3 10 30% 10664 128440 8524 52%
c [ 278.76 73 182 63 440 16861 1 6158370 112053 1.8 49 27 4 20 27% 10664 128440 8524 52%
c - 278.92 74 186 63 441 16865 1 6164374 99434 1.8 49 27 4 20 28% 10664 128440 8524 52%
c - 279.50 71 186 63 442 16875 1 6185374 96887 1.8 48 26 4 20 28% 10664 128440 8524 52%
c W 279.83 60 183 63 442 16882 1 6200702 111036 1.8 45 25 4 20 28% 10664 128440 8524 52%
c - 279.94 60 179 63 443 16885 1 6206398 96430 1.8 44 24 4 20 27% 10664 128440 8524 52%
c - 280.37 60 148 63 444 16891 1 6227445 99521 1.8 39 21 4 20 23% 10664 128440 8524 52%
c - 280.86 60 122 63 445 16897 1 6248516 100071 1.8 35 19 4 20 19% 10664 128440 8524 52%
c
c seconds     switched      rate            size/glue  tier1     binary          remaining
c         MB    reductions     conflicts          size   tier2       irredundant
c           level     restarts        redundant      glue    trail          variables
c
c - 281.42 60 101 63 446 16906 1 6269612 101380 1.8 32 17 4 20 16% 10664 128440 8524 52%
c - 281.97 60 85 63 447 16917 1 6290730 101833 1.8 29 16 4 19 14% 10664 128440 8524 52%
c - 282.56 60 71 63 448 16922 1 6311872 101022 1.9 27 15 4 19 12% 10664 128440 8524 52%
c - 283.12 60 60 63 449 16923 1 6333038 100211 1.9 25 14 4 19 10% 10664 128440 8524 52%
c u 283.46 60 56 63 449 16923 1 6340852 104327 1.9 24 13 4 19 10% 10667 128440 8524 52%
c v 283.62 60 56 63 449 16923 1 6340852 97465 1.9 24 13 4 19 10% 10667 128440 8524 52%
c w 283.68 60 56 63 449 16923 1 6340852 94106 1.9 24 13 4 19 10% 10667 128440 8524 52%
c x 283.78 60 56 63 449 16923 1 6340852 94106 1.9 24 13 4 19 10% 10667 128384 8524 52%
c ] 284.18 60 89 64 449 16923 1 6348503 101577 1.8 33 18 4 19 13% 10667 128384 8524 52%
c { 284.18 60 188 64 449 16923 3 6348503 101577 2.0 24 12 3 10 30% 10667 128384 8524 52%
c - 284.31 60 180 64 450 16943 3 6354228 88084 2.0 24 12 3 10 29% 10668 128384 8524 52%
c - 284.81 60 159 64 451 16981 2 6375442 94692 2.0 23 12 3 10 26% 10672 128384 8524 52%
c - 285.15 60 181 64 452 16987 2 6396679 101976 2.1 23 11 3 10 30% 10672 128384 8524 52%
c - 285.70 60 168 64 453 17127 2 6417939 104869 2.0 23 11 3 10 27% 10672 128384 8524 52%
c - 286.16 60 140 64 454 17159 2 6439222 104795 2.0 22 11 3 10 23% 10672 128384 8524 52%
c o 286.35 60 131 64 454 17186 2 6447250 111972 2.0 22 11 3 10 22% 10672 128384 8524 52%
c - 286.73 60 118 64 455 17209 2 6460531 104732 2.0 22 11 3 10 20% 10672 128384 8524 52%
c - 287.28 60 116 64 456 17312 2 6481861 106480 2.0 21 10 3 10 19% 10673 128384 8524 52%
c - 287.74 60 136 64 457 17388 2 6503215 108809 2.1 21 10 3 10 23% 10673 128384 8524 52%
c - 288.29 60 132 64 458 17492 2 6524592 109586 2.1 21 10 3 10 23% 10673 128384 8524 52%
c
c seconds     switched      rate            size/glue  tier1     binary          remaining
c         MB    reductions     conflicts          size   tier2       irredundant
c           level     restarts        redundant      glue    trail          variables
c
c - 288.95 60 116 64 459 17697 2 6545993 109650 2.0 21 10 3 10 20% 10673 128384 8524 52%
c } 289.45 60 105 65 459 17791 2 6565002 127686 2.0 21 10 3 10 18% 10673 128384 8524 52%
c [ 289.45 60 89 65 459 17791 1 6565002 127686 1.8 33 18 4 19 13% 10673 128384 8524 52%
c I 289.45 60 89 65 459 17791 1 6565002 127686 1.8 33 18 4 19 13% 10673 128384 8524 52%
c - 289.51 60 90 65 460 17793 1 6567417 110008 1.8 32 18 4 19 13% 10673 128384 8524 52%
c - 290.00 60 96 65 461 17804 1 6588865 109269 1.9 33 17 4 19 15% 10673 128384 8524 52%
c d 290.18 60 105 65 461 17805 1 6595590 115814 1.9 33 17 4 19 17% 10671 128384 8523 52%
c u 290.36 60 105 65 461 17805 1 6595590 110877 1.9 33 17 4 19 17% 10678 128384 8523 52%
c v 290.58 60 105 65 461 17805 1 6595590 110518 1.9 33 17 4 19 17% 10678 128384 8523 52%
c w 290.66 60 105 65 461 17805 1 6595590 110409 1.9 33 17 4 19 17% 10678 128384 8523 52%
c d 290.67 60 105 65 461 17805 1 6595590 110404 1.9 33 17 4 19 17% 10676 128384 8522 52%
c t 290.69 60 105 65 461 17805 1 6595590 110404 1.9 33 17 4 19 17% 10675 128384 8522 52%
c u 290.88 60 105 65 461 17805 1 6595590 107154 1.9 33 17 4 19 17% 10675 128384 8522 52%
c v 291.07 60 105 65 461 17805 1 6595590 106661 1.9 33 17 4 19 17% 10675 128384 8522 52%
c w 291.15 60 105 65 461 17805 1 6595590 106399 1.9 33 17 4 19 17% 10675 128384 8522 52%
c - 291.64 60 135 65 462 17812 1 6610335 93585 1.9 41 22 4 19 23% 10675 128384 8522 52%
c - 292.42 60 168 65 463 17821 1 6631831 85528 1.9 53 27 4 19 29% 10675 128384 8522 52%
c s 292.78 60 149 65 463 17821 1 6645329 98227 2.0 49 25 4 19 26% 10676 128367 8522 52%
c s 292.78 60 149 65 463 17821 1 6645329 98227 2.0 49 25 4 19 26% 10676 128365 8522 52%
c - 292.96 60 146 65 464 17826 1 6653348 88631 1.9 47 24 4 19 25% 10676 128365 8522 52%
c
c seconds     switched      rate           size/glue  tier1     binary          remaining
c         MB    reductions     conflicts         size   tier2       irredundant
c           level     restarts        redundant     glue    trail          variables
c
c - 293.47 60 123 65 465 17836 1 6674888 97314 2.0 42 22 4 19 22% 10676 128365 8522 52%
c - 294.19 60 109 65 466 17846 1 6696451 99526 2.0 38 20 4 19 19% 10677 128365 8522 52%
c - 294.82 60 94 65 467 17852 1 6718038 101295 2.0 35 18 4 19 17% 10677 128365 8522 52%
c - 295.35 60 148 65 468 17853 1 6739649 102597 2.0 37 19 4 19 20% 10677 128365 8522 52%
c - 295.81 60 179 65 469 17853 1 6761282 99315 2.0 36 18 4 19 21% 10677 128365 8522 52%
c - 296.25 60 168 65 470 17866 1 6782938 99956 2.0 34 17 4 19 19% 10677 128365 8522 52%
c ] 296.65 60 144 66 470 17874 1 6803590 119164 2.0 31 16 4 19 18% 10677 128365 8522 52%
c { 296.65 60 105 66 470 17874 2 6803590 119164 2.0 21 10 3 10 18% 10677 128365 8522 52%
c - 296.69 60 104 66 471 17893 2 6804618 101812 2.0 21 10 3 10 18% 10677 128365 8522 52%
c i 296.77 60 102 66 471 17934 2 6809038 105280 2.0 21 10 3 10 18% 10684 128364 8521 52%
c o 296.78 60 102 66 471 17934 2 6809038 105280 2.0 21 10 3 10 18% 10684 128364 8521 52%
c i 296.88 60 100 66 471 17955 2 6812333 108101 2.0 20 10 3 10 17% 10691 128364 8520 52%
c i 296.88 60 100 66 471 17955 2 6812376 108112 2.0 20 10 3 10 17% 10696 128364 8519 52%
c i 296.88 60 100 66 471 17955 2 6812379 108110 2.0 20 10 3 10 17% 10697 128364 8517 52%
c i 296.91 60 99 66 471 17977 2 6813897 109460 2.0 20 10 3 10 17% 10702 128364 8516 52%
c i 296.91 60 99 66 471 17977 2 6813911 109462 2.0 20 10 3 10 17% 10705 128364 8514 52%
c i 297.05 60 96 66 471 18038 2 6819208 114209 2.0 20 10 3 10 16% 10712 128364 8513 52%
c i 297.05 60 96 66 471 18038 2 6819237 114221 2.0 20 10 3 10 16% 10716 128364 8511 52%
c i 297.13 60 94 66 471 18039 2 6821496 115728 2.0 20 10 3 10 16% 10722 128364 8510 52%
c - 297.24 60 91 66 472 18114 2 6826321 95850 1.9 20 10 3 10 15% 10653 128364 8510 52%
c
c seconds    switched      rate            size/glue  tier1     binary          remaining
c         MB   reductions     conflicts          size   tier2       irredundant
c          level     restarts        redundant      glue    trail          variables
c
c i 297.73 60 86 66 472 18269 2 6844939 111673 1.9 19 10 3 10 14% 10667 128364 8509 52%
c i 297.73 60 86 66 472 18269 2 6844977 111690 1.9 19 10 3 10 14% 10671 128364 8507 52%
c - 297.82 60 85 66 473 18298 2 6848047 92333 1.9 19 10 3 10 13% 10659 128364 8507 52%
c i 297.83 60 85 66 473 18300 2 6848303 92495 1.9 19 10 3 10 13% 10665 128364 8506 52%
c d 298.02 60 82 66 473 18386 2 6855823 99101 1.9 19 10 3 10 13% 10685 127852 8503 52%
c d 298.03 60 82 66 473 18386 2 6855823 99073 1.9 19 10 3 10 13% 10683 127844 8502 52%
c u 298.20 60 82 66 473 18386 2 6855823 97643 1.9 19 10 3 10 13% 10686 127844 8502 52%
c v 298.39 60 82 66 473 18386 2 6855823 96635 1.9 19 10 3 10 13% 10686 127844 8502 52%
c w 298.46 60 82 66 473 18386 2 6855823 96436 1.9 19 10 3 10 13% 10686 127844 8502 52%
c d 298.47 60 82 66 473 18386 2 6855823 96417 1.9 19 10 3 10 13% 10684 127844 8501 52%
c t 298.48 60 82 66 473 18386 2 6855823 96417 1.9 19 10 3 10 13% 10683 127844 8501 52%
c u 298.67 60 82 66 473 18386 2 6855823 95574 1.9 19 10 3 10 13% 10684 127844 8501 52%
c v 298.86 60 82 66 473 18386 2 6855823 94705 1.9 19 10 3 10 13% 10685 127844 8501 52%
c w 298.93 60 82 66 473 18386 2 6855823 94471 1.9 19 10 3 10 13% 10685 127844 8501 52%
c i 300.09 60 77 66 473 18501 2 6867815 104640 1.8 19 10 3 10 12% 10689 127844 8500 52%
c - 300.15 60 77 66 474 18525 2 6869796 89677 1.8 19 10 3 10 12% 10677 127844 8500 52%
c i 300.24 60 76 66 474 18540 2 6872978 92249 1.8 19 10 3 10 11% 10684 127843 8499 52%
c i 300.25 60 75 66 474 18540 2 6873186 92383 1.8 19 10 3 10 11% 10689 127843 8498 52%
c i 300.35 60 75 66 474 18555 2 6876620 94930 1.8 18 10 3 10 11% 10696 127843 8497 52%
c i 300.36 60 75 66 474 18555 2 6876736 95003 1.8 18 10 3 10 11% 10699 127843 8496 52%
c
c seconds    switched      rate            size/glue  tier1     binary          remaining
c         MB   reductions     conflicts          size   tier2       irredundant
c          level     restarts        redundant      glue    trail          variables
c
c i 300.61 60 72 66 474 18675 2 6886693 103790 1.8 18 10 3 10 11% 10706 127843 8495 52%
c i 300.71 60 71 66 474 18680 2 6889654 105850 1.8 18 10 3 10 10% 10713 127843 8494 52%
c i 300.72 60 71 66 474 18680 2 6889879 105947 1.8 18 10 3 10 10% 10717 127843 8493 52%
c - 300.77 60 71 66 475 18695 2 6891567 89295 1.8 18 10 3 10 10% 10673 127843 8493 52%
c i 301.00 60 69 66 475 18777 2 6900442 97134 1.8 18 10 3 10 10% 10684 127843 8492 52%
c i 301.09 60 68 66 475 18795 2 6903642 99786 1.8 18 10 3 10 10% 10692 127843 8491 52%
c i 301.15 60 67 66 475 18841 2 6906468 102316 1.7 18 10 3 10 9% 10693 127843 8490 52%
c i 301.26 60 67 66 475 18855 2 6909770 105141 1.7 18 10 3 10 9% 10698 127843 8489 52%
c i 301.27 60 67 66 475 18855 2 6909804 105151 1.7 18 10 3 10 9% 10702 127843 8487 52%
c i 301.36 60 66 66 475 18882 2 6912929 107632 1.7 18 10 3 10 9% 10710 127843 8486 52%
c i 301.38 60 66 66 475 18882 2 6913318 107827 1.7 18 10 3 10 9% 10714 127843 8485 52%
c - 301.39 60 66 66 476 18882 2 6913363 90726 1.7 18 10 3 10 9% 10669 127843 8485 52%
c i 301.39 60 66 66 476 18882 2 6913374 90729 1.7 18 10 3 10 9% 10672 127843 8483 52%
c i 301.39 60 66 66 476 18886 2 6913593 90925 1.7 18 10 3 10 9% 10672 127843 8481 52%
c i 301.53 60 64 66 476 18985 2 6920545 97105 1.7 18 10 3 10 9% 10678 127843 8480 52%
c i 301.54 60 64 66 476 18985 2 6920574 97114 1.7 18 10 3 10 9% 10683 127843 8478 52%
c i 301.64 60 62 66 476 19072 2 6926350 102257 1.7 18 10 3 10 8% 10693 127843 8477 52%
c i 301.65 60 62 66 476 19072 2 6926423 102274 1.7 18 10 3 10 8% 10698 127843 8476 52%
c i 301.70 60 62 66 476 19101 2 6928841 104476 1.7 18 10 3 10 8% 10703 127843 8474 51%
c i 301.71 60 62 66 476 19105 2 6929062 104666 1.7 18 10 3 10 8% 10705 127843 8472 51%
c
c seconds    switched      rate            size/glue  tier1    binary          remaining
c         MB   reductions     conflicts          size   tier2      irredundant
c          level     restarts        redundant      glue   trail          variables
c
c i 301.73 60 61 66 476 19123 2 6930370 105812 1.7 18 10 3 10 8% 10711 127843 8470 51%
c i 301.82 60 61 66 476 19138 2 6933531 108140 1.7 18 10 3 10 8% 10716 127843 8469 51%
c - 301.87 60 61 66 477 19159 2 6935181 92480 1.7 18 10 3 10 8% 10644 127843 8469 51%
c i 302.02 60 60 66 477 19205 2 6940936 96905 1.7 18 10 3 10 8% 10653 127843 8468 51%
c i 302.06 60 59 66 477 19237 2 6942780 98586 1.7 18 10 3 10 8% 10653 127843 8467 51%
c i 302.20 60 59 66 477 19299 2 6948523 103725 1.7 18 10 3 10 8% 10660 127843 8466 51%
c i 302.21 60 59 66 477 19301 2 6948869 104001 1.7 18 10 3 10 8% 10663 127843 8465 51%
c - 302.44 60 58 66 478 19378 2 6957021 93000 1.7 17 10 3 10 7% 10632 127843 8465 51%
c i 302.50 60 58 66 478 19400 2 6959420 94934 1.7 17 10 3 10 7% 10639 127843 8464 51%
c i 302.50 60 58 66 478 19400 2 6959621 95026 1.7 17 10 3 10 7% 10644 127843 8463 51%
c i 302.51 60 58 66 478 19400 2 6959650 95043 1.7 17 10 3 10 7% 10647 127843 8461 51%
c i 302.51 60 58 66 478 19402 2 6959777 95151 1.7 17 10 3 10 7% 10651 127843 8459 51%
c i 302.59 60 57 66 478 19468 2 6964459 99519 1.7 17 11 3 10 7% 10653 127843 8458 51%
c i 302.70 60 56 66 478 19504 2 6969175 103349 1.7 17 10 3 10 7% 10661 127843 8457 51%
c i 302.71 60 56 66 478 19504 2 6969509 103516 1.7 17 10 3 10 7% 10667 127843 8456 51%
c i 302.72 60 56 66 478 19504 2 6969660 103591 1.7 17 10 3 10 7% 10673 127843 8455 51%
c i 302.78 60 55 66 478 19554 2 6973000 106661 1.7 17 11 3 10 7% 10675 127843 8453 51%
c - 302.95 60 55 66 479 19615 2 6978884 92602 1.7 17 11 3 10 7% 10613 127843 8453 51%
c i 303.15 60 55 66 479 19637 2 6985168 96952 1.6 17 10 3 10 7% 10623 127843 8452 51%
c - 303.55 60 55 66 480 19818 2 7000775 92821 1.6 17 11 3 10 6% 10621 127843 8452 51%
c
c seconds    switched      rate           size/glue  tier1    binary          remaining
c         MB   reductions     conflicts         size   tier2      irredundant
c          level     restarts        redundant     glue   trail          variables
c
c i 303.56 60 55 66 480 19818 2 7001049 92923 1.6 17 11 3 10 6% 10627 127843 8451 51%
c i 303.57 60 55 66 480 19818 2 7001283 93035 1.6 17 11 3 10 6% 10631 127843 8450 51%
c i 303.57 60 55 66 480 19818 2 7001309 93042 1.6 17 11 3 10 6% 10636 127843 8448 51%
c i 303.97 60 53 66 480 19994 2 7017330 106963 1.6 17 11 3 10 6% 10645 127843 8446 51%
c i 304.03 60 53 66 480 20025 2 7020012 109374 1.6 17 11 3 10 6% 10650 127843 8445 51%
c i 304.04 60 53 66 480 20025 2 7020234 109501 1.6 17 11 3 10 6% 10655 127843 8444 51%
c i 304.04 60 53 66 480 20025 2 7020276 109518 1.6 17 11 3 10 6% 10658 127843 8442 51%
c i 304.05 60 53 66 480 20027 2 7020606 109813 1.6 17 11 3 10 6% 10663 127843 8440 51%
c - 304.10 60 53 66 481 20045 2 7022683 92077 1.6 17 11 3 10 6% 10604 127843 8440 51%
c } 304.31 60 51 67 481 20154 2 7032705 101084 1.6 17 11 3 10 6% 10611 127843 8440 51%
c [ 304.31 60 144 67 481 20154 1 7032705 101084 2.0 31 16 4 19 18% 10611 127843 8440 51%
c B 304.31 60 144 67 481 20154 1 7032705 101084 2.0 31 16 4 19 18% 10611 127843 8440 51%
c - 304.57 60 146 67 482 20160 1 7044615 93109 2.0 34 17 4 19 19% 10611 127843 8440 51%
c - 305.19 60 172 67 483 20169 1 7066570 84397 1.9 46 25 4 19 26% 10611 127843 8440 51%
c - 305.88 60 189 67 484 20182 1 7088547 72474 1.6 61 37 4 19 31% 10611 127843 8440 51%
c - 306.93 60 202 67 485 20184 1 7110547 67385 1.5 82 55 4 20 35% 10611 127843 8440 51%
c d 307.31 60 208 67 485 20190 1 7121554 77969 1.5 88 60 4 20 36% 10700 125596 8433 51%
c d 307.31 60 208 67 485 20190 1 7121554 77923 1.5 88 60 4 20 36% 10696 125571 8431 51%
c u 307.49 60 208 67 485 20190 1 7121554 74810 1.5 88 60 4 20 36% 10709 125571 8430 51%
c v 307.63 60 208 67 485 20190 1 7121554 71867 1.5 88 60 4 20 36% 10711 125571 8430 51%
c
c seconds     switched      rate           size/glue  tier1     binary          remaining
c         MB    reductions     conflicts         size   tier2       irredundant
c           level     restarts        redundant     glue    trail          variables
c
c w 307.93 80 208 67 485 20190 1 7121554 71785 1.5 88 60 4 20 36% 10711 125571 8430 51%
c d 307.94 80 208 67 485 20190 1 7121554 71682 1.5 88 60 4 20 36% 10712 125542 8429 51%
c d 307.95 80 208 67 485 20190 1 7121554 71669 1.5 88 60 4 20 36% 10709 125536 8428 51%
c t 307.95 80 208 67 485 20190 1 7121554 71669 1.5 88 60 4 20 36% 10706 125536 8428 51%
c f 307.97 61 208 67 485 20190 1 7121554 71669 1.5 88 60 4 20 36% 10708 125511 8429 51%
c u 308.13 70 208 67 485 20190 1 7121554 64636 1.5 88 60 4 20 36% 10711 125511 8429 51%
c v 308.22 70 208 67 485 20190 1 7121554 63860 1.5 88 60 4 20 36% 10712 125511 8429 51%
c w 308.41 78 208 67 485 20190 1 7121554 63832 1.5 88 60 4 20 36% 10712 125511 8429 51%
c x 308.56 70 208 67 485 20190 1 7121554 63822 1.5 88 60 4 20 36% 10714 125000 8426 51%
c t 308.57 70 208 67 485 20190 1 7121554 63562 1.5 88 60 4 20 36% 10723 124946 8426 51%
c f 308.59 60 208 67 485 20190 1 7121554 63562 1.5 88 60 4 20 36% 10727 124900 8428 51%
c i 308.60 66 208 67 485 20190 1 7121554 63562 1.5 88 60 4 20 36% 10727 124900 8428 51%
c - 308.93 70 213 67 486 20195 1 7132569 55191 1.4 89 62 4 20 37% 10689 124900 8428 51%
c - 309.74 71 223 67 487 20205 1 7154614 55509 1.4 102 72 4 21 42% 10689 124900 8428 51%
c - 310.39 72 233 67 488 20214 1 7176682 58916 1.4 103 73 4 21 43% 10689 124900 8428 51%
c - 311.25 68 237 67 489 20216 1 7198776 59558 1.4 116 82 4 22 46% 10689 124900 8428 51%
c - 312.27 69 240 67 490 20216 1 7220890 54735 1.4 128 91 4 22 49% 10689 124900 8428 51%
c o 312.75 70 241 67 490 20221 1 7235700 69175 1.4 128 90 4 23 50% 10689 124900 8428 51%
c - 312.84 71 226 67 491 20224 1 7243025 59288 1.4 120 85 4 23 47% 10689 124900 8428 51%
c - 313.17 69 191 67 492 20233 1 7265184 75576 1.4 100 70 4 23 40% 10689 124900 8428 51%
c
c seconds     switched      rate           size/glue  tier1     binary          remaining
c         MB    reductions     conflicts         size   tier2       irredundant
c           level     restarts        redundant     glue    trail          variables
c
c - 313.67 73 197 67 493 20245 1 7287366 83803 1.5 90 61 4 23 40% 10689 124900 8428 51%
c - 314.11 70 223 67 494 20247 1 7309571 84296 1.5 79 52 4 23 42% 10689 124900 8428 51%
c W 314.62 60 231 67 494 20257 1 7328615 102717 1.5 72 47 4 23 42% 10689 124900 8428 51%
c - 314.71 60 227 67 495 20260 1 7331797 85569 1.5 72 47 4 23 42% 10689 124900 8428 51%
c s 314.89 60 225 67 495 20262 1 7339632 93030 1.6 69 45 4 23 41% 10689 124689 8428 51%
c e 314.91 60 225 67 495 20262 1 7339632 93030 1.6 69 45 4 23 41% 10673 124776 8419 51%
c s 314.91 60 225 67 495 20262 1 7339632 93030 1.6 69 45 4 23 41% 10673 124762 8419 51%
c - 315.18 60 197 67 496 20268 1 7354045 85269 1.6 63 40 4 23 36% 10673 124762 8419 51%
c - 315.77 60 211 67 497 20277 1 7376316 82434 1.6 63 40 4 23 38% 10673 124762 8419 51%
c ] 316.20 60 218 68 497 20278 1 7392071 97611 1.6 61 38 4 23 38% 10673 124762 8419 51%
c { 316.20 60 51 68 497 20278 2 7392071 97611 1.6 17 11 3 10 6% 10673 124762 8419 51%
c u 316.39 60 52 68 497 20289 2 7392684 92530 1.6 18 11 3 10 6% 10673 124762 8419 51%
c v 316.56 60 52 68 497 20289 2 7392684 92081 1.6 18 11 3 10 6% 10673 124762 8419 51%
c w 316.67 77 52 68 497 20289 2 7392684 90184 1.6 18 11 3 10 6% 10673 124762 8419 51%
c t 316.69 77 52 68 497 20289 2 7392684 90184 1.6 18 11 3 10 6% 10671 124762 8419 51%
c f 316.70 60 52 68 497 20289 2 7392684 90184 1.6 18 11 3 10 6% 10675 124735 8420 51%
c u 316.84 71 52 68 497 20289 2 7392684 88818 1.6 18 11 3 10 6% 10675 124735 8420 51%
c v 317.00 71 52 68 497 20289 2 7392684 88323 1.6 18 11 3 10 6% 10675 124735 8420 51%
c w 317.08 73 52 68 497 20289 2 7392684 88236 1.6 18 11 3 10 6% 10675 124735 8420 51%
c t 317.09 73 52 68 497 20289 2 7392684 88236 1.6 18 11 3 10 6% 10674 124735 8420 51%
c
c seconds    switched      rate           size/glue  tier1    binary          remaining
c         MB   reductions     conflicts         size   tier2      irredundant
c          level     restarts        redundant     glue   trail          variables
c
c - 317.31 72 57 68 498 20340 2 7398611 74015 1.6 18 11 3 10 7% 10674 124735 8420 51%
c - 317.80 73 77 68 499 20428 2 7420926 80768 1.7 19 11 3 10 10% 10674 124735 8420 51%
c - 318.42 72 104 68 500 20501 2 7443266 85798 1.8 20 11 3 10 16% 10674 124735 8420 51%
c - 318.90 73 117 68 501 20554 2 7465627 88384 1.9 20 11 3 10 18% 10674 124735 8420 51%
c - 319.37 72 119 68 502 20614 2 7488010 90272 1.9 21 11 3 10 18% 10674 124735 8420 51%
c - 319.93 68 103 68 503 20670 2 7510415 90644 1.9 21 11 3 10 16% 10674 124735 8420 51%
c - 320.54 74 109 68 504 20719 2 7532844 91929 2.0 21 10 3 10 17% 10674 124735 8420 51%
c - 320.99 74 137 68 505 20803 2 7555294 93476 2.0 21 11 3 10 20% 10674 124735 8420 51%
c - 321.69 72 139 68 506 20977 3 7577766 92922 2.0 23 11 3 10 20% 10675 124735 8420 51%
c - 322.22 69 141 68 507 21009 2 7600261 93546 2.0 22 11 3 10 20% 10675 124735 8420 51%
c o 322.63 73 125 68 507 21023 2 7616029 107936 2.0 22 11 3 10 18% 10676 124735 8420 51%
c - 322.85 74 120 68 508 21035 2 7622777 94788 2.0 21 11 3 10 18% 10677 124735 8420 51%
c } 323.13 71 109 69 508 21045 2 7634131 105077 2.0 21 10 3 10 16% 10677 124735 8420 51%
c [ 323.13 71 218 69 508 21045 1 7634131 105077 1.6 61 38 4 23 38% 10677 124735 8420 51%
c O 323.13 71 218 69 508 21045 1 7634131 105077 1.6 61 38 4 23 38% 10677 124735 8420 51%
c - 323.28 73 198 69 509 21051 1 7645316 95155 1.6 57 36 4 23 34% 10677 124735 8420 51%
c - 323.68 75 162 69 510 21060 1 7667877 94172 1.6 50 31 4 23 28% 10677 124735 8420 51%
c u 323.84 71 160 69 510 21061 1 7669371 93625 1.6 50 31 4 23 28% 10677 124735 8420 51%
c v 323.96 72 160 69 510 21061 1 7669371 93187 1.6 50 31 4 23 28% 10677 124735 8420 51%
c w 324.03 74 160 69 510 21061 1 7669371 92822 1.6 50 31 4 23 28% 10677 124735 8420 51%
c
c seconds     switched      rate           size/glue  tier1     binary          remaining
c         MB    reductions     conflicts         size   tier2       irredundant
c           level     restarts        redundant     glue    trail          variables
c
c x 324.15 67 160 69 510 21061 1 7669371 92822 1.6 50 31 4 23 28% 10678 124734 8420 51%
c t 324.16 67 160 69 510 21061 1 7669371 92822 1.6 50 31 4 23 28% 10677 124734 8420 51%
c - 324.57 72 134 69 511 21073 1 7690460 89812 1.6 44 27 4 22 23% 10677 124734 8420 51%
c - 324.98 72 110 69 512 21075 1 7713065 87556 1.6 39 24 4 22 19% 10677 124734 8420 51%
c - 325.36 74 92 69 513 21087 1 7735693 87666 1.6 35 22 4 22 16% 10678 124734 8420 51%
c - 325.80 69 78 69 514 21096 1 7758343 88219 1.6 32 20 4 22 14% 10679 124734 8420 51%
c - 326.21 71 67 69 515 21105 1 7781015 90148 1.6 30 18 4 22 12% 10679 124734 8420 51%
c - 326.76 70 97 69 516 21107 1 7803709 84202 1.6 38 24 4 22 15% 10679 124734 8420 51%
c - 327.27 72 117 69 517 21107 1 7826424 77819 1.6 41 26 4 22 17% 10679 124734 8420 51%
c - 327.71 66 131 69 518 21117 1 7849162 80833 1.6 40 25 4 22 18% 10679 124734 8420 51%
c - 328.11 71 139 69 519 21126 1 7871922 86145 1.6 37 23 4 22 19% 10679 124734 8420 51%
c - 328.48 73 147 69 520 21137 1 7894703 86983 1.6 36 22 4 22 20% 10679 124734 8420 51%
c - 328.84 67 131 69 521 21139 1 7917507 86847 1.6 33 21 4 22 18% 10679 124734 8420 51%
c - 329.31 69 108 69 522 21152 1 7940333 88031 1.6 31 19 4 22 15% 10679 124734 8420 51%
c B 329.52 70 100 69 522 21153 1 7948714 94586 1.6 30 18 4 22 14% 10679 124734 8420 51%
c u 329.72 74 108 69 522 21155 1 7951628 96211 1.6 30 18 4 22 15% 10679 124734 8420 51%
c v 329.87 75 108 69 522 21155 1 7951628 95540 1.6 30 18 4 22 15% 10679 124734 8420 51%
c w 329.96 78 108 69 522 21155 1 7951628 93751 1.6 30 18 4 22 15% 10679 124734 8420 51%
c - 330.23 69 125 69 523 21161 1 7963181 83079 1.7 33 20 4 22 18% 10679 124734 8420 51%
c ] 330.24 69 126 70 523 21161 1 7963767 83662 1.7 33 20 4 22 18% 10679 124734 8420 51%
c
c seconds     switched      rate           size/glue  tier1     binary          remaining
c         MB    reductions     conflicts         size   tier2       irredundant
c           level     restarts        redundant     glue    trail          variables
c
c { 330.24 69 109 70 523 21161 2 7963767 83662 2.0 21 10 3 10 16% 10679 124734 8420 51%
c - 330.59 73 116 70 524 21167 2 7986050 86314 2.1 21 10 3 10 19% 10679 124734 8420 51%
c - 331.03 67 120 70 525 21167 2 8008941 91674 2.2 21 10 3 10 22% 10679 124734 8420 51%
c o 331.10 67 118 70 525 21168 2 8011987 94655 2.2 21 10 3 10 22% 10679 124734 8420 51%
c - 331.44 74 109 70 526 21191 2 8031853 95538 2.2 21 9 3 10 21% 10679 124734 8420 51%
c - 331.82 72 90 70 527 21199 2 8054788 93212 2.2 20 9 3 10 17% 10679 124734 8420 51%
c s 332.23 73 85 70 527 21246 2 8074847 112596 2.2 20 9 3 10 18% 10681 124726 8420 51%
c e 332.24 64 85 70 527 21246 2 8074847 112596 2.2 20 9 3 10 18% 10677 124748 8417 51%
c 2 332.24 64 85 70 527 21246 2 8074847 112596 2.2 20 9 3 10 18% 10676 124748 8417 51%
c s 332.25 64 85 70 527 21246 2 8074847 112596 2.2 20 9 3 10 18% 10676 124744 8417 51%
c - 332.35 72 84 70 528 21255 2 8077744 94325 2.2 20 9 3 10 18% 10676 124744 8417 51%
c - 332.74 75 75 70 529 21277 2 8100722 95887 2.3 20 9 3 10 17% 10676 124744 8417 51%
c - 333.28 75 71 70 530 21343 2 8123722 96677 2.3 20 8 3 10 17% 10676 124744 8417 51%
c - 333.82 75 68 70 531 21422 2 8146743 97355 2.3 19 8 3 10 16% 10676 124744 8417 51%
c - 334.41 75 62 70 532 21507 2 8169786 97839 2.3 19 8 3 10 15% 10676 124744 8417 51%
c - 334.97 75 73 70 533 21590 2 8192852 98668 2.4 20 8 3 10 15% 10676 124744 8417 51%
c - 335.67 73 78 70 534 21751 2 8215939 99834 2.4 19 8 3 10 15% 10676 124744 8417 51%
c } 335.75 74 80 71 534 21771 2 8219094 102827 2.4 19 8 3 10 15% 10676 124744 8417 51%
c [ 335.75 74 126 71 534 21771 1 8219094 102827 1.7 33 20 4 22 18% 10676 124744 8417 51%
c - 336.30 72 147 71 535 21783 1 8239047 96043 1.7 37 21 4 22 22% 10676 124744 8417 51%
c
c seconds     switched      rate           size/glue  tier1     binary          remaining
c         MB    reductions     conflicts         size   tier2       irredundant
c           level     restarts        redundant     glue    trail          variables
c
c u 336.48 74 147 71 535 21783 1 8239450 93294 1.7 37 21 4 22 23% 10678 124744 8417 51%
c v 336.66 75 147 71 535 21783 1 8239450 92283 1.7 37 21 4 22 23% 10678 124744 8417 51%
c w 336.73 75 147 71 535 21783 1 8239450 92179 1.7 37 21 4 22 23% 10678 124744 8417 51%
c t 336.75 75 147 71 535 21783 1 8239450 92179 1.7 37 21 4 22 23% 10677 124744 8417 51%
c f 336.76 60 147 71 535 21783 1 8239450 92179 1.7 37 21 4 22 23% 10681 124700 8419 51%
c u 336.92 71 147 71 535 21783 1 8239450 89090 1.7 37 21 4 22 23% 10686 124700 8419 51%
c v 337.10 72 147 71 535 21783 1 8239450 88088 1.7 37 21 4 22 23% 10686 124700 8419 51%
c w 337.18 73 147 71 535 21783 1 8239450 87870 1.7 37 21 4 22 23% 10686 124700 8419 51%
c t 337.19 73 147 71 535 21783 1 8239450 87870 1.7 37 21 4 22 23% 10684 124700 8419 51%
c - 337.92 71 167 71 536 21792 1 8262178 80867 1.8 42 23 4 22 27% 10684 124700 8419 51%
c W 338.27 60 170 71 536 21799 1 8272792 91254 1.8 42 23 4 22 28% 10684 124700 8419 51%
c - 338.63 60 180 71 537 21801 1 8285331 76975 1.8 46 25 4 22 30% 10684 124700 8419 51%
c - 339.64 61 196 71 538 21807 1 8308504 69140 1.9 69 37 4 23 35% 10684 124700 8419 51%
c - 340.41 61 210 71 539 21816 1 8331698 62210 1.8 78 43 4 23 38% 10684 124700 8419 51%
c - 340.85 61 199 71 540 21829 1 8354915 71635 1.8 69 38 4 23 36% 10684 124700 8419 51%
c - 341.37 61 202 71 541 21832 1 8378152 79693 1.8 65 36 4 23 35% 10684 124700 8419 51%
c - 341.93 61 213 71 542 21833 1 8401412 80110 1.9 65 35 4 23 36% 10684 124700 8419 51%
c o 342.35 61 220 71 542 21834 1 8416858 95169 1.9 69 36 4 23 37% 10684 124700 8419 51%
c - 342.48 61 206 71 543 21839 1 8424694 79972 1.9 65 34 4 23 35% 10684 124700 8419 51%
c - 342.89 61 176 71 544 21848 1 8447997 85108 1.9 56 29 4 23 31% 10684 124700 8419 51%
c
c seconds     switched      rate            size/glue  tier1     binary          remaining
c         MB    reductions     conflicts          size   tier2       irredundant
c           level     restarts        redundant      glue    trail          variables
c
c ] 343.29 61 148 72 544 21861 1 8468492 102676 1.9 49 25 4 23 26% 10684 124700 8419 51%
c { 343.29 61 80 72 544 21861 2 8468492 102676 2.4 19 8 3 10 15% 10684 124700 8419 51%
c - 343.40 61 78 72 545 21892 2 8471321 89178 2.4 19 8 3 10 15% 10684 124700 8419 51%
c - 344.25 61 79 72 546 22127 2 8494667 91918 2.2 19 9 3 10 15% 10684 124700 8419 51%
c - 345.24 61 76 72 547 22305 2 8518033 93814 2.2 20 9 3 10 14% 10685 124700 8419 51%
c u 345.87 61 72 72 547 22380 2 8532887 103262 2.2 20 9 3 10 13% 10690 124700 8419 51%
c v 346.04 61 72 72 547 22380 2 8532887 101419 2.2 20 9 3 10 13% 10690 124700 8419 51%
c w 346.10 61 72 72 547 22380 2 8532887 101020 2.2 20 9 3 10 13% 10690 124700 8419 51%
c x 346.22 61 72 72 547 22380 2 8532887 101017 2.2 20 9 3 10 13% 10690 124241 8419 51%
c d 347.12 78 72 72 547 22380 2 8532887 101007 2.2 20 9 3 10 13% 10686 124241 8417 51%
c u 347.33 78 72 72 547 22380 2 8532887 99037 2.2 20 9 3 10 13% 10686 124241 8417 51%
c v 347.56 78 72 72 547 22380 2 8532887 96376 2.2 20 9 3 10 13% 10686 124241 8417 51%
c w 347.64 78 72 72 547 22380 2 8532887 95486 2.2 20 9 3 10 13% 10686 124241 8417 51%
c - 348.17 68 71 72 548 22439 2 8541423 85824 2.1 19 9 3 10 13% 10686 124241 8417 51%
c - 348.89 73 67 72 549 22578 2 8564833 89762 2.1 19 9 3 10 12% 10686 124241 8417 51%
c - 349.64 75 64 72 550 22654 2 8588263 93147 2.1 19 9 3 10 11% 10686 124241 8417 51%
c - 350.27 71 61 72 551 22754 2 8611715 95772 2.1 20 10 3 10 11% 10686 124241 8417 51%
c - 351.07 75 57 72 552 22818 2 8635189 96709 2.1 20 9 3 10 11% 10686 124241 8417 51%
c - 352.00 76 63 72 553 22936 2 8658683 98263 2.1 20 9 3 10 12% 10687 124241 8417 51%
c - 352.64 75 58 72 554 22981 2 8682198 99088 2.1 20 9 3 10 11% 10687 124241 8417 51%
c
c seconds    switched      rate            size/glue tier1     binary          remaining
c         MB   reductions     conflicts          size  tier2       irredundant
c          level     restarts        redundant     glue    trail          variables
c
c - 353.47 74 55 72 555 23041 2 8705735 100163 2.2 20 9 3 10 11% 10687 124241 8417 51%
c - 354.40 69 50 72 556 23140 2 8729294 99892 2.2 20 9 3 10 10% 10687 124241 8417 51%
c } 354.63 70 47 73 556 23146 2 8737410 106878 2.2 19 9 3 10 10% 10687 124241 8417 51%
c [ 354.63 70 148 73 556 23146 1 8737410 106878 1.9 49 25 4 23 26% 10687 124241 8417 51%
c I 354.63 70 148 73 556 23146 1 8737410 106878 1.9 49 25 4 23 26% 10687 124241 8417 51%
c - 355.06 76 181 73 557 23155 1 8752873 97104 1.9 48 25 4 23 30% 10687 124241 8417 51%
c - 356.01 75 205 73 558 23165 1 8776473 90797 1.9 51 26 4 23 33% 10687 124241 8417 51%
c - 356.84 72 218 73 559 23175 1 8800095 81371 2.0 65 32 4 23 38% 10687 124241 8417 51%
c - 357.32 74 226 73 560 23179 1 8823739 80623 2.1 62 30 4 23 39% 10687 124241 8417 51%
c o 357.45 69 228 73 560 23183 1 8828077 84870 2.0 62 30 4 23 39% 10687 124241 8417 51%
c u 357.74 61 230 73 560 23183 1 8831922 85322 2.1 64 30 4 23 41% 10687 124241 8417 51%
c v 357.95 61 230 73 560 23183 1 8831922 83830 2.1 64 30 4 23 41% 10687 124241 8417 51%
c w 358.04 61 230 73 560 23183 1 8831922 83637 2.1 64 30 4 23 41% 10687 124241 8417 51%
c x 358.23 61 230 73 560 23183 1 8831922 83637 2.1 64 30 4 23 41% 10687 124236 8417 51%
c - 358.80 61 235 73 561 23191 1 8847404 78962 2.1 68 33 4 23 42% 10687 124236 8417 51%
c s 359.02 61 235 73 561 23191 1 8852091 83603 2.1 74 35 4 23 43% 10687 124234 8417 51%
c e 359.03 61 235 73 561 23191 1 8852091 83603 2.1 74 35 4 23 43% 10684 124244 8416 51%
c - 359.56 61 234 73 562 23203 1 8871089 78892 2.1 69 33 4 23 42% 10684 124244 8416 51%
c - 360.31 61 254 73 563 23207 1 8894795 78005 2.0 75 37 4 23 45% 10684 124244 8416 51%
c - 361.18 61 275 73 564 23208 1 8918522 71442 2.1 92 45 4 24 48% 10684 124244 8416 51%
c
c seconds     switched      rate           size/glue   tier1     binary          remaining
c         MB    reductions     conflicts         size    tier2       irredundant
c           level     restarts        redundant      glue    trail          variables
c
c - 362.17 61 278 73 565 23214 1 8942271 67708 2.1 101 47 4 24 50% 10684 124244 8416 51%
c - 362.88 61 278 73 566 23223 1 8966040 70990 2.1 98 46 4 24 50% 10684 124244 8416 51%
c - 363.60 61 283 73 567 23237 1 8989831 75662 2.1 96 46 4 24 52% 10684 124244 8416 51%
c - 364.56 61 280 73 568 23239 1 9013642 74659 2.1 104 49 4 24 52% 10684 124244 8416 51%
c - 365.40 61 279 73 569 23252 1 9037474 73982 2.1 101 48 4 24 51% 10684 124244 8416 51%
c - 366.31 61 270 73 570 23261 1 9061327 76501 2.0 100 50 4 25 51% 10684 124244 8416 51%
c B 366.94 61 269 73 570 23269 1 9080781 95536 2.0 99 49 4 25 51% 10684 124244 8416 51%
c - 367.08 61 267 73 571 23270 1 9085204 78284 2.0 97 48 4 25 50% 10684 124244 8416 51%
c - 367.65 61 258 73 572 23271 1 9109100 85849 2.0 83 41 4 25 47% 10684 124244 8416 51%
c ] 367.76 61 261 74 572 23271 1 9115837 92422 2.0 79 39 4 25 48% 10684 124244 8416 51%
c { 367.76 61 47 74 572 23271 2 9115837 92422 2.2 19 9 3 10 10% 10684 124244 8416 51%
c - 368.26 61 50 74 573 23492 2 9133017 94349 2.1 20 9 3 10 10% 10685 124244 8416 51%
c u 368.52 61 50 74 573 23506 2 9136599 94979 2.1 19 9 3 10 10% 10685 124244 8416 51%
c v 368.75 61 50 74 573 23506 2 9136599 94624 2.1 19 9 3 10 10% 10685 124244 8416 51%
c w 368.85 77 50 74 573 23506 2 9136599 94541 2.1 19 9 3 10 10% 10685 124244 8416 51%
c - 369.46 72 49 74 574 23637 2 9156955 94898 2.1 19 9 3 10 10% 10685 124244 8416 51%
c - 370.18 75 50 74 575 23794 2 9180914 98413 2.1 19 9 3 10 10% 10685 124244 8416 51%
c - 370.93 74 50 74 576 23952 2 9204894 101853 2.1 19 9 3 10 10% 10686 124244 8416 51%
c - 371.54 75 48 74 577 24031 2 9228895 103992 2.1 19 9 3 10 10% 10686 124244 8416 51%
c o 372.17 76 47 74 577 24115 2 9251435 124429 2.1 19 9 3 10 10% 10686 124244 8416 51%
c
c seconds    switched      rate            size/glue tier1     binary          remaining
c         MB   reductions     conflicts          size  tier2       irredundant
c          level     restarts        redundant     glue    trail          variables
c
c - 372.24 67 47 74 578 24122 2 9252915 103796 2.1 19 9 3 10 10% 10686 124244 8416 51%
c - 372.97 69 46 74 579 24225 2 9276956 103964 2.1 19 9 3 10 10% 10686 124244 8416 51%
c - 373.86 75 45 74 580 24445 2 9301018 104638 2.1 19 9 3 10 9% 10687 124244 8416 51%
c - 374.54 66 41 74 581 24537 2 9325102 105753 2.1 19 9 3 10 9% 10687 124244 8416 51%
c - 375.44 74 46 74 582 24755 2 9349206 106326 2.1 19 9 3 10 9% 10687 124244 8416 51%
c - 376.22 76 45 74 583 24897 2 9373331 106962 2.1 19 9 3 10 9% 10689 124244 8416 51%
c - 377.00 77 44 74 584 25059 2 9397477 107830 2.1 20 9 3 10 9% 10689 124244 8416 51%
c } 377.03 68 44 75 584 25074 2 9398661 108910 2.1 20 9 3 10 9% 10689 124244 8416 51%
c [ 377.03 68 261 75 584 25074 1 9398661 108910 2.0 79 39 4 25 48% 10689 124244 8416 51%
c - 377.64 73 228 75 585 25087 1 9421643 106486 2.0 68 34 4 24 42% 10689 124244 8416 51%
c W 377.97 61 208 75 585 25091 1 9433954 118144 2.0 63 31 4 24 39% 10689 124244 8416 51%
c - 378.22 61 191 75 586 25097 1 9445830 104814 2.0 58 29 4 24 35% 10689 124244 8416 51%
c u 378.60 61 190 75 586 25098 1 9446919 103812 2.0 58 29 4 24 35% 10689 124244 8416 51%
c v 378.92 77 190 75 586 25098 1 9446919 103156 2.0 58 29 4 24 35% 10689 124244 8416 51%
c w 379.14 78 190 75 586 25098 1 9446919 101965 2.0 58 29 4 24 35% 10689 124244 8416 51%
c t 379.15 78 190 75 586 25098 1 9446919 101965 2.0 58 29 4 24 35% 10687 124244 8416 51%
c - 379.71 72 166 75 587 25104 1 9470037 101321 2.0 51 25 4 24 30% 10687 124244 8416 51%
c - 380.43 70 163 75 588 25112 1 9494265 100728 2.0 49 25 4 24 29% 10687 124244 8416 51%
c - 381.22 75 180 75 589 25123 1 9518513 94506 1.9 53 28 4 24 32% 10687 124244 8416 51%
c - 381.82 73 193 75 590 25134 1 9542783 89809 1.9 53 28 4 24 34% 10687 124244 8416 51%
c
c seconds     switched      rate           size/glue  tier1     binary          remaining
c         MB    reductions     conflicts         size   tier2       irredundant
c           level     restarts        redundant     glue    trail          variables
c
c - 382.71 71 213 75 591 25136 1 9567072 90135 1.9 58 31 4 24 34% 10687 124244 8416 51%
c - 383.34 74 222 75 592 25136 1 9591382 93964 1.9 52 27 4 24 37% 10687 124244 8416 51%
c - 383.95 72 214 75 593 25149 1 9615713 96889 1.9 52 27 4 24 37% 10687 124244 8416 51%
c - 384.78 74 172 75 594 25158 1 9640064 97263 1.9 45 23 4 24 30% 10687 124244 8416 51%
c - 385.38 72 166 75 595 25167 1 9664437 100472 1.9 43 23 4 24 28% 10687 124244 8416 51%
c o 385.83 75 170 75 595 25171 1 9682834 118533 1.9 47 25 4 24 29% 10687 124244 8416 51%
c - 386.11 66 178 75 596 25174 1 9688829 97548 1.9 48 25 4 24 30% 10687 124244 8416 51%
c - 386.89 73 204 75 597 25184 1 9713242 93728 1.9 49 26 4 24 35% 10687 124244 8416 51%
c - 387.62 75 211 75 598 25197 1 9737675 94210 1.9 48 25 4 24 37% 10687 124244 8416 51%
c - 388.53 71 214 75 599 25199 1 9762129 90024 1.8 59 33 4 24 39% 10687 124244 8416 51%
c u 388.71 73 214 75 599 25199 1 9762905 87763 1.8 60 34 4 24 39% 10687 124244 8416 51%
c v 388.86 74 214 75 599 25199 1 9762905 86739 1.8 60 34 4 24 39% 10687 124244 8416 51%
c w 388.93 75 214 75 599 25199 1 9762905 86624 1.8 60 34 4 24 39% 10687 124244 8416 51%
c x 389.06 76 214 75 599 25199 1 9762905 86624 1.8 60 34 4 24 39% 10687 124202 8416 51%
c ] 389.66 70 212 76 599 25199 1 9783640 106441 1.7 56 32 4 24 39% 10687 124202 8416 51%
c { 389.66 70 44 76 599 25199 2 9783640 106441 2.1 20 9 3 10 9% 10687 124202 8416 51%
c - 389.80 74 49 76 600 25254 2 9786603 88050 2.1 20 10 3 10 10% 10687 124202 8416 51%
c - 390.80 76 97 76 601 25650 3 9811097 94468 1.9 25 13 3 10 17% 10687 124202 8416 51%
c - 391.52 75 133 76 602 25755 3 9835613 98031 1.9 25 13 3 10 22% 10687 124202 8416 51%
c - 392.33 76 154 76 603 25911 3 9860148 103035 1.9 26 14 3 10 25% 10687 124202 8416 51%
c
c seconds     switched      rate            size/glue  tier1     binary          remaining
c         MB    reductions     conflicts          size   tier2       irredundant
c           level     restarts        redundant      glue    trail          variables
c
c - 393.06 75 180 76 604 25958 3 9884705 104406 1.9 25 13 3 10 29% 10687 124202 8416 51%
c - 393.75 76 192 76 605 26069 3 9909281 105988 1.9 25 14 3 10 30% 10687 124202 8416 51%
c - 394.48 75 202 76 606 26182 3 9933877 105555 1.9 26 14 3 10 32% 10687 124202 8416 51%
c - 395.22 72 211 76 607 26271 3 9958495 108228 1.9 26 14 3 10 34% 10687 124202 8416 51%
c - 395.96 72 210 76 608 26371 3 9983135 110688 1.9 26 14 3 10 33% 10687 124202 8416 51%
c - 396.58 77 217 76 609 26430 3 10007792 111931 1.9 26 13 3 10 34% 10687 124202 8416 51%
c - 397.05 69 208 76 610 26430 2 10032470 113654 2.0 25 12 3 10 32% 10687 124202 8416 51%
c - 397.73 71 194 76 611 26430 2 10057168 114806 2.1 24 12 3 10 29% 10687 124202 8416 51%
c } 398.40 73 184 77 611 26430 2 10080691 137550 2.2 24 11 3 10 28% 10687 124202 8416 51%
c [ 398.40 73 212 77 611 26430 1 10080691 137550 1.7 56 32 4 24 39% 10687 124202 8416 51%
c O 398.40 73 212 77 611 26430 1 10080691 137550 1.7 56 32 4 24 39% 10687 124202 8416 51%
c - 398.42 75 210 77 612 26431 1 10081888 118575 1.7 56 32 4 24 38% 10687 124202 8416 51%
c u 398.68 78 205 77 612 26432 1 10084581 119117 1.7 55 31 4 24 37% 10687 124202 8416 51%
c v 398.96 81 205 77 612 26432 1 10084581 118375 1.7 55 31 4 24 37% 10687 124202 8416 51%
c w 399.07 81 205 77 612 26432 1 10084581 117864 1.7 55 31 4 24 37% 10687 124202 8416 51%
c - 399.55 76 171 77 613 26444 1 10106628 114628 1.7 48 27 4 24 31% 10687 124202 8416 51%
c - 400.17 70 137 77 614 26456 1 10131387 107873 1.7 41 24 4 24 25% 10687 124202 8416 51%
c - 400.77 72 110 77 615 26460 1 10156166 105911 1.7 36 21 4 24 20% 10687 124202 8416 51%
c - 401.45 73 89 77 616 26472 1 10180965 105611 1.7 32 19 4 24 16% 10687 124202 8416 51%
c - 402.17 74 72 77 617 26482 1 10205785 105660 1.7 29 17 4 24 13% 10688 124202 8416 51%
c
c seconds    switched      rate             size/glue  tier1     binary          remaining
c         MB   reductions     conflicts           size   tier2       irredundant
c          level     restarts         redundant      glue    trail          variables
c
c o 402.30 75 70 77 617 26485 1 10210369 109041 1.7 28 16 4 24 13% 10688 124202 8416 51%
c - 402.82 73 66 77 618 26491 1 10230625 108661 1.7 27 16 4 24 12% 10688 124202 8416 51%
c - 403.49 74 58 77 619 26492 1 10255486 110987 1.7 26 15 4 24 11% 10688 124202 8416 51%
c - 403.90 69 55 77 620 26494 1 10280366 113303 1.8 25 14 4 23 11% 10688 124202 8416 51%
c - 404.43 71 47 77 621 26507 1 10305266 109582 1.8 24 13 4 23 9% 10688 124202 8416 51%
c - 405.02 72 40 77 622 26520 1 10330186 107137 1.8 23 13 4 23 8% 10690 124202 8416 51%
c - 405.96 75 36 77 623 26523 1 10355125 108123 1.7 23 13 4 23 7% 10691 124202 8416 51%
c - 406.30 74 52 77 624 26535 1 10380084 107784 1.7 23 14 4 23 9% 10691 124202 8416 51%
c - 406.76 76 62 77 625 26545 1 10405065 103589 1.7 24 14 4 23 9% 10691 124202 8416 51%
c d 406.92 71 66 77 625 26548 1 10411950 110173 1.7 24 14 4 23 10% 10689 124202 8415 51%
c u 407.11 73 66 77 625 26548 1 10411950 107339 1.7 24 14 4 23 10% 10690 124202 8415 51%
c v 407.33 74 66 77 625 26548 1 10411950 106490 1.7 24 14 4 23 10% 10690 124202 8415 51%
c w 407.45 75 66 77 625 26548 1 10411950 105961 1.7 24 14 4 23 10% 10690 124202 8415 51%
c u 407.66 78 66 77 625 26548 1 10411950 101191 1.7 24 14 4 23 10% 10690 124202 8415 51%
c v 407.87 78 66 77 625 26548 1 10411950 99981 1.7 24 14 4 23 10% 10690 124202 8415 51%
c w 407.97 78 66 77 625 26548 1 10411950 99587 1.7 24 14 4 23 10% 10690 124202 8415 51%
c ] 408.08 70 68 78 625 26552 1 10416860 104093 1.7 25 15 4 23 10% 10690 124202 8415 51%
c { 408.08 70 184 78 625 26552 2 10416860 104093 2.2 24 11 3 10 28% 10690 124202 8415 51%
c - 408.40 75 176 78 626 26648 2 10430065 93979 2.1 24 11 3 10 26% 10690 124202 8415 51%
c - 409.12 75 150 78 627 26731 2 10455084 98553 2.1 23 11 3 10 22% 10691 124202 8415 51%
c
c seconds     switched      rate             size/glue  tier1     binary          remaining
c         MB    reductions     conflicts           size   tier2       irredundant
c           level     restarts         redundant      glue    trail          variables
c
c - 409.76 73 150 78 628 26872 2 10480123 101256 2.0 23 11 3 10 21% 10692 124202 8415 51%
c - 410.49 75 133 78 629 26948 2 10505184 103839 2.0 22 11 3 10 19% 10692 124202 8415 51%
c - 411.30 72 132 78 630 27077 2 10530265 105909 2.0 22 11 3 10 18% 10692 124202 8415 51%
c s 411.42 72 128 78 630 27077 2 10535382 110868 2.0 22 11 3 10 18% 10692 124200 8415 51%
c - 412.18 75 130 78 631 27123 2 10555366 107543 2.0 22 11 3 10 18% 10692 124200 8415 51%
c - 412.70 76 132 78 632 27186 2 10580488 108642 2.1 22 11 3 10 19% 10692 124200 8415 51%
c - 413.72 76 127 78 633 27320 2 10605628 106956 2.0 22 11 3 10 18% 10692 124200 8415 51%
c - 414.53 74 115 78 634 27411 2 10630787 106648 2.0 21 11 3 10 16% 10694 124200 8415 51%
c - 415.47 74 110 78 635 27530 2 10655966 107768 2.0 21 11 3 10 15% 10694 124200 8415 51%
c o 415.72 75 110 78 635 27566 2 10660784 112069 2.0 21 11 3 10 15% 10694 124200 8415 51%
c - 416.39 76 96 78 636 27620 2 10681165 107966 2.0 21 11 3 10 13% 10694 124200 8415 51%
c - 417.39 75 106 78 637 27639 2 10706384 107950 2.1 21 10 3 10 13% 10694 124200 8415 51%
c } 418.46 69 102 79 637 27761 2 10728450 127995 2.1 21 10 3 10 13% 10695 124200 8415 51%
c [ 418.46 69 68 79 637 27761 1 10728450 127995 1.7 25 15 4 23 10% 10695 124200 8415 51%
c B 418.46 69 68 79 637 27761 1 10728450 127995 1.7 25 15 4 23 10% 10695 124200 8415 51%
c - 418.61 72 68 79 638 27763 1 10731622 108136 1.7 24 15 4 23 10% 10695 124200 8415 51%
c d 419.14 69 95 79 638 27771 1 10745036 121148 1.7 34 20 4 23 15% 10693 124200 8414 51%
c u 419.32 73 95 79 638 27771 1 10745036 119401 1.7 34 20 4 23 15% 10694 124200 8414 51%
c v 419.57 76 95 79 638 27771 1 10745036 119013 1.7 34 20 4 23 15% 10694 124200 8414 51%
c w 419.70 76 95 79 638 27771 1 10745036 118760 1.7 34 20 4 23 15% 10694 124200 8414 51%
c
c seconds    switched      rate             size/glue  tier1     binary          remaining
c         MB   reductions     conflicts           size   tier2       irredundant
c          level     restarts         redundant      glue    trail          variables
c
c x 419.89 80 95 79 638 27771 1 10745036 118760 1.7 34 20 4 23 15% 10694 124161 8414 51%
c d 419.90 80 95 79 638 27771 1 10745036 118752 1.7 34 20 4 23 15% 10692 124161 8413 51%
c u 420.43 70 95 79 638 27771 1 10745036 111323 1.7 34 20 4 23 15% 10694 124161 8413 51%
c v 420.76 75 95 79 638 27771 1 10745036 110900 1.7 34 20 4 23 15% 10694 124161 8413 51%
c w 420.89 76 95 79 638 27771 1 10745036 110802 1.7 34 20 4 23 15% 10694 124161 8413 51%
c = 422.08 77 95 79 638 27771 1 10745036 110802 1.7 34 20 4 23 15% 10696 124161 8412 51%
c d 422.09 77 95 79 638 27771 1 10745036 110797 1.7 34 20 4 23 15% 10692 124161 8412 51%
c - 422.58 74 117 79 639 27775 1 10756881 88951 1.7 37 22 4 23 19% 10692 124161 8412 51%
c - 423.34 73 149 79 640 27789 1 10782159 80355 1.8 41 23 4 23 26% 10692 124161 8412 51%
c - 423.91 75 185 79 641 27791 1 10807459 84003 1.8 41 23 4 23 33% 10692 124161 8412 51%
c - 424.69 74 204 79 642 27805 1 10832776 85952 1.8 43 24 4 23 36% 10692 124161 8412 51%
c - 425.45 74 219 79 643 27816 1 10858113 87769 1.8 46 25 4 23 40% 10692 124161 8412 51%
c - 426.15 68 237 79 644 27822 1 10883470 90952 1.8 46 25 4 23 43% 10692 124161 8412 51%
c - 426.77 71 256 79 645 27823 1 10908847 95473 1.8 45 25 4 23 44% 10692 124161 8412 51%
c - 427.57 76 259 79 646 27829 1 10934243 94113 1.8 52 29 4 23 44% 10692 124161 8412 51%
c - 428.27 74 249 79 647 27839 1 10959661 92558 1.7 50 29 4 23 42% 10692 124161 8412 51%
c - 429.00 67 246 79 648 27853 1 10985097 93281 1.7 50 29 4 23 42% 10692 124161 8412 51%
c - 429.71 73 255 79 649 27857 1 11010553 93113 1.8 52 29 4 23 45% 10692 124161 8412 51%
c - 430.23 76 225 79 650 27869 1 11036029 95535 1.8 47 26 4 23 39% 10692 124161 8412 51%
c - 431.07 72 193 79 651 27882 1 11061526 98930 1.8 41 23 4 23 34% 10692 124161 8412 51%
c
c seconds     switched      rate             size/glue  tier1     binary          remaining
c         MB    reductions     conflicts           size   tier2       irredundant
c           level     restarts         redundant      glue    trail          variables
c
c u 431.84 77 157 79 651 27885 1 11083837 112772 1.8 37 20 4 23 28% 10692 124161 8412 51%
c v 432.11 78 157 79 651 27885 1 11083837 109046 1.8 37 20 4 23 28% 10692 124161 8412 51%
c w 432.23 79 157 79 651 27885 1 11083837 106727 1.8 37 20 4 23 28% 10692 124161 8412 51%
c ] 432.30 69 154 80 651 27885 1 11085944 108418 1.8 36 20 4 23 27% 10692 124161 8412 51%
c { 432.30 69 102 80 651 27885 2 11085944 108418 2.1 21 10 3 10 13% 10692 124161 8412 51%
c - 432.34 71 101 80 652 27888 2 11087040 89961 2.1 21 10 3 10 12% 10692 124161 8412 51%
c - 433.15 70 94 80 653 28162 2 11112575 95293 2.0 21 11 3 10 12% 10692 124161 8412 51%
c o 433.32 71 87 80 653 28170 2 11122641 104367 2.0 21 11 3 10 11% 10692 124161 8412 51%
c - 433.69 71 85 80 654 28222 2 11138129 101362 2.0 21 11 3 10 11% 10692 124161 8412 51%
c - 434.51 72 89 80 655 28419 2 11163703 105108 1.9 21 11 3 10 12% 10693 124161 8412 51%
c i 434.77 66 91 80 655 28490 2 11171239 111911 1.9 21 11 3 10 13% 10697 124161 8411 51%
c - 435.21 75 97 80 656 28541 2 11189295 105956 1.9 21 11 3 10 15% 10693 124161 8411 51%
c - 435.77 77 100 80 657 28590 2 11214908 107136 2.0 21 11 3 10 14% 10695 124161 8411 51%
c - 436.43 76 103 80 658 28700 2 11240541 109039 1.9 21 11 3 10 15% 10696 124161 8411 51%
c - 437.09 77 89 80 659 28814 2 11266194 109655 2.0 21 11 3 10 14% 10698 124161 8411 51%
c i 437.46 74 85 80 659 28872 2 11280330 122414 1.9 21 11 3 10 13% 10703 124161 8410 51%
c - 437.85 72 82 80 660 28924 2 11291864 110027 1.9 21 11 3 10 13% 10695 124161 8410 51%
c - 438.53 74 66 80 661 28930 2 11317554 107869 1.9 20 10 3 10 11% 10697 124161 8410 51%
c - 439.30 75 54 80 662 28939 2 11343264 105527 1.9 19 10 3 10 9% 10698 124161 8410 51%
c - 439.99 72 77 80 663 29163 2 11368993 107012 1.9 20 10 3 10 13% 10699 124161 8410 51%
c
c seconds    switched      rate             size/glue  tier1     binary          remaining
c         MB   reductions     conflicts           size   tier2       irredundant
c          level     restarts         redundant      glue    trail          variables
c
c - 440.64 73 77 80 664 29251 2 11394741 107820 2.0 20 10 3 10 12% 10699 124161 8410 51%
c } 441.23 75 83 81 664 29372 2 11412387 124392 1.9 21 11 3 10 14% 10699 124161 8410 51%
c [ 441.23 75 154 81 664 29372 1 11412387 124392 1.8 36 20 4 23 27% 10699 124161 8410 51%
c W 441.32 61 154 81 664 29372 1 11412387 124392 1.8 36 20 4 23 27% 10699 124082 8410 51%
c - 441.52 61 143 81 665 29377 1 11420510 109268 1.8 35 19 4 23 25% 10699 124082 8410 51%
c d 441.72 61 134 81 665 29381 1 11428406 115799 1.8 34 19 4 23 24% 10700 124079 8409 51%
c u 441.95 77 134 81 665 29381 1 11428406 112882 1.8 34 19 4 23 24% 10700 124079 8409 51%
c v 442.23 78 134 81 665 29381 1 11428406 112038 1.8 34 19 4 23 24% 10700 124079 8409 51%
c w 442.34 78 134 81 665 29381 1 11428406 111690 1.8 34 19 4 23 24% 10700 124079 8409 51%
c u 442.59 79 134 81 665 29381 1 11428406 109302 1.8 34 19 4 23 24% 10700 124079 8409 51%
c v 442.84 80 134 81 665 29381 1 11428406 108121 1.8 34 19 4 23 24% 10700 124079 8409 51%
c w 442.95 80 134 81 665 29381 1 11428406 107395 1.8 34 19 4 23 24% 10700 124079 8409 51%
c s 443.35 70 118 81 665 29386 1 11442809 119285 1.8 32 18 4 23 21% 10700 124072 8409 51%
c s 443.36 73 118 81 665 29386 1 11442809 119285 1.8 32 18 4 23 21% 10700 124071 8409 51%
c - 443.49 75 117 81 666 29387 1 11446298 99519 1.8 31 17 4 23 21% 10700 124071 8409 51%
c - 444.13 73 115 81 667 29401 1 11472104 98617 1.8 30 17 4 23 20% 10700 124071 8409 51%
c - 444.74 75 92 81 668 29405 1 11497931 96147 1.8 27 15 4 23 16% 10700 124071 8409 51%
c - 445.51 69 74 81 669 29417 1 11523777 96818 1.8 25 14 4 23 13% 10700 124071 8409 51%
c - 446.23 76 81 81 670 29431 1 11549642 96603 1.8 28 15 4 23 14% 10700 124071 8409 51%
c - 447.10 73 112 81 671 29433 1 11575526 95294 1.9 32 17 4 23 20% 10700 124071 8409 51%
c
c seconds     switched      rate            size/glue  tier1     binary          remaining
c         MB    reductions     conflicts          size   tier2       irredundant
c           level     restarts         redundant     glue    trail          variables
c
c - 448.39 59 147 81 672 29434 1 11601429 81969 2.2 75 35 4 23 28% 10700 124071 8409 51%
c o 448.79 59 157 81 672 29435 1 11609811 90299 2.2 84 38 4 23 30% 10700 124071 8409 51%
c - 449.20 70 180 81 673 29446 1 11627351 73360 2.1 80 38 4 23 34% 10700 124071 8409 51%
c - 449.87 68 201 81 674 29456 1 11653294 82067 2.0 73 36 4 23 36% 10700 124071 8409 51%
c - 450.87 70 214 81 675 29465 1 11679255 87054 2.0 73 36 4 24 38% 10700 124071 8409 51%
c - 451.52 69 223 81 676 29473 1 11705236 91782 2.0 65 33 4 23 39% 10700 124071 8409 51%
c - 452.44 71 227 81 677 29485 1 11731237 95714 2.0 63 32 4 24 40% 10700 124071 8409 51%
c - 453.22 69 233 81 678 29495 1 11757256 95127 2.0 61 31 4 24 41% 10700 124071 8409 51%
c u 454.02 73 237 81 678 29497 1 11778715 114091 2.0 63 31 4 24 42% 10700 124071 8409 51%
c v 454.22 74 237 81 678 29497 1 11778715 113654 2.0 63 31 4 24 42% 10700 124071 8409 51%
c w 454.34 75 237 81 678 29497 1 11778715 113376 2.0 63 31 4 24 42% 10700 124071 8409 51%
c x 454.51 67 237 81 678 29497 1 11778715 113374 2.0 63 31 4 24 42% 10703 123966 8409 51%
c t 454.53 67 237 81 678 29497 1 11778715 113374 2.0 63 31 4 24 42% 10702 123966 8409 51%
c - 454.63 69 239 81 679 29497 1 11783295 92998 2.0 61 30 4 24 41% 10702 123966 8409 51%
c ] 454.68 69 239 82 679 29497 1 11786134 95744 2.0 60 30 4 24 41% 10702 123966 8409 51%
c { 454.68 69 83 82 679 29497 2 11786134 95744 1.9 21 11 3 10 14% 10702 123966 8409 51%
c i 455.10 66 74 82 679 29784 2 11807924 115493 1.8 20 11 3 10 12% 10707 123965 8408 51%
c - 455.13 67 74 82 680 29802 2 11809354 96834 1.8 20 11 3 10 12% 10704 123965 8408 51%
c i 455.13 67 74 82 680 29802 2 11809529 96924 1.8 20 11 3 10 12% 10711 123964 8407 51%
c i 455.19 68 73 82 680 29822 2 11812852 99412 1.8 20 11 3 10 11% 10717 123964 8406 51%
c
c seconds    switched      rate             size/glue  tier1     binary          remaining
c         MB   reductions     conflicts           size   tier2       irredundant
c          level     restarts         redundant      glue    trail          variables
c
c - 455.66 66 67 82 681 30047 2 11835430 100098 1.8 20 11 3 10 10% 10711 123964 8406 51%
c i 455.72 67 65 82 681 30052 2 11838653 102770 1.8 20 11 3 10 10% 10716 123964 8405 51%
c i 455.72 67 65 82 681 30052 2 11838676 102783 1.8 20 11 3 10 10% 10719 123964 8403 51%
c i 455.81 69 64 82 681 30088 2 11843490 106776 1.8 19 11 3 10 9% 10723 123964 8402 51%
c i 455.82 69 64 82 681 30088 2 11843850 106978 1.8 19 11 3 10 9% 10726 123964 8401 51%
c i 456.05 72 60 82 681 30284 2 11856714 118648 1.7 19 11 3 10 9% 10735 123964 8400 51%
c i 456.05 72 60 82 681 30284 2 11856733 118655 1.7 19 11 3 10 9% 10737 123964 8398 51%
c - 456.16 62 59 82 682 30318 2 11861525 101032 1.7 19 11 3 11 8% 10705 123964 8398 51%
c i 456.39 69 56 82 682 30444 2 11873186 111474 1.7 19 11 3 11 8% 10709 123964 8397 51%
c i 456.66 72 54 82 682 30581 2 11884785 121954 1.7 19 11 3 11 7% 10716 123964 8396 51%
c - 456.74 67 54 82 683 30610 2 11887640 104413 1.7 19 11 3 11 7% 10704 123964 8396 51%
c i 456.95 71 54 82 683 30677 2 11898638 114475 1.7 19 11 3 11 7% 10711 123964 8394 51%
c i 456.99 71 53 82 683 30680 2 11900424 116060 1.7 19 11 3 11 7% 10713 123964 8393 51%
c i 457.24 70 52 82 683 30790 2 11911862 126120 1.7 19 11 3 11 7% 10722 123964 8392 51%
c - 457.28 70 51 82 684 30800 2 11913775 106558 1.7 19 11 3 11 7% 10705 123964 8392 51%
c i 457.59 72 48 82 684 30889 2 11928747 119588 1.7 19 11 3 11 6% 10713 123964 8390 51%
c i 457.71 68 49 82 684 30927 2 11933936 123743 1.7 19 11 3 11 6% 10720 123964 8389 51%
c - 457.86 70 49 82 685 30975 2 11939930 105377 1.7 19 11 3 11 6% 10705 123964 8389 51%
c i 458.33 71 50 82 685 31146 2 11963610 126554 1.7 19 11 3 11 6% 10719 123963 8388 51%
c - 458.41 71 50 82 686 31174 2 11966102 105436 1.7 19 11 3 11 6% 10715 123963 8388 51%
c
c seconds    switched      rate             size/glue  tier1    binary          remaining
c         MB   reductions     conflicts           size   tier2      irredundant
c          level     restarts         redundant      glue   trail          variables
c
c i 458.51 67 49 82 686 31218 2 11970514 109057 1.7 19 11 3 11 6% 10720 123963 8387 51%
c i 458.51 67 49 82 686 31218 2 11970653 109110 1.7 19 11 3 11 6% 10725 123963 8386 51%
c i 458.51 67 49 82 686 31218 2 11970671 109118 1.7 19 11 3 11 6% 10729 123963 8384 51%
c i 458.72 70 48 82 686 31280 2 11976973 114924 1.7 19 11 3 11 6% 10730 123963 8383 51%
c - 459.10 69 48 82 687 31468 2 11992293 106105 1.6 19 11 3 11 6% 10693 123963 8383 51%
c i 459.21 71 48 82 687 31521 2 11997153 110564 1.6 19 11 3 11 6% 10697 123963 8382 51%
c i 459.32 64 47 82 687 31587 2 12002467 115403 1.6 19 12 3 11 5% 10702 123963 8381 51%
c i 459.32 64 47 82 687 31587 2 12002500 115407 1.6 19 12 3 11 5% 10705 123963 8379 51%
c - 459.77 71 46 82 688 31746 2 12018504 107245 1.6 19 12 3 11 5% 10687 123963 8379 51%
c i 459.88 68 46 82 688 31789 2 12023642 111991 1.6 19 12 3 11 5% 10687 123963 8377 51%
c i 460.37 68 48 82 688 31958 2 12044461 130632 1.6 19 12 3 11 5% 10690 123963 8375 51%
c - 460.39 68 48 82 689 31958 2 12044733 109007 1.6 19 12 3 11 5% 10674 123963 8375 51%
c i 460.50 70 48 82 689 32008 2 12050771 114216 1.6 19 12 3 11 5% 10678 123963 8373 51%
c - 460.90 69 46 82 690 32174 2 12070984 110596 1.6 19 12 3 11 5% 10670 123963 8373 51%
c o 461.29 68 44 82 690 32283 2 12090078 127625 1.6 19 12 3 11 5% 10673 123963 8373 51%
c - 461.45 71 43 82 691 32372 2 12097252 109692 1.6 19 12 3 11 5% 10676 123963 8373 51%
c i 461.80 70 41 82 691 32508 2 12112148 123225 1.6 19 12 3 11 5% 10681 123963 8372 51%
c - 462.07 72 41 82 692 32591 2 12123540 110041 1.6 19 12 3 11 5% 10677 123963 8372 51%
c i 462.08 64 41 82 692 32592 2 12123710 110198 1.6 19 12 3 11 5% 10677 123963 8370 51%
c } 462.14 66 40 83 692 32617 2 12127740 113871 1.6 19 12 3 11 4% 10677 123963 8370 51%
c
c seconds     switched      rate             size/glue  tier1     binary          remaining
c         MB    reductions     conflicts           size   tier2       irredundant
c           level     restarts         redundant      glue    trail          variables
c
c [ 462.14 66 239 83 692 32617 1 12127740 113871 2.0 60 30 4 24 41% 10677 123963 8370 51%
c I 462.14 66 239 83 692 32617 1 12127740 113871 2.0 60 30 4 24 41% 10677 123963 8370 51%
c d 462.38 71 241 83 692 32622 1 12134810 120318 2.0 61 30 4 24 42% 10728 122758 8366 51%
c d 462.38 71 241 83 692 32622 1 12134810 120307 2.0 61 30 4 24 42% 10726 122750 8365 51%
c u 462.57 63 241 83 692 32622 1 12134810 117670 2.0 61 30 4 24 42% 10727 122750 8365 51%
c v 462.78 67 241 83 692 32622 1 12134810 116481 2.0 61 30 4 24 42% 10727 122750 8365 51%
c w 462.90 68 241 83 692 32622 1 12134810 115920 2.0 61 30 4 24 42% 10727 122750 8365 51%
c d 462.91 68 241 83 692 32622 1 12134810 115895 2.0 61 30 4 24 42% 10725 122750 8364 51%
c t 462.92 68 241 83 692 32622 1 12134810 115895 2.0 61 30 4 24 42% 10723 122750 8364 51%
c u 463.16 57 241 83 692 32622 1 12134810 114728 2.0 61 30 4 24 42% 10715 122750 8364 51%
c v 463.49 57 241 83 692 32622 1 12134810 114017 2.0 61 30 4 24 42% 10715 122750 8364 51%
c w 463.60 57 241 83 692 32622 1 12134810 113756 2.0 61 30 4 24 42% 10715 122750 8364 51%
c - 463.92 57 212 83 693 32630 1 12149845 102389 2.0 55 27 4 24 37% 10715 122750 8364 51%
c - 464.49 57 166 83 694 32641 1 12176170 98444 2.0 46 23 4 23 29% 10715 122750 8364 51%
c - 465.15 57 140 83 695 32647 1 12202514 97920 2.0 39 20 4 23 24% 10715 122750 8364 51%
c - 465.68 57 129 83 696 32660 1 12228877 102041 2.0 35 18 4 23 21% 10715 122750 8364 51%
c - 466.26 57 105 83 697 32670 1 12255258 104747 2.0 31 16 4 23 17% 10715 122750 8364 51%
c - 467.17 57 101 83 698 32678 1 12281658 105451 2.0 32 16 4 23 17% 10715 122750 8364 51%
c - 467.65 57 115 83 699 32679 1 12308078 106202 2.0 30 15 4 23 18% 10715 122750 8364 51%
c - 468.32 57 107 83 700 32686 1 12334516 107527 2.0 28 14 4 23 16% 10715 122750 8364 51%
c
c seconds    switched      rate             size/glue  tier1     binary          remaining
c         MB   reductions     conflicts           size   tier2       irredundant
c          level     restarts         redundant      glue    trail          variables
c
c - 468.97 57 88 83 701 32697 1 12360974 109446 2.1 26 13 4 23 15% 10715 122750 8364 51%
c - 469.60 57 73 83 702 32709 1 12387450 110002 2.2 25 12 4 23 14% 10715 122750 8364 51%
c s 469.75 57 69 83 702 32710 1 12394980 117310 2.2 25 11 4 23 14% 10715 122576 8364 51%
c e 469.77 61 69 83 702 32710 1 12394980 117310 2.2 25 11 4 23 14% 10714 122580 8363 51%
c s 469.77 61 69 83 702 32710 1 12394980 117310 2.2 25 11 4 23 14% 10714 122573 8363 51%
c - 470.23 70 61 83 703 32716 1 12413945 110999 2.2 24 11 4 23 13% 10714 122573 8363 51%
c - 471.11 72 52 83 704 32726 1 12440459 111357 2.3 23 10 4 23 12% 10714 122573 8363 51%
c ] 471.50 66 47 84 704 32734 1 12454504 123894 2.2 22 10 4 23 11% 10714 122573 8363 51%
c { 471.50 66 40 84 704 32734 2 12454504 123894 1.6 19 12 3 11 4% 10714 122573 8363 51%
c - 471.83 68 37 84 705 32734 2 12466991 109481 1.7 19 11 3 11 4% 10714 122573 8363 51%
c - 472.53 71 31 84 706 32734 2 12493542 108196 1.8 19 11 3 11 4% 10714 122573 8363 51%
c u 472.81 65 30 84 706 32734 2 12496634 108731 1.8 19 10 3 11 4% 10715 122573 8363 51%
c v 473.08 70 30 84 706 32734 2 12496634 107263 1.8 19 10 3 11 4% 10715 122573 8363 51%
c w 473.17 70 30 84 706 32734 2 12496634 106531 1.8 19 10 3 11 4% 10715 122573 8363 51%
c - 473.67 70 45 84 707 32746 1 12520112 106393 1.9 19 10 3 11 7% 10715 122573 8363 51%
c - 474.25 69 45 84 708 32767 1 12546701 108672 2.0 19 10 3 11 8% 10715 122573 8363 51%
c - 474.98 72 55 84 709 32803 1 12573310 109306 2.1 20 9 3 11 12% 10715 122573 8363 51%
c o 475.35 64 58 84 709 32804 1 12586341 121973 2.2 20 9 3 11 13% 10715 122573 8363 51%
c - 475.79 70 55 84 710 32817 1 12599937 110197 2.2 20 9 3 11 13% 10715 122573 8363 51%
c - 476.64 71 48 84 711 32859 1 12626582 111667 2.3 20 9 3 11 11% 10715 122573 8363 51%
c
c seconds    switched      rate             size/glue tier1     binary          remaining
c         MB   reductions     conflicts           size  tier2       irredundant
c          level     restarts         redundant     glue    trail          variables
c
c - 477.55 69 47 84 712 32978 2 12653246 112216 2.3 20 9 3 11 11% 10715 122573 8363 51%
c - 478.52 72 43 84 713 33076 2 12679929 110923 2.2 19 9 3 11 10% 10715 122573 8363 51%
c - 479.28 73 41 84 714 33173 2 12706633 112260 2.3 20 8 3 11 10% 10716 122573 8363 51%
c - 480.09 66 40 84 715 33252 2 12733353 113220 2.3 19 8 3 11 10% 10716 122573 8363 51%
c - 480.99 71 39 84 716 33384 2 12760094 112647 2.3 19 8 3 11 9% 10716 122573 8363 51%
c - 481.92 72 40 84 717 33573 2 12786855 113058 2.3 19 8 3 11 9% 10716 122573 8363 51%
c } 482.80 71 41 85 717 33766 2 12811582 135281 2.2 19 8 3 11 9% 10718 122573 8363 51%
c [ 482.80 71 47 85 717 33766 1 12811582 135281 2.2 22 10 4 23 11% 10718 122573 8363 51%
c B 482.80 71 47 85 717 33766 1 12811582 135281 2.2 22 10 4 23 11% 10718 122573 8363 51%
c - 482.86 71 46 85 718 33767 1 12813631 112884 2.2 22 10 4 23 10% 10718 122573 8363 51%
c - 483.74 68 75 85 719 33780 1 12840426 106849 1.9 35 18 4 23 13% 10718 122573 8363 51%
c d 484.57 71 116 85 719 33793 1 12864238 129925 1.8 42 23 4 23 20% 10717 122573 8362 51%
c u 484.83 68 116 85 719 33793 1 12864238 125031 1.8 42 23 4 23 20% 10719 122573 8362 51%
c v 485.14 72 116 85 719 33793 1 12864238 122887 1.8 42 23 4 23 20% 10719 122573 8362 51%
c w 485.31 72 116 85 719 33793 1 12864238 121419 1.8 42 23 4 23 20% 10719 122573 8362 51%
c d 485.32 72 116 85 719 33793 1 12864238 121410 1.8 42 23 4 23 20% 10717 122573 8361 51%
c u 485.62 69 116 85 719 33793 1 12864238 116141 1.8 42 23 4 23 20% 10727 122573 8361 51%
c v 485.93 70 116 85 719 33793 1 12864238 114877 1.8 42 23 4 23 20% 10727 122573 8361 51%
c w 486.08 73 116 85 719 33793 1 12864238 114724 1.8 42 23 4 23 20% 10727 122573 8361 51%
c - 486.21 66 122 85 720 33794 1 12867240 83158 1.8 42 23 4 23 21% 10727 122573 8361 51%
c
c seconds     switched      rate            size/glue  tier1     binary          remaining
c         MB    reductions     conflicts          size   tier2       irredundant
c           level     restarts         redundant     glue    trail          variables
c
c - 487.52 75 152 85 721 33797 1 12894073 77139 1.8 68 37 4 23 29% 10728 122573 8361 51%
c - 488.24 73 174 85 722 33811 1 12920924 77832 1.9 64 34 4 23 32% 10728 122573 8361 51%
c - 488.95 76 189 85 723 33825 1 12947798 88370 1.9 60 32 4 23 35% 10728 122573 8361 51%
c - 489.96 74 212 85 724 33827 1 12974686 86777 1.9 63 33 4 23 38% 10728 122573 8361 51%
c - 490.84 77 232 85 725 33828 1 13001593 79497 2.0 76 37 4 23 42% 10728 122573 8361 51%
c - 491.73 73 242 85 726 33841 1 13028519 79078 2.0 77 39 4 23 43% 10728 122573 8361 51%
c - 492.47 76 243 85 727 33852 1 13055463 86282 1.9 71 37 4 23 43% 10728 122573 8361 51%
c - 492.93 73 204 85 728 33859 1 13082425 95203 2.0 60 31 4 23 37% 10728 122573 8361 51%
c o 493.16 74 208 85 728 33860 1 13091583 103953 1.9 60 31 4 23 36% 10728 122573 8361 51%
c - 493.47 77 181 85 729 33871 1 13109406 101282 1.9 54 28 4 23 32% 10728 122573 8361 51%
c - 494.01 75 151 85 730 33881 1 13136407 104946 1.9 46 24 4 23 27% 10728 122573 8361 51%
c - 494.54 77 124 85 731 33890 1 13163425 108830 2.0 40 20 4 23 24% 10728 122573 8361 51%
c - 495.10 72 102 85 732 33891 1 13190462 110257 2.0 36 18 4 23 21% 10728 122573 8361 51%
c - 495.97 75 87 85 733 33892 1 13217518 111420 2.1 33 16 4 23 19% 10728 122573 8361 51%
c W 496.25 62 83 85 733 33892 1 13225625 119297 2.1 32 15 4 23 18% 10728 122573 8361 51%
c u 496.66 80 97 85 733 33892 1 13237659 130118 2.1 31 15 4 23 18% 10728 122573 8361 51%
c v 496.89 83 97 85 733 33892 1 13237659 129943 2.1 31 15 4 23 18% 10728 122573 8361 51%
c w 496.97 86 97 85 733 33892 1 13237659 129780 2.1 31 15 4 23 18% 10728 122573 8361 51%
c x 497.14 75 97 85 733 33892 1 13237659 129773 2.1 31 15 4 23 18% 10729 122413 8361 51%
c - 497.32 77 97 85 734 33892 1 13244592 112240 2.1 30 14 4 23 18% 10729 122413 8361 51%
c
c seconds    switched      rate             size/glue  tier1     binary          remaining
c         MB   reductions     conflicts           size   tier2       irredundant
c          level     restarts         redundant      glue    trail          variables
c
c ] 497.71 70 89 86 734 33892 1 13261293 128353 2.2 29 13 4 23 18% 10729 122413 8361 51%
c { 497.71 70 41 86 734 33892 2 13261293 128353 2.2 19 8 3 11 9% 10729 122413 8361 51%
c - 498.04 77 42 86 735 33926 2 13271685 113036 2.2 19 8 3 11 10% 10729 122413 8361 51%
c - 498.85 76 42 86 736 33999 2 13298796 114870 2.2 19 8 3 11 10% 10729 122413 8361 51%
c - 499.59 78 44 86 737 34081 2 13325925 115000 2.3 19 8 3 11 10% 10729 122413 8361 51%
c - 500.34 78 45 86 738 34216 2 13353072 116100 2.3 19 8 3 11 11% 10729 122413 8361 51%
c - 501.08 77 46 86 739 34319 2 13380238 117465 2.3 18 8 3 11 11% 10729 122413 8361 51%
c s 501.52 77 46 86 739 34367 2 13392319 128958 2.3 18 8 3 11 11% 10730 122394 8361 51%
c e 501.54 66 46 86 739 34367 2 13392319 128958 2.3 18 8 3 11 11% 10723 122415 8360 51%
c s 501.54 66 46 86 739 34367 2 13392319 128958 2.3 18 8 3 11 11% 10723 122403 8360 51%
c - 502.10 75 46 86 740 34434 2 13407422 119439 2.3 19 8 3 11 11% 10723 122403 8360 51%
c - 502.97 73 45 86 741 34567 2 13434625 120091 2.3 18 8 3 10 11% 10723 122403 8360 51%
c - 503.71 77 44 86 742 34662 2 13461846 120296 2.3 18 8 3 10 11% 10723 122403 8360 51%
c - 504.69 77 48 86 743 34819 2 13489085 121758 2.3 18 8 3 10 11% 10723 122403 8360 51%
c - 505.71 75 55 86 744 34970 2 13516345 122466 2.3 18 8 3 10 12% 10723 122403 8360 51%
c - 506.56 77 56 86 745 35101 2 13543621 124166 2.3 18 8 3 10 12% 10723 122403 8360 51%
c - 507.24 76 77 86 746 35196 2 13570915 125400 2.3 18 8 3 10 14% 10723 122403 8360 51%
c - 508.36 79 75 86 747 35413 2 13598229 126369 2.3 18 8 3 10 15% 10724 122403 8360 51%
c o 508.47 76 76 86 747 35439 2 13601832 129752 2.3 18 8 3 10 15% 10724 122403 8360 51%
c u 509.22 70 74 86 747 35514 2 13616912 140660 2.3 18 8 3 10 15% 10725 122403 8360 51%
c
c seconds    switched      rate             size/glue tier1     binary          remaining
c         MB   reductions     conflicts           size  tier2       irredundant
c          level     restarts         redundant     glue    trail          variables
c
c v 509.57 76 74 86 747 35514 2 13616912 139399 2.3 18 8 3 10 15% 10725 122403 8360 51%
c w 509.69 76 74 86 747 35514 2 13616912 139289 2.3 18 8 3 10 15% 10725 122403 8360 51%
c = 510.07 78 74 86 747 35514 2 13616912 139289 2.3 18 8 3 10 15% 10727 122403 8359 51%
c d 510.08 78 74 86 747 35514 2 13616912 139281 2.3 18 8 3 10 15% 10723 122403 8359 51%
c t 510.09 78 74 86 747 35514 2 13616912 139281 2.3 18 8 3 10 15% 10722 122403 8359 51%
c u 510.38 83 74 86 747 35514 2 13616912 133821 2.3 18 8 3 10 15% 10722 122403 8359 51%
c v 510.74 83 74 86 747 35514 2 13616912 132421 2.3 18 8 3 10 15% 10722 122403 8359 51%
c w 510.86 83 74 86 747 35514 2 13616912 132262 2.3 18 8 3 10 15% 10722 122403 8359 51%
c - 511.23 77 78 86 748 35587 3 13625562 117233 2.3 19 8 3 10 16% 10722 122403 8359 51%
c } 511.45 74 79 87 748 35617 3 13634149 125548 2.3 19 8 3 10 16% 10722 122403 8359 51%
c [ 511.45 74 89 87 748 35617 1 13634149 125548 2.2 29 13 4 23 18% 10722 122403 8359 51%
c O 511.74 76 80 87 748 35626 1 13650150 140272 2.1 28 13 4 23 16% 10722 122403 8359 51%
c - 511.78 76 78 87 749 35629 1 13652911 117723 2.1 28 13 4 23 15% 10722 122403 8359 51%
c - 512.24 72 66 87 750 35639 1 13680279 114672 2.0 26 13 4 23 13% 10723 122403 8359 51%
c - 512.77 76 77 87 751 35647 1 13707666 109142 1.9 26 14 4 22 14% 10723 122403 8359 51%
c - 513.27 78 92 87 752 35659 1 13735070 104813 1.8 29 16 4 22 15% 10723 122403 8359 51%
c - 513.88 77 117 87 753 35669 1 13762492 103666 1.9 31 16 4 22 18% 10723 122403 8359 51%
c - 514.51 72 140 87 754 35678 1 13789932 96481 1.9 45 24 4 23 20% 10723 122403 8359 51%
c - 515.23 75 161 87 755 35679 1 13817392 87651 1.8 51 28 4 23 22% 10723 122403 8359 51%
c - 515.91 75 174 87 756 35686 1 13844870 96460 1.8 49 26 4 23 24% 10723 122403 8359 51%
c
c seconds     switched      rate             size/glue  tier1     binary          remaining
c         MB    reductions     conflicts           size   tier2       irredundant
c           level     restarts         redundant      glue    trail          variables
c
c - 516.63 75 183 87 757 35699 1 13872367 104946 1.9 47 25 4 23 26% 10723 122403 8359 51%
c - 517.44 72 195 87 758 35710 1 13899881 103451 1.9 50 26 4 23 29% 10723 122403 8359 51%
c - 518.17 76 201 87 759 35717 1 13927412 103847 1.9 47 24 4 23 31% 10723 122403 8359 51%
c - 518.76 74 205 87 760 35730 1 13954962 101855 1.9 51 27 4 23 32% 10723 122403 8359 51%
c - 519.36 77 208 87 761 35740 1 13982531 99966 1.9 49 26 4 23 32% 10723 122403 8359 51%
c d 519.94 72 217 87 761 35742 1 14002006 119182 2.0 60 29 4 23 35% 10721 122403 8358 51%
c u 520.16 76 217 87 761 35742 1 14002006 113934 2.0 60 29 4 23 35% 10721 122403 8358 51%
c v 520.40 78 217 87 761 35742 1 14002006 112508 2.0 60 29 4 23 35% 10721 122403 8358 51%
c w 520.59 86 217 87 761 35742 1 14002006 112504 2.0 60 29 4 23 35% 10721 122403 8358 51%
c t 520.60 86 217 87 761 35742 1 14002006 112504 2.0 60 29 4 23 35% 10720 122403 8358 51%
c u 520.86 74 217 87 761 35742 1 14002006 108596 2.0 60 29 4 23 35% 10721 122403 8358 51%
c v 521.11 76 217 87 761 35742 1 14002006 106734 2.0 60 29 4 23 35% 10721 122403 8358 51%
c w 521.28 82 217 87 761 35742 1 14002006 106732 2.0 60 29 4 23 35% 10721 122403 8358 51%
c - 521.59 73 219 87 762 35742 1 14010117 84581 2.0 62 31 4 23 35% 10721 122403 8358 51%
c - 522.55 75 222 87 763 35743 1 14037724 75810 2.0 72 37 4 23 36% 10721 122403 8358 51%
c - 523.31 70 220 87 764 35743 1 14065347 72956 1.9 80 42 4 23 36% 10721 122403 8358 51%
c B 523.96 71 217 87 764 35743 1 14085253 92460 1.9 90 47 4 23 37% 10721 122403 8358 51%
c - 524.11 73 215 87 765 35743 1 14092989 74587 1.9 85 45 4 24 36% 10721 122403 8358 51%
c - 524.79 74 215 87 766 35757 1 14120647 85894 1.9 77 41 4 24 37% 10721 122403 8358 51%
c o 524.89 74 217 87 766 35758 1 14123272 88480 1.9 77 41 4 24 38% 10721 122403 8358 51%
c
c seconds     switched      rate            size/glue  tier1     binary          remaining
c         MB    reductions     conflicts          size   tier2       irredundant
c           level     restarts         redundant     glue    trail          variables
c
c - 525.29 71 186 87 767 35769 1 14148323 99059 1.9 65 34 4 23 32% 10721 122403 8358 51%
c ] 525.95 75 178 88 767 35774 1 14170976 120311 1.9 59 32 4 23 30% 10721 122403 8358 51%
c { 525.95 75 79 88 767 35774 3 14170976 120311 2.3 19 8 3 10 16% 10721 122403 8358 51%
c - 526.23 74 81 88 768 35862 3 14176018 104584 2.3 19 8 3 10 16% 10721 122403 8358 51%
c - 527.50 68 83 88 769 36195 3 14203731 107751 2.1 20 9 3 10 16% 10721 122403 8358 51%
c - 528.43 71 93 88 770 36410 3 14231462 112273 2.1 21 10 3 10 17% 10721 122403 8358 51%
c - 529.59 74 86 88 771 36622 3 14259210 115890 2.0 21 10 3 10 16% 10721 122403 8358 51%
c - 530.65 77 84 88 772 36797 3 14286976 118454 2.0 21 10 3 10 15% 10721 122403 8358 51%
c - 531.40 79 74 88 773 36846 2 14314761 119519 2.0 21 10 3 10 14% 10721 122403 8358 51%
c - 532.21 76 75 88 774 36965 2 14342563 119112 2.1 22 11 3 10 14% 10722 122403 8358 51%
c - 533.05 77 67 88 775 37018 2 14370383 119059 2.1 22 10 3 10 13% 10722 122403 8358 51%
c u 534.07 79 60 88 775 37089 2 14392967 137354 2.1 21 10 3 10 12% 10722 122403 8358 51%
c v 534.44 82 60 88 775 37089 2 14392967 135406 2.1 21 10 3 10 12% 10722 122403 8358 51%
c w 534.57 82 60 88 775 37089 2 14392967 134548 2.1 21 10 3 10 12% 10722 122403 8358 51%
c - 534.79 76 60 88 776 37105 2 14398222 115147 2.1 21 10 3 10 12% 10722 122403 8358 51%
c - 535.68 75 65 88 777 37202 2 14426079 117543 2.2 21 10 3 10 13% 10722 122403 8358 51%
c s 535.92 77 63 88 777 37215 2 14435637 126747 2.2 21 10 3 10 13% 10722 122345 8358 51%
c e 535.93 66 63 88 777 37215 2 14435637 126747 2.2 21 10 3 10 13% 10721 122345 8357 51%
c - 536.42 77 58 88 778 37225 2 14453953 118198 2.3 22 9 3 10 12% 10721 122345 8357 51%
c - 537.62 75 60 88 779 37421 2 14481845 117979 2.3 22 10 3 10 12% 10721 122345 8357 51%
c
c seconds    switched      rate             size/glue tier1     binary          remaining
c         MB   reductions     conflicts           size  tier2       irredundant
c          level     restarts         redundant     glue    trail          variables
c
c - 538.53 78 52 88 780 37466 2 14509755 116795 2.2 21 9 3 10 11% 10721 122345 8357 51%
c - 539.62 77 55 88 781 37605 2 14537683 116491 2.2 21 10 3 10 11% 10722 122345 8357 51%
c } 540.29 70 54 89 781 37643 2 14559913 137933 2.2 21 9 3 10 11% 10722 122345 8357 51%
c [ 540.29 70 178 89 781 37643 1 14559913 137933 1.9 59 32 4 23 30% 10722 122345 8357 51%
c W 540.31 62 178 89 781 37643 1 14559913 137933 1.9 59 32 4 23 30% 10722 122345 8357 51%
c - 540.47 62 171 89 782 37647 1 14565629 118473 1.9 58 31 4 23 29% 10722 122345 8357 51%
c - 541.02 79 135 89 783 37658 1 14593593 117253 1.9 48 26 4 23 23% 10722 122345 8357 51%
c - 541.57 75 120 89 784 37672 1 14621575 114241 1.8 42 23 4 23 20% 10722 122345 8357 51%
c - 542.18 70 103 89 785 37679 1 14649576 115017 1.8 37 20 4 23 18% 10722 122345 8357 51%
c o 542.28 71 102 89 785 37681 1 14654629 119924 1.8 36 20 4 23 18% 10722 122345 8357 51%
c - 542.72 76 91 89 786 37691 1 14677593 119210 1.9 33 18 4 23 16% 10722 122345 8357 51%
c - 543.74 79 76 89 787 37703 1 14705628 120053 1.9 30 16 4 23 14% 10722 122345 8357 51%
c - 544.46 74 67 89 788 37705 1 14733681 123012 2.0 28 15 4 23 13% 10722 122345 8357 51%
c - 545.33 78 61 89 789 37708 1 14761753 125646 2.0 27 13 4 23 13% 10722 122345 8357 51%
c d 546.25 74 55 89 789 37720 1 14789794 151921 2.1 26 12 4 23 12% 10720 122345 8356 51%
c u 546.51 78 55 89 789 37720 1 14789794 150154 2.1 26 12 4 23 12% 10720 122345 8356 51%
c v 546.88 81 55 89 789 37720 1 14789794 149831 2.1 26 12 4 23 12% 10720 122345 8356 51%
c w 547.02 82 55 89 789 37720 1 14789794 149593 2.1 26 12 4 23 12% 10720 122345 8356 51%
c u 547.28 83 55 89 789 37720 1 14789794 147830 2.1 26 12 4 23 12% 10720 122345 8356 51%
c v 547.55 83 55 89 789 37720 1 14789794 147487 2.1 26 12 4 23 12% 10720 122345 8356 51%
c
c seconds    switched      rate             size/glue  tier1     binary          remaining
c         MB   reductions     conflicts           size   tier2       irredundant
c          level     restarts         redundant      glue    trail          variables
c
c w 547.66 83 55 89 789 37720 1 14789794 147320 2.1 26 12 4 23 12% 10720 122345 8356 51%
c x 547.83 87 55 89 789 37720 1 14789794 147316 2.1 26 12 4 23 12% 10720 122210 8356 51%
c - 549.04 70 55 89 790 37720 1 14789842 121670 2.1 26 12 4 23 12% 10720 122210 8356 51%
c - 549.62 76 49 89 791 37735 1 14817949 119929 2.0 25 12 4 23 11% 10721 122210 8356 51%
c - 550.23 78 46 89 792 37741 1 14846073 118444 2.0 24 12 4 23 11% 10721 122210 8356 51%
c - 551.10 78 73 89 793 37753 1 14874216 112888 2.0 33 16 4 23 15% 10721 122210 8356 51%
c - 552.04 77 116 89 794 37766 1 14902376 104385 1.9 39 20 4 23 22% 10721 122210 8356 51%
c - 553.01 76 151 89 795 37768 1 14930556 100060 1.9 39 21 4 23 26% 10721 122210 8356 51%
c - 553.54 74 188 89 796 37769 1 14958751 107211 1.9 35 19 4 23 31% 10721 122210 8356 51%
c - 554.12 76 152 89 797 37769 1 14986964 116179 2.0 32 16 4 23 27% 10721 122210 8356 51%
c - 555.04 71 124 89 798 37769 1 15015195 119057 2.1 31 15 4 23 24% 10721 122210 8356 51%
c I 555.08 71 123 89 798 37769 1 15016447 120259 2.1 30 15 4 23 23% 10721 122210 8356 51%
c - 555.97 79 164 89 799 37783 1 15043443 117748 2.0 41 20 4 23 30% 10721 122210 8356 51%
c ] 556.51 73 182 90 799 37790 1 15060994 134904 2.1 46 22 4 23 33% 10721 122210 8356 51%
c { 556.51 73 54 90 799 37790 2 15060994 134904 2.2 21 9 3 10 11% 10721 122210 8356 51%
c - 557.08 77 79 90 800 37979 2 15071709 105720 2.1 23 11 3 10 15% 10721 122210 8356 51%
c - 558.22 74 135 90 801 38276 3 15099993 107949 2.0 27 13 3 10 23% 10721 122210 8356 51%
c - 559.42 78 168 90 802 38558 4 15128295 113077 1.9 29 15 3 10 28% 10722 122210 8356 51%
c - 560.21 76 169 90 803 38587 3 15156615 118158 2.0 27 14 3 10 27% 10722 122210 8356 51%
c - 561.08 78 165 90 804 38587 3 15184952 121878 2.0 25 13 3 10 26% 10722 122210 8356 51%
c
c seconds     switched      rate             size/glue  tier1     binary          remaining
c         MB    reductions     conflicts           size   tier2       irredundant
c           level     restarts         redundant      glue    trail          variables
c
c u 561.62 75 164 90 804 38587 2 15192500 127002 2.0 25 12 3 10 25% 10722 122210 8356 51%
c v 561.99 78 164 90 804 38587 2 15192500 125478 2.0 25 12 3 10 25% 10722 122210 8356 51%
c w 562.13 78 164 90 804 38587 2 15192500 125201 2.0 25 12 3 10 25% 10722 122210 8356 51%
c o 562.30 77 168 90 804 38624 3 15194662 127326 2.0 25 13 3 10 26% 10722 122210 8356 51%
c - 563.11 78 171 90 805 38738 3 15213307 119258 2.0 26 13 3 10 27% 10722 122210 8356 51%
c - 563.81 78 184 90 806 38809 3 15241679 120376 2.0 25 13 3 10 30% 10722 122210 8356 51%
c - 564.53 78 210 90 807 38853 2 15270069 122508 2.0 25 12 3 10 35% 10722 122210 8356 51%
c - 565.49 76 210 90 808 39026 3 15298476 123854 2.1 26 12 3 10 33% 10722 122210 8356 51%
c - 566.35 77 221 90 809 39196 3 15326902 123055 2.0 26 13 3 10 35% 10722 122210 8356 51%
c - 567.29 70 228 90 810 39351 3 15355344 123340 2.0 27 13 3 10 35% 10722 122210 8356 51%
c - 568.07 70 232 90 811 39453 3 15383805 125451 2.0 27 13 3 10 35% 10722 122210 8356 51%
c - 568.97 79 229 90 812 39579 3 15412284 126653 2.0 27 13 3 10 34% 10722 122210 8356 51%
c - 569.70 77 212 90 813 39588 2 15440779 128617 2.0 25 12 3 10 29% 10722 122210 8356 51%
c } 570.68 74 223 91 813 39790 3 15466315 153150 1.9 27 14 3 10 31% 10722 122210 8356 51%
c [ 570.68 74 182 91 813 39790 1 15466315 153150 2.1 46 22 4 23 33% 10722 122210 8356 51%
c - 570.82 76 185 91 814 39792 1 15469292 127679 2.1 47 23 4 23 34% 10722 122210 8356 51%
c B 571.23 78 197 91 814 39801 1 15483836 141903 2.0 47 23 4 23 36% 10722 122210 8356 51%
c - 571.66 79 185 91 815 39804 1 15497822 122982 2.0 45 22 4 23 35% 10722 122210 8356 51%
c s 572.25 76 173 91 815 39819 1 15525552 148978 2.0 41 20 4 23 32% 10722 122208 8356 51%
c s 572.26 77 173 91 815 39819 1 15525552 148978 2.0 41 20 4 23 32% 10722 122207 8356 51%
c
c seconds     switched      rate             size/glue  tier1     binary          remaining
c         MB    reductions     conflicts           size   tier2       irredundant
c           level     restarts         redundant      glue    trail          variables
c
c - 572.31 77 174 91 816 39819 1 15526370 124055 2.0 41 20 4 23 32% 10722 122207 8356 51%
c - 573.17 77 204 91 817 39826 1 15554935 123590 2.0 41 21 4 22 36% 10722 122207 8356 51%
c - 574.19 75 224 91 818 39837 1 15583518 119979 2.0 46 23 4 23 39% 10722 122207 8356 51%
c u 575.05 72 229 91 818 39848 1 15601097 132488 2.0 49 25 4 23 40% 10723 122207 8356 51%
c v 575.42 75 229 91 818 39848 1 15601097 131832 2.0 49 25 4 23 40% 10723 122207 8356 51%
c w 575.68 77 229 91 818 39848 1 15601097 131642 2.0 49 25 4 23 40% 10723 122207 8356 51%
c - 576.03 74 228 91 819 39850 1 15612119 111638 2.0 52 26 4 23 40% 10723 122207 8356 51%
c - 577.04 78 227 91 820 39852 1 15640738 109316 2.0 57 28 4 23 41% 10723 122207 8356 51%
c - 578.07 74 231 91 821 39857 1 15669375 102490 2.0 70 34 4 23 44% 10723 122207 8356 51%
c - 578.91 77 214 91 822 39869 1 15698028 105012 2.0 64 31 4 23 39% 10723 122207 8356 51%
c - 579.76 75 213 91 823 39882 1 15726698 114685 2.0 59 29 4 23 38% 10723 122207 8356 51%
c o 580.46 78 223 91 823 39884 1 15746031 133770 2.0 66 32 4 23 41% 10723 122207 8356 51%
c - 580.79 76 232 91 824 39890 1 15755387 112382 2.0 65 32 4 23 42% 10723 122207 8356 51%
c - 581.90 73 239 91 825 39902 1 15784093 105761 2.1 77 37 4 23 44% 10723 122207 8356 51%
c - 582.86 76 250 91 826 39914 1 15812815 104490 2.0 80 40 4 23 46% 10723 122207 8356 51%
c - 583.91 73 267 91 827 39915 1 15841556 107493 2.1 84 41 4 23 48% 10723 122207 8356 51%
c - 584.99 77 284 91 828 39916 1 15870313 111468 2.0 82 41 4 23 49% 10723 122207 8356 51%
c - 585.73 70 295 91 829 39916 1 15899087 115431 2.0 77 38 4 23 51% 10723 122207 8356 51%
c ] 586.00 70 299 92 829 39916 1 15911745 127498 2.0 71 35 4 23 52% 10723 122207 8356 51%
c { 586.00 70 223 92 829 39916 3 15911745 127498 1.9 27 14 3 10 31% 10723 122207 8356 51%
c
c seconds     switched      rate             size/glue  tier1     binary          remaining
c         MB    reductions     conflicts           size   tier2       irredundant
c           level     restarts         redundant      glue    trail          variables
c
c - 586.43 70 226 92 830 39963 3 15927879 122401 1.9 27 14 3 10 32% 10723 122207 8356 51%
c - 587.13 78 222 92 831 40043 3 15956688 130452 2.0 26 13 3 10 32% 10723 122207 8356 51%
c - 588.10 79 225 92 832 40236 3 15985517 131698 1.9 27 14 3 10 34% 10723 122207 8356 51%
c - 589.03 77 228 92 833 40379 3 16014361 131022 1.9 27 14 3 10 34% 10723 122207 8356 51%
c u 589.34 71 228 92 833 40379 3 16015611 125827 1.9 27 14 3 10 35% 10724 122207 8356 51%
c v 589.68 75 228 92 833 40379 3 16015611 124573 1.9 27 14 3 10 35% 10724 122207 8356 51%
c w 589.84 76 228 92 833 40379 3 16015611 124378 1.9 27 14 3 10 35% 10724 122207 8356 51%
c - 590.65 79 225 92 834 40475 3 16043223 126071 2.0 27 14 3 10 35% 10724 122207 8356 51%
c - 591.57 78 230 92 835 40639 3 16072103 128428 2.0 27 14 3 11 37% 10725 122207 8356 51%
c - 592.24 79 235 92 836 40674 3 16100999 130828 2.0 26 13 3 11 39% 10725 122207 8356 51%
c - 593.22 79 239 92 837 40837 3 16129912 131224 2.0 27 13 3 11 39% 10725 122207 8356 51%
c - 594.12 70 239 92 838 40955 3 16158842 132764 2.0 27 14 3 11 39% 10725 122207 8356 51%
c - 595.07 70 236 92 839 41061 3 16187790 132057 2.0 27 14 3 11 38% 10725 122207 8356 51%
c - 595.88 79 232 92 840 41096 2 16216756 133193 1.9 26 13 3 11 37% 10725 122207 8356 51%
c - 596.93 80 234 92 841 41287 3 16245739 132759 1.9 27 14 3 11 38% 10725 122207 8356 51%
c - 597.58 78 231 92 842 41308 2 16274740 133314 2.0 26 13 3 11 38% 10725 122207 8356 51%
c - 598.19 70 207 92 843 41308 2 16303757 135328 2.0 24 12 3 11 34% 10725 122207 8356 51%
c o 598.47 71 197 92 843 41309 2 16315114 146216 2.0 24 12 3 11 32% 10725 122207 8356 51%
c - 599.23 72 201 92 844 41480 2 16332791 135295 2.0 26 13 3 11 32% 10725 122207 8356 51%
c } 599.25 72 202 93 844 41480 2 16333751 136224 2.0 26 13 3 11 32% 10725 122207 8356 51%
c
c seconds     switched      rate             size/glue  tier1     binary          remaining
c         MB    reductions     conflicts           size   tier2       irredundant
c           level     restarts         redundant      glue    trail          variables
c
c [ 599.25 72 299 93 844 41480 1 16333751 136224 2.0 71 35 4 23 52% 10725 122207 8356 51%
c W 599.35 62 299 93 844 41480 1 16333751 136224 2.0 71 35 4 23 52% 10725 122207 8356 51%
c - 600.65 73 283 93 845 41494 1 16361842 124759 1.9 79 43 4 23 51% 10725 122207 8356 51%
c - 601.69 77 269 93 846 41508 1 16390911 107855 1.8 87 49 4 23 51% 10725 122207 8356 51%
c - 602.82 76 275 93 847 41513 1 16419997 105675 1.9 89 48 4 24 53% 10725 122207 8356 51%
c u 603.51 62 253 93 847 41523 1 16436042 115164 1.9 81 44 4 24 49% 10729 122207 8356 51%
c v 603.85 62 253 93 847 41523 1 16436042 113712 1.9 81 44 4 24 49% 10729 122207 8356 51%
c w 604.01 78 253 93 847 41523 1 16436042 112800 1.9 81 44 4 24 49% 10729 122207 8356 51%
c t 604.03 78 253 93 847 41523 1 16436042 112800 1.9 81 44 4 24 49% 10727 122207 8356 51%
c - 604.57 75 259 93 848 41526 1 16449101 108381 1.9 77 42 4 23 49% 10727 122207 8356 51%
c - 605.44 75 239 93 849 41540 1 16478222 116053 1.9 67 36 4 23 44% 10727 122207 8356 51%
c - 606.52 78 235 93 850 41542 1 16507360 114190 1.9 73 39 4 24 43% 10727 122207 8356 51%
c - 607.25 76 223 93 851 41546 1 16536515 116608 1.9 60 32 4 23 37% 10727 122207 8356 51%
c - 607.81 71 179 93 852 41558 1 16565687 129182 1.9 51 27 4 23 30% 10727 122207 8356 51%
c - 608.42 76 141 93 853 41572 1 16594876 130244 1.9 43 23 4 23 24% 10727 122207 8356 51%
c - 609.65 76 165 93 854 41580 1 16624082 121881 1.8 54 30 4 23 26% 10727 122207 8356 51%
c - 610.51 78 173 93 855 41594 1 16653305 119055 1.8 49 27 4 23 28% 10727 122207 8356 51%
c s 610.70 69 161 93 855 41598 1 16662648 127561 1.8 46 26 4 23 26% 10728 122199 8356 51%
c e 610.71 72 161 93 855 41598 1 16662648 127561 1.8 46 26 4 23 26% 10731 122208 8355 51%
c - 611.30 77 153 93 856 41604 1 16682545 125291 1.8 45 24 4 23 25% 10731 122208 8355 51%
c
c seconds     switched      rate             size/glue  tier1     binary          remaining
c         MB    reductions     conflicts           size   tier2       irredundant
c           level     restarts         redundant      glue    trail          variables
c
c - 611.91 70 181 93 857 41605 1 16711802 130151 1.9 39 21 4 23 29% 10731 122208 8355 51%
c - 612.82 79 205 93 858 41606 1 16741078 130081 1.9 41 21 4 23 32% 10731 122208 8355 51%
c ] 613.44 71 233 94 858 41606 1 16764709 152840 2.0 39 20 4 23 37% 10731 122208 8355 51%
c { 613.44 71 202 94 858 41606 2 16764709 152840 2.0 26 13 3 11 32% 10731 122208 8355 51%
c - 613.58 77 192 94 859 41609 2 16770369 130558 2.0 25 13 3 11 31% 10731 122208 8355 51%
c - 614.24 71 169 94 860 41615 2 16799677 132326 2.0 24 12 3 11 28% 10731 122208 8355 51%
c - 615.15 78 165 94 861 41642 2 16829002 135624 2.0 23 11 3 11 27% 10731 122208 8355 51%
c - 616.34 79 134 94 862 41724 2 16858345 137636 2.0 22 11 3 11 22% 10731 122208 8355 51%
c u 616.71 74 131 94 862 41724 2 16862414 138677 2.0 22 11 3 11 22% 10731 122208 8355 51%
c v 617.06 77 131 94 862 41724 2 16862414 138031 2.0 22 11 3 11 22% 10731 122208 8355 51%
c w 617.20 77 131 94 862 41724 2 16862414 137742 2.0 22 11 3 11 22% 10731 122208 8355 51%
c t 617.21 77 131 94 862 41724 2 16862414 137742 2.0 22 11 3 11 22% 10730 122208 8355 51%
c o 618.02 79 112 94 862 41820 2 16885258 158248 2.0 22 11 3 11 19% 10730 122208 8355 51%
c - 618.14 74 110 94 863 41843 2 16887704 134147 2.0 22 11 3 11 19% 10730 122208 8355 51%
c - 619.10 79 93 94 864 41902 2 16917080 137155 2.0 22 11 3 11 17% 10730 122208 8355 51%
c - 620.06 78 105 94 865 42003 2 16946473 139572 2.1 21 10 3 11 19% 10732 122208 8355 51%
c - 621.06 80 97 94 866 42121 2 16975883 138706 2.1 21 10 3 11 18% 10733 122208 8355 51%
c i 621.83 79 100 94 866 42264 2 17000088 161099 2.1 21 10 3 11 18% 10735 122208 8354 51%
c - 622.00 80 97 94 867 42294 2 17005310 138535 2.1 21 10 3 11 18% 10731 122208 8354 51%
c - 623.18 76 88 94 868 42517 2 17034754 138204 2.0 21 10 3 11 16% 10732 122208 8354 51%
c
c seconds    switched      rate             size/glue  tier1     binary          remaining
c         MB   reductions     conflicts           size   tier2       irredundant
c          level     restarts         redundant      glue    trail          variables
c
c - 624.26 70 77 94 869 42717 2 17064217 137225 2.0 21 10 3 11 14% 10732 122208 8354 51%
c - 625.18 78 66 94 870 42831 2 17093695 137059 2.0 21 10 3 11 13% 10733 122208 8354 51%
c - 626.38 78 62 94 871 43064 2 17123190 138039 2.0 21 10 3 11 12% 10733 122208 8354 51%
c - 627.10 70 56 94 872 43100 2 17152702 138160 2.1 21 10 3 11 12% 10733 122208 8354 51%
c - 627.86 74 51 94 873 43148 2 17182231 135196 2.3 22 9 3 11 11% 10733 122208 8354 51%
c } 628.52 78 51 95 873 43404 2 17203696 154986 2.2 21 10 3 11 11% 10733 122208 8354 51%
c [ 628.52 78 233 95 873 43404 1 17203696 154986 2.0 39 20 4 23 37% 10733 122208 8354 51%
c O 628.52 78 233 95 873 43404 1 17203696 154986 2.0 39 20 4 23 37% 10733 122208 8354 51%
c - 628.68 78 217 95 874 43409 1 17211778 135095 2.0 37 19 4 23 34% 10733 122208 8354 51%
c - 629.29 77 168 95 875 43422 1 17241341 129593 1.9 33 17 4 23 27% 10733 122208 8354 51%
c - 629.74 70 135 95 876 43434 1 17270922 125203 1.9 29 16 4 23 21% 10733 122208 8354 51%
c d 630.17 70 110 95 876 43441 1 17294728 145009 1.8 27 15 4 23 17% 10732 122154 8353 51%
c u 630.47 77 110 95 876 43441 1 17294728 140738 1.8 27 15 4 23 17% 10732 122154 8353 51%
c v 630.84 79 110 95 876 43441 1 17294728 138487 1.8 27 15 4 23 17% 10732 122154 8353 51%
c w 631.01 80 110 95 876 43441 1 17294728 133940 1.8 27 15 4 23 17% 10732 122154 8353 51%
c t 631.03 80 110 95 876 43441 1 17294728 133940 1.8 27 15 4 23 17% 10727 122154 8353 51%
c u 631.34 83 110 95 876 43441 1 17294728 126809 1.8 27 15 4 23 17% 10727 122154 8353 51%
c v 631.71 83 110 95 876 43441 1 17294728 124868 1.8 27 15 4 23 17% 10727 122154 8353 51%
c w 631.86 84 110 95 876 43441 1 17294728 122941 1.8 27 15 4 23 17% 10727 122154 8353 51%
c - 633.50 73 106 95 877 43443 1 17300519 102447 1.8 27 15 4 23 17% 10727 122154 8353 51%
c
c seconds    switched      rate             size/glue  tier1     binary          remaining
c         MB   reductions     conflicts           size   tier2       irredundant
c          level     restarts         redundant      glue    trail          variables
c
c - 634.08 77 85 95 878 43456 1 17330135 105562 1.8 26 14 4 23 14% 10727 122154 8353 51%
c - 634.62 73 88 95 879 43465 1 17359766 112862 1.8 25 13 4 23 14% 10727 122154 8353 51%
c - 635.11 76 81 95 880 43466 1 17389413 115456 1.9 24 13 4 23 14% 10727 122154 8353 51%
c - 635.80 70 69 95 881 43477 1 17419079 115996 1.9 23 12 4 23 12% 10727 122154 8353 51%
c - 636.38 75 57 95 882 43490 1 17448760 116511 1.9 23 12 4 23 10% 10727 122154 8353 51%
c o 636.77 76 51 95 882 43497 1 17468001 133380 1.9 22 12 4 23 9% 10727 122154 8353 51%
c - 636.95 78 48 95 883 43497 1 17478458 115830 1.9 22 12 4 23 9% 10727 122154 8353 51%
c - 637.51 74 41 95 884 43511 1 17508173 115501 1.9 22 11 4 22 8% 10728 122154 8353 51%
c - 638.12 77 36 95 885 43525 1 17537906 114288 1.9 21 11 4 22 7% 10728 122154 8353 51%
c - 638.71 75 33 95 886 43529 1 17567655 113656 1.9 21 11 4 22 7% 10728 122154 8353 51%
c - 639.35 77 32 95 887 43529 1 17597420 115510 2.0 21 11 4 22 8% 10728 122154 8353 51%
c - 639.99 75 76 95 888 43530 1 17627202 112795 1.9 28 15 4 22 13% 10728 122154 8353 51%
c - 640.51 77 105 95 889 43530 1 17657001 94961 1.7 38 22 4 22 18% 10728 122154 8353 51%
c - 641.06 74 123 95 890 43543 1 17686817 87029 1.7 39 23 4 23 20% 10728 122154 8353 51%
c B 641.37 75 130 95 890 43548 1 17704192 103291 1.7 37 22 4 23 20% 10728 122154 8353 51%
c - 641.76 72 146 95 891 43555 1 17716650 97274 1.7 42 24 4 23 23% 10728 122154 8353 51%
c u 642.47 77 164 95 891 43560 1 17733003 108534 1.8 48 27 4 23 27% 10730 122154 8353 51%
c v 642.66 78 164 95 891 43560 1 17733003 108066 1.8 48 27 4 23 27% 10730 122154 8353 51%
c w 642.78 79 164 95 891 43560 1 17733003 107912 1.8 48 27 4 23 27% 10730 122154 8353 51%
c x 642.95 81 164 95 891 43560 1 17733003 107907 1.8 48 27 4 23 27% 10730 121957 8352 51%
c
c seconds     switched      rate             size/glue  tier1     binary          remaining
c         MB    reductions     conflicts           size   tier2       irredundant
c           level     restarts         redundant      glue    trail          variables
c
c u 643.32 74 164 95 891 43560 1 17733003 104747 1.8 48 27 4 23 27% 10732 121943 8352 51%
c v 643.80 76 164 95 891 43560 1 17733003 104019 1.8 48 27 4 23 27% 10732 121943 8352 51%
c w 643.95 77 164 95 891 43560 1 17733003 103880 1.8 48 27 4 23 27% 10732 121943 8352 51%
c i 643.97 77 164 95 891 43560 1 17733003 103880 1.8 48 27 4 23 27% 10732 121943 8352 51%
c - 644.43 73 169 95 892 43561 1 17746499 88732 1.8 48 27 4 23 27% 10725 121943 8352 51%
c - 645.37 71 193 95 893 43576 1 17776365 88682 1.8 50 28 4 23 33% 10725 121943 8352 51%
c - 646.47 76 201 95 894 43590 1 17806248 95003 1.8 49 27 4 23 34% 10725 121943 8352 51%
c - 647.72 75 219 95 895 43593 1 17836147 95254 1.9 58 31 4 23 39% 10725 121943 8352 51%
c s 648.38 76 226 95 895 43593 1 17847551 106494 1.9 59 31 4 23 41% 10725 121928 8352 51%
c - 649.09 73 227 95 896 43594 1 17866063 90290 1.9 61 33 4 23 40% 10725 121928 8352 51%
c ] 650.00 76 235 96 896 43607 1 17889811 113428 1.8 65 35 4 23 41% 10725 121928 8352 51%
c { 650.00 76 51 96 896 43607 2 17889811 113428 2.2 21 10 3 11 11% 10725 121928 8352 51%
c - 650.23 73 55 96 897 43701 2 17895997 90870 2.1 22 10 3 11 11% 10725 121928 8352 51%
c - 650.96 74 55 96 898 43876 2 17925947 100584 2.1 22 11 3 11 11% 10725 121928 8352 51%
c - 652.04 76 59 96 899 44186 2 17955913 109677 1.9 22 11 3 11 11% 10725 121928 8352 51%
c - 653.26 71 61 96 900 44368 2 17985897 113415 1.9 21 11 3 11 11% 10725 121928 8352 51%
c - 654.63 75 56 96 901 44513 2 18015898 116268 1.8 21 11 3 11 10% 10725 121928 8352 51%
c - 655.91 78 67 96 902 44732 2 18045915 118816 1.8 21 12 3 11 11% 10725 121928 8352 51%
c o 656.58 76 63 96 902 44752 2 18058048 129979 1.8 21 12 3 11 10% 10725 121928 8352 51%
c - 656.88 70 76 96 903 44780 2 18075948 120464 1.9 21 11 3 11 12% 10725 121928 8352 51%
c
c seconds    switched      rate             size/glue  tier1     binary          remaining
c         MB   reductions     conflicts           size   tier2       irredundant
c          level     restarts         redundant      glue    trail          variables
c
c - 657.62 74 92 96 904 44862 2 18105997 119134 2.0 22 11 3 11 13% 10725 121928 8352 51%
c - 658.50 77 95 96 905 45022 2 18136063 119575 1.9 22 11 3 11 14% 10726 121928 8352 51%
c - 659.48 79 88 96 906 45250 2 18166146 117245 1.8 21 12 3 11 13% 10726 121928 8352 51%
c d 659.84 75 82 96 906 45263 2 18177232 127555 1.8 21 12 3 11 13% 10724 121928 8351 51%
c u 660.19 71 82 96 906 45263 2 18177232 123003 1.8 21 12 3 11 13% 10725 121928 8351 51%
c v 660.61 75 82 96 906 45263 2 18177232 121924 1.8 21 12 3 11 13% 10725 121928 8351 51%
c w 660.78 76 82 96 906 45263 2 18177232 121296 1.8 21 12 3 11 13% 10725 121928 8351 51%
c d 660.79 76 82 96 906 45263 2 18177232 121296 1.8 21 12 3 11 13% 10723 121928 8350 51%
c u 661.19 79 82 96 906 45263 2 18177232 117673 1.8 21 12 3 11 13% 10723 121928 8350 51%
c v 661.62 79 82 96 906 45263 2 18177232 116900 1.8 21 12 3 11 13% 10723 121928 8350 51%
c w 661.78 79 82 96 906 45263 2 18177232 116571 1.8 21 12 3 11 13% 10723 121928 8350 51%
c - 662.41 75 76 96 907 45336 2 18196246 109460 1.8 21 11 3 11 12% 10723 121928 8350 51%
c - 663.22 70 71 96 908 45388 2 18226362 113329 1.9 21 11 3 11 12% 10723 121928 8350 51%
c - 663.98 73 62 96 909 45426 2 18256495 115317 1.9 21 11 3 11 12% 10723 121928 8350 51%
c - 664.86 77 69 96 910 45629 2 18286647 116375 1.9 21 11 3 11 12% 10723 121928 8350 51%
c - 665.91 78 63 96 911 45753 2 18316813 117063 1.9 21 11 3 11 11% 10723 121928 8350 51%
c } 667.09 76 64 97 911 45883 2 18346075 143756 1.9 21 11 3 11 11% 10723 121928 8350 51%
c [ 667.09 76 235 97 911 45883 1 18346075 143756 1.8 65 35 4 23 41% 10723 121928 8350 51%
c W 667.16 62 235 97 911 45883 1 18346075 143756 1.8 65 35 4 23 41% 10723 121928 8350 51%
c - 667.20 62 235 97 912 45883 1 18346995 119030 1.8 65 35 4 23 41% 10723 121928 8350 51%
c
c seconds     switched      rate             size/glue  tier1     binary          remaining
c         MB    reductions     conflicts           size   tier2       irredundant
c           level     restarts         redundant      glue    trail          variables
c
c - 668.18 62 244 97 913 45897 1 18377194 110456 1.8 72 39 4 23 43% 10724 121928 8350 51%
c - 669.18 62 243 97 914 45912 1 18407409 92086 1.7 81 47 4 23 44% 10724 121928 8350 51%
c - 670.59 65 236 97 915 45920 1 18437641 81214 1.7 99 60 4 23 46% 10724 121928 8350 51%
c - 671.52 65 229 97 916 45934 1 18467890 81158 1.6 97 61 4 23 44% 10724 121928 8350 51%
c - 672.57 65 230 97 917 45944 1 18498156 81816 1.5 104 69 4 24 45% 10724 121928 8350 51%
c - 673.88 65 227 97 918 45945 1 18528438 75445 1.5 113 77 4 24 46% 10724 121928 8350 51%
c - 674.86 65 225 97 919 45955 1 18558736 78631 1.5 109 75 4 24 46% 10724 121928 8350 51%
c - 676.20 65 226 97 920 45968 1 18589052 80339 1.4 117 83 4 25 46% 10724 121928 8350 51%
c - 677.28 65 235 97 921 45976 1 18619383 79574 1.4 113 81 4 25 48% 10724 121928 8350 51%
c u 677.80 65 237 97 921 45978 1 18627450 80295 1.4 107 76 4 25 48% 10727 121928 8350 51%
c v 678.10 65 237 97 921 45978 1 18627450 76860 1.4 107 76 4 25 48% 10727 121928 8350 51%
c w 678.29 65 237 97 921 45978 1 18627450 76301 1.4 107 76 4 25 48% 10727 121928 8350 51%
c d 678.30 65 237 97 921 45978 1 18627450 76298 1.4 107 76 4 25 48% 10725 121928 8349 51%
c u 678.60 65 237 97 921 45978 1 18627450 68647 1.4 107 76 4 25 48% 10729 121928 8349 51%
c v 678.83 65 237 97 921 45978 1 18627450 67155 1.4 107 76 4 25 48% 10729 121928 8349 51%
c w 679.10 65 237 97 921 45978 1 18627450 66777 1.4 107 76 4 25 48% 10729 121928 8349 51%
c - 679.57 65 212 97 922 45990 1 18649732 75561 1.4 94 66 4 25 43% 10729 121928 8349 51%
c o 679.79 65 211 97 922 45992 1 18658792 84226 1.4 92 64 4 25 43% 10729 121928 8349 51%
c - 680.23 65 197 97 923 46005 1 18680096 92309 1.4 80 55 4 25 39% 10729 121928 8349 51%
c - 680.92 65 213 97 924 46008 1 18710478 96842 1.5 72 48 4 25 39% 10729 121928 8349 51%
c
c seconds     switched      rate            size/glue  tier1     binary          remaining
c         MB    reductions     conflicts          size   tier2       irredundant
c           level     restarts         redundant     glue    trail          variables
c
c - 682.13 65 218 97 925 46008 1 18740876 81151 1.5 90 61 4 26 42% 10729 121928 8349 51%
c - 684.12 52 222 97 926 46009 1 18771290 62031 1.4 117 82 4 26 44% 10729 121928 8349 51%
c - 686.07 67 222 97 927 46009 1 18801722 56181 1.4 137 97 4 27 45% 10729 121928 8349 51%
c - 687.06 67 224 97 928 46024 1 18832168 59487 1.4 130 93 4 28 45% 10729 121928 8349 51%
c - 687.99 67 220 97 929 46038 1 18862631 66312 1.4 123 88 4 28 44% 10729 121928 8349 51%
c I 688.12 67 219 97 929 46039 1 18869085 72606 1.4 120 86 4 28 44% 10729 121928 8349 51%
c - 688.61 67 181 97 930 46043 1 18893111 79893 1.4 99 70 4 28 37% 10729 121928 8349 51%
c - 689.30 67 137 97 931 46057 1 18923606 93822 1.4 77 54 4 28 28% 10730 121928 8349 51%
c - 690.30 67 105 97 932 46070 1 18954118 101639 1.5 62 43 4 28 21% 10730 121928 8349 51%
c ] 690.92 67 88 98 932 46072 1 18974699 119673 1.5 54 36 4 28 18% 10730 121928 8349 51%
c { 690.92 67 64 98 932 46072 2 18974699 119673 1.9 21 11 3 11 11% 10730 121928 8349 51%
c - 691.15 67 60 98 933 46153 2 18984646 107370 1.9 21 11 3 11 10% 10730 121928 8349 51%
c i 691.54 67 55 98 933 46301 2 19001857 122591 1.8 20 11 3 11 9% 10734 121928 8348 51%
c i 691.65 67 53 98 933 46379 2 19008477 128729 1.8 20 11 3 11 9% 10735 121928 8346 51%
c - 691.77 67 52 98 934 46458 2 19015191 109804 1.8 20 11 3 11 8% 10714 121928 8346 51%
c - 692.41 67 53 98 935 46698 2 19045752 110986 1.8 20 11 3 11 8% 10714 121928 8346 51%
c i 692.62 67 51 98 935 46746 2 19055776 119943 1.8 20 11 3 11 7% 10721 121927 8345 51%
c i 692.62 67 51 98 935 46746 2 19055801 119954 1.8 20 11 3 11 7% 10723 121927 8343 51%
c i 692.77 67 49 98 935 46830 2 19064404 127947 1.7 20 12 3 11 7% 10725 121927 8342 51%
c - 693.04 79 49 98 936 46937 2 19076330 112515 1.7 20 12 3 11 7% 10709 121927 8342 51%
c
c seconds    switched      rate             size/glue  tier1    binary          remaining
c         MB   reductions     conflicts           size   tier2      irredundant
c          level     restarts         redundant      glue   trail          variables
c
c i 693.07 80 48 98 936 46955 2 19077731 113742 1.7 20 12 3 11 7% 10712 121927 8341 51%
c s 693.14 82 48 98 936 46972 2 19080788 116468 1.7 20 12 3 11 6% 10713 121733 8341 51%
c u 693.48 81 48 98 936 46992 2 19083687 116489 1.7 20 12 3 11 6% 10725 121717 8341 51%
c v 693.78 82 48 98 936 46992 2 19083687 114941 1.7 20 12 3 11 6% 10725 121717 8341 51%
c w 693.90 84 48 98 936 46992 2 19083687 114466 1.7 20 12 3 11 6% 10725 121717 8341 51%
c i 694.24 75 44 98 936 47085 2 19099987 128669 1.7 20 12 3 11 6% 10726 121717 8340 51%
c - 694.38 81 43 98 937 47148 2 19106924 109080 1.7 20 12 3 11 6% 10712 121717 8340 51%
c - 694.98 80 43 98 938 47325 2 19137534 110259 1.7 20 12 3 11 5% 10712 121717 8340 51%
c i 695.29 77 40 98 938 47370 2 19151800 122579 1.7 20 11 3 11 5% 10718 121716 8339 51%
c - 695.69 74 39 98 939 47477 2 19168160 110781 1.7 19 11 3 11 5% 10713 121716 8339 51%
c i 695.94 80 38 98 939 47557 2 19181436 122321 1.7 19 11 3 11 5% 10719 121716 8338 51%
c i 695.94 80 38 98 939 47557 2 19181528 122366 1.7 19 11 3 11 5% 10723 121716 8335 51%
c - 696.38 80 36 98 940 47672 2 19198805 109542 1.7 19 11 3 11 5% 10704 121716 8335 51%
c i 697.08 77 34 98 940 47876 2 19225459 132498 1.7 19 12 3 11 4% 10710 121716 8333 51%
c - 697.20 80 36 98 941 47905 2 19229464 109545 1.7 19 12 3 11 4% 10703 121716 8333 51%
c - 697.83 78 35 98 942 48137 2 19260140 111389 1.7 19 12 3 11 4% 10710 121716 8333 51%
c i 697.92 80 36 98 942 48173 2 19264392 114724 1.6 19 12 3 11 4% 10716 121716 8332 51%
c o 698.45 81 32 98 942 48185 2 19285090 131650 1.7 19 11 3 11 4% 10716 121716 8332 51%
c - 698.60 74 32 98 943 48223 2 19290834 108682 1.7 19 11 3 11 4% 10710 121716 8332 51%
c - 699.29 80 29 98 944 48373 2 19321542 106572 1.7 19 11 3 11 4% 10715 121716 8332 51%
c
c seconds    switched      rate             size/glue  tier1    binary          remaining
c         MB   reductions     conflicts           size   tier2      irredundant
c          level     restarts         redundant      glue   trail          variables
c
c i 700.12 80 30 98 944 48572 2 19351872 132440 1.7 19 11 3 11 4% 10725 121716 8331 51%
c - 700.14 80 30 98 945 48572 2 19352266 108000 1.7 19 11 3 11 4% 10704 121716 8331 51%
c i 700.15 80 30 98 945 48572 2 19353010 108416 1.7 19 11 3 11 4% 10708 121716 8330 51%
c i 700.15 80 30 98 945 48572 2 19353181 108512 1.7 19 11 3 11 4% 10712 121716 8329 51%
c i 700.81 80 28 98 945 48693 1 19378904 129422 1.7 18 11 3 11 4% 10713 121715 8328 51%
c - 700.92 82 28 98 946 48740 1 19383006 105910 1.7 18 11 3 11 4% 10696 121715 8328 51%
c i 700.98 76 28 98 946 48742 2 19384961 107387 1.7 18 11 3 11 4% 10701 121714 8327 51%
c i 700.98 76 28 98 946 48742 2 19384968 107389 1.7 18 11 3 11 4% 10703 121714 8326 51%
c - 701.74 79 27 98 947 48932 2 19413764 105419 1.6 18 11 3 11 3% 10699 121714 8326 51%
c i 702.13 78 26 98 947 49017 2 19427435 116527 1.6 18 11 3 11 3% 10700 121714 8324 51%
c - 702.67 82 25 98 948 49060 1 19444538 106242 1.6 18 11 3 11 3% 10686 121714 8324 51%
c } 702.78 74 24 99 948 49075 1 19448533 109438 1.6 18 11 3 11 3% 10686 121714 8324 51%
c [ 702.78 74 88 99 948 49075 1 19448533 109438 1.5 54 36 4 28 18% 10686 121714 8324 51%
c B 702.78 74 88 99 948 49075 1 19448533 109438 1.5 54 36 4 28 18% 10686 121714 8324 51%
c - 703.53 82 136 99 949 49089 1 19475327 104258 1.5 54 35 4 28 25% 10686 121714 8324 51%
c - 704.43 82 171 99 950 49103 1 19506132 100496 1.6 54 33 4 28 31% 10686 121714 8324 51%
c - 705.52 80 202 99 951 49110 1 19536955 92240 1.7 73 42 4 28 37% 10686 121714 8324 51%
c u 706.26 79 205 99 951 49115 1 19545900 95748 1.7 75 44 4 28 38% 10719 121162 8324 51%
c v 706.63 80 205 99 951 49115 1 19545900 94167 1.7 75 44 4 28 38% 10719 121162 8324 51%
c w 706.81 84 205 99 951 49115 1 19545900 93896 1.7 75 44 4 28 38% 10719 121162 8324 51%
c
c seconds     switched      rate            size/glue  tier1     binary          remaining
c         MB    reductions     conflicts          size   tier2       irredundant
c           level     restarts         redundant     glue    trail          variables
c
c = 708.27 85 205 99 951 49115 1 19545900 93896 1.7 75 44 4 28 38% 10723 121130 8322 51%
c d 708.28 85 205 99 951 49115 1 19545900 93875 1.7 75 44 4 28 38% 10715 121130 8322 51%
c t 708.29 85 205 99 951 49115 1 19545900 93875 1.7 75 44 4 28 38% 10710 121130 8322 51%
c u 708.60 78 205 99 951 49115 1 19545900 90226 1.7 75 44 4 28 38% 10716 121130 8321 51%
c v 708.99 79 205 99 951 49115 1 19545900 88790 1.7 75 44 4 28 38% 10716 121130 8321 51%
c w 709.20 83 205 99 951 49115 1 19545900 88694 1.7 75 44 4 28 38% 10716 121130 8321 51%
c i 709.22 83 205 99 951 49115 1 19545900 88621 1.7 75 44 4 28 38% 10718 121094 8321 51%
c - 710.06 79 210 99 952 49123 1 19567793 76811 1.7 75 45 4 28 38% 10713 121094 8321 51%
c - 711.17 80 210 99 953 49136 1 19598648 77156 1.6 82 50 4 28 40% 10713 121094 8321 51%
c - 712.41 76 210 99 954 49137 1 19629518 72525 1.6 95 58 4 28 42% 10713 121094 8321 51%
c - 713.58 80 214 99 955 49146 1 19660404 69695 1.6 102 63 4 29 44% 10713 121094 8321 51%
c - 714.74 77 218 99 956 49159 1 19691308 70804 1.6 105 67 4 29 45% 10713 121094 8321 51%
c - 715.90 79 221 99 957 49168 1 19722228 76506 1.5 103 66 4 29 44% 10713 121094 8321 51%
c - 717.22 77 227 99 958 49182 1 19753164 77856 1.5 109 71 4 29 46% 10713 121094 8321 51%
c - 718.35 81 228 99 959 49197 1 19784115 78643 1.6 103 66 4 29 45% 10713 121094 8321 51%
c - 719.51 77 227 99 960 49200 1 19815083 78482 1.6 108 68 4 30 46% 10713 121094 8321 51%
c - 720.96 79 222 99 961 49201 1 19846067 70170 1.6 118 75 4 30 46% 10713 121094 8321 51%
c - 722.95 80 217 99 962 49201 1 19877068 65635 1.6 127 82 4 30 47% 10713 121094 8321 51%
c ] 723.35 72 216 100 962 49201 1 19885473 73966 1.6 130 83 4 30 47% 10713 121094 8321 51%
c { 723.35 72 24 100 962 49201 1 19885473 73966 1.6 18 11 3 11 3% 10713 121094 8321 51%
c
c seconds    switched       rate            size/glue  tier1    binary          remaining
c         MB    reductions     conflicts          size   tier2      irredundant
c          level      restarts         redundant     glue   trail          variables
c
c i 723.59 78 32 100 962 49311 2 19893910 81801 1.6 19 12 3 11 5% 10713 121094 8320 51%
c - 723.88 80 56 100 963 49358 2 19908084 77950 1.7 20 12 3 11 8% 10695 121094 8320 51%
c o 724.06 73 70 100 963 49359 2 19916222 85799 1.7 20 12 3 11 11% 10695 121094 8320 51%
c - 724.68 81 89 100 964 49457 2 19939116 100415 1.7 20 12 3 11 14% 10695 121094 8320 51%
c - 725.53 83 100 100 965 49536 2 19970164 111391 1.8 21 12 3 11 15% 10695 121094 8320 51%
c - 726.64 76 90 100 966 49583 2 20001229 114418 1.8 20 11 3 11 14% 10695 121094 8320 51%
c u 727.37 84 85 100 966 49657 2 20014087 124447 1.8 21 11 3 11 13% 10699 121078 8320 51%
c v 727.67 86 85 100 966 49657 2 20014087 123392 1.8 21 11 3 11 13% 10699 121078 8320 51%
c w 727.78 86 85 100 966 49657 2 20014087 122919 1.8 21 11 3 11 13% 10699 121078 8320 51%
c x 727.99 78 85 100 966 49657 2 20014087 122916 1.8 21 11 3 11 13% 10704 120593 8320 51%
c t 728.01 78 85 100 966 49657 2 20014087 122916 1.8 21 11 3 11 13% 10699 120593 8320 51%
c - 728.60 82 95 100 967 49752 2 20032310 113343 1.8 21 11 3 11 15% 10699 120593 8320 51%
c - 729.56 83 134 100 968 49854 2 20063407 116724 1.9 21 11 3 11 22% 10699 120593 8320 51%
c - 730.65 83 117 100 969 50069 2 20094519 118932 1.9 21 11 3 11 19% 10699 120593 8320 51%
c - 731.61 82 101 100 970 50154 2 20125648 119482 1.9 20 11 3 11 17% 10700 120593 8320 51%
c - 732.39 82 117 100 971 50170 2 20156792 122423 2.0 21 10 3 11 20% 10700 120593 8320 51%
c - 733.50 84 119 100 972 50319 2 20187952 124330 2.0 21 10 3 11 20% 10700 120593 8320 51%
c - 734.60 83 108 100 973 50430 2 20219128 124309 2.0 21 10 3 11 18% 10700 120593 8320 51%
c - 735.83 83 95 100 974 50583 2 20250320 124188 1.9 21 11 3 11 16% 10700 120593 8320 51%
c - 737.09 84 91 100 975 50788 2 20281528 125890 1.9 21 11 3 11 15% 10700 120593 8320 51%
c
c seconds     switched       rate             size/glue  tier1     binary          remaining
c         MB     reductions     conflicts           size   tier2       irredundant
c           level      restarts         redundant      glue    trail          variables
c
c - 737.91 84 113 100 976 50893 2 20312753 126070 2.0 22 11 3 11 18% 10700 120593 8320 51%
c - 738.71 76 126 100 977 50893 2 20343994 125066 2.1 22 11 3 11 19% 10700 120593 8320 51%
c s 739.24 78 132 100 977 50893 2 20362917 143075 2.2 22 10 3 11 19% 10701 120585 8320 51%
c e 739.25 71 132 100 977 50893 2 20362917 143075 2.2 22 10 3 11 19% 10692 120594 8318 51%
c s 739.26 71 132 100 977 50893 2 20362917 143075 2.2 22 10 3 11 19% 10692 120589 8318 51%
c - 739.60 82 135 100 978 50962 2 20375250 127504 2.1 22 10 3 11 20% 10692 120589 8318 51%
c } 739.64 82 136 101 978 50981 2 20377171 129313 2.1 22 10 3 11 20% 10692 120589 8318 51%
c [ 739.64 82 216 101 978 50981 1 20377171 129313 1.6 130 83 4 30 47% 10692 120589 8318 51%
c W 739.65 67 216 101 978 50981 1 20377171 129313 1.6 130 83 4 30 47% 10692 120589 8318 51%
c - 740.81 84 223 101 979 50995 1 20406522 119215 1.6 116 74 4 30 45% 10692 120589 8318 51%
c - 741.75 81 233 101 980 51010 1 20437811 106642 1.6 102 63 4 30 44% 10692 120589 8318 51%
c - 742.91 78 233 101 981 51018 1 20469115 105272 1.7 98 58 4 30 43% 10692 120589 8318 51%
c u 743.77 81 234 101 981 51026 1 20488278 120671 1.7 90 53 4 30 43% 10693 120589 8318 51%
c v 744.20 83 234 101 981 51026 1 20488278 119556 1.7 90 53 4 30 43% 10693 120589 8318 51%
c w 744.41 85 234 101 981 51026 1 20488278 119339 1.7 90 53 4 30 43% 10693 120589 8318 51%
c - 744.82 81 233 101 982 51032 1 20500435 104678 1.7 86 51 4 30 42% 10693 120589 8318 51%
c - 745.78 73 235 101 983 51042 1 20531772 106420 1.7 84 49 4 30 43% 10693 120589 8318 51%
c - 746.80 79 241 101 984 51043 1 20563124 106747 1.7 78 45 4 30 41% 10694 120589 8318 51%
c o 747.22 80 242 101 984 51044 1 20575087 117329 1.7 74 42 4 30 40% 10694 120589 8318 51%
c - 747.73 79 251 101 985 51056 1 20594492 111284 1.8 71 40 4 30 42% 10694 120589 8318 51%
c
c seconds     switched       rate             size/glue  tier1     binary          remaining
c         MB     reductions     conflicts           size   tier2       irredundant
c           level      restarts         redundant      glue    trail          variables
c
c - 748.67 82 263 101 986 51070 1 20625876 111809 1.8 73 40 4 30 44% 10694 120589 8318 51%
c - 749.64 80 262 101 987 51074 1 20657276 106477 1.9 79 41 4 30 45% 10694 120589 8318 51%
c - 750.45 82 264 101 988 51089 1 20688694 107795 1.9 76 39 4 31 45% 10694 120589 8318 51%
c - 751.36 80 262 101 989 51104 1 20720126 109392 1.9 76 39 4 31 45% 10694 120589 8318 51%
c - 752.31 82 256 101 990 51106 1 20751574 108101 2.1 81 39 4 31 46% 10694 120589 8318 51%
c - 753.50 80 255 101 991 51107 1 20783038 104263 2.1 82 40 4 31 49% 10694 120589 8318 51%
c - 754.40 83 260 101 992 51107 1 20814519 109504 2.0 73 35 4 31 54% 10694 120589 8318 51%
c - 755.47 81 262 101 993 51113 1 20846015 116939 2.0 66 32 4 31 57% 10694 120589 8318 51%
c - 756.43 83 259 101 994 51127 1 20877527 122561 2.0 60 30 4 31 53% 10694 120589 8318 51%
c - 757.63 83 261 101 995 51138 1 20909054 120777 2.0 62 30 4 31 52% 10694 120589 8318 51%
c O 758.54 81 258 101 995 51147 1 20934610 145898 2.0 66 32 4 31 51% 10694 120589 8318 51%
c ] 758.56 82 258 102 995 51148 1 20935538 146799 2.0 65 32 4 31 50% 10694 120589 8318 51%
c { 758.56 82 136 102 995 51148 2 20935538 146799 2.1 22 10 3 11 20% 10694 120589 8318 51%
c - 758.71 75 131 102 996 51154 2 20940598 117785 2.1 22 10 3 11 20% 10694 120589 8318 51%
c u 759.50 79 111 102 996 51158 2 20968511 139431 2.2 22 10 3 11 20% 10698 120589 8318 51%
c v 759.91 84 111 102 996 51158 2 20968511 138778 2.2 22 10 3 11 20% 10698 120589 8318 51%
c w 760.06 86 111 102 996 51158 2 20968511 138692 2.2 22 10 3 11 20% 10698 120589 8318 51%
c d 761.72 87 111 102 996 51158 2 20968511 138690 2.2 22 10 3 11 20% 10696 120589 8317 51%
c u 762.07 67 111 102 996 51158 2 20968511 135083 2.2 22 10 3 11 20% 10697 120589 8317 51%
c v 762.46 84 111 102 996 51158 2 20968511 134021 2.2 22 10 3 11 20% 10697 120589 8317 51%
c
c seconds     switched       rate             size/glue  tier1     binary          remaining
c         MB     reductions     conflicts           size   tier2       irredundant
c           level      restarts         redundant      glue    trail          variables
c
c w 762.61 85 111 102 996 51158 2 20968511 133868 2.2 22 10 3 11 20% 10697 120589 8317 51%
c - 762.72 78 108 102 997 51162 2 20972159 115943 2.2 21 10 3 11 20% 10697 120589 8317 51%
c - 763.27 82 85 102 998 51164 2 21003735 125613 2.3 21 9 3 11 17% 10697 120589 8317 51%
c - 764.02 81 74 102 999 51205 2 21035327 129837 2.4 20 9 3 11 16% 10697 120589 8317 51%
c - 764.82 80 69 102 1000 51293 2 21066933 131475 2.4 20 8 3 11 16% 10697 120589 8317 51%
c - 765.55 83 60 102 1001 51345 2 21098555 133868 2.4 20 8 3 11 15% 10697 120589 8317 51%
c - 766.42 76 55 102 1002 51454 2 21130194 135914 2.5 20 8 3 11 15% 10697 120589 8317 51%
c - 767.26 85 55 102 1003 51539 2 21161848 136670 2.5 20 8 3 11 15% 10697 120589 8317 51%
c - 768.28 77 50 102 1004 51698 2 21193518 136568 2.4 19 8 3 11 13% 10697 120589 8317 51%
c o 769.08 82 55 102 1004 51836 2 21215091 157240 2.4 19 8 3 11 14% 10697 120589 8317 51%
c - 769.44 83 54 102 1005 51888 2 21225204 137870 2.4 19 8 3 11 13% 10697 120589 8317 51%
c - 770.44 85 51 102 1006 52015 2 21256905 138340 2.4 19 8 3 11 13% 10697 120589 8317 51%
c - 771.55 80 58 102 1007 52193 2 21288623 139535 2.4 19 8 3 11 14% 10697 120589 8317 51%
c - 772.40 84 49 102 1008 52275 2 21320357 137663 2.3 18 8 3 11 12% 10697 120589 8317 51%
c - 773.39 82 50 102 1009 52449 2 21352106 139147 2.4 18 8 3 11 12% 10697 120589 8317 51%
c - 774.33 83 42 102 1010 52547 2 21383870 139420 2.3 18 8 3 11 10% 10697 120589 8317 51%
c - 775.18 84 40 102 1011 52681 2 21415650 138090 2.3 18 8 3 11 10% 10697 120589 8317 51%
c } 776.05 76 34 103 1011 52748 2 21445391 160041 2.2 17 8 3 11 8% 10698 120589 8317 51%
c [ 776.05 76 258 103 1011 52748 1 21445391 160041 2.0 65 32 4 31 50% 10698 120589 8317 51%
c - 776.14 79 255 103 1012 52749 1 21447447 135397 2.0 65 32 4 31 50% 10698 120589 8317 51%
c
c seconds     switched        rate             size/glue  tier1     binary          remaining
c         MB      reductions     conflicts           size   tier2       irredundant
c           level       restarts         redundant      glue    trail          variables
c
c u 776.70 83 238 103 1012 52754 1 21454807 138004 2.0 62 31 4 31 46% 10700 120589 8317 51%
c v 777.08 75 238 103 1012 52754 1 21454807 121266 2.0 62 31 4 31 46% 10702 120589 8317 51%
c w 777.23 76 238 103 1012 52754 1 21454807 119844 2.0 62 31 4 31 46% 10701 120589 8317 51%
c t 777.25 76 238 103 1012 52754 1 21454807 119844 2.0 62 31 4 31 46% 10700 120589 8317 51%
c - 777.74 82 193 103 1013 52763 1 21479259 117503 2.0 53 27 4 31 37% 10700 120589 8317 51%
c B 778.17 79 162 103 1013 52777 1 21503696 138218 1.9 46 24 4 31 31% 10700 120589 8317 51%
c - 778.34 81 173 103 1014 52777 1 21511089 128941 1.9 45 23 4 30 32% 10700 120589 8317 51%
c - 779.26 84 191 103 1015 52788 1 21542933 125536 2.0 55 28 4 30 35% 10700 120589 8317 51%
c - 780.28 80 204 103 1016 52802 1 21574793 115516 1.9 64 34 4 31 37% 10700 120589 8317 51%
c - 781.12 82 209 103 1017 52809 1 21606669 116449 1.8 62 34 4 31 38% 10700 120589 8317 51%
c - 781.91 81 210 103 1018 52810 1 21638560 124008 1.8 55 30 4 31 38% 10700 120589 8317 51%
c - 782.74 82 214 103 1019 52825 1 21670467 132790 1.8 48 26 4 30 39% 10700 120589 8317 51%
c s 783.41 79 235 103 1019 52837 1 21694309 155829 1.9 45 24 4 30 41% 10700 120587 8317 51%
c - 783.67 84 239 103 1020 52840 1 21702389 137673 1.9 44 24 4 30 42% 10700 120587 8317 51%
c - 784.75 84 254 103 1021 52847 1 21734327 134201 1.9 46 25 4 30 44% 10700 120587 8317 51%
c - 785.85 84 260 103 1022 52862 1 21766281 133480 1.9 48 26 4 30 45% 10700 120587 8317 51%
c - 787.04 84 266 103 1023 52872 1 21798249 133315 1.9 52 28 4 30 46% 10700 120587 8317 51%
c - 788.12 81 263 103 1024 52873 1 21830234 133339 1.9 51 27 4 30 47% 10700 120587 8317 51%
c - 789.23 85 266 103 1025 52874 1 21862234 134401 1.8 51 28 4 30 45% 10700 120587 8317 51%
c - 790.18 77 270 103 1026 52874 1 21894249 137575 1.8 47 26 4 30 44% 10700 120587 8317 51%
c
c seconds     switched        rate             size/glue  tier1     binary          remaining
c         MB      reductions     conflicts           size   tier2       irredundant
c           level       restarts         redundant      glue    trail          variables
c
c o 790.78 82 271 103 1026 52876 1 21908352 150403 1.8 47 26 4 30 43% 10700 120587 8317 51%
c - 791.53 81 271 103 1027 52887 1 21926280 140360 1.8 47 26 4 30 43% 10700 120587 8317 51%
c ] 791.74 83 267 104 1027 52889 1 21934015 147684 1.8 46 25 4 30 43% 10700 120587 8317 51%
c { 791.74 83 34 104 1027 52889 2 21934015 147684 2.2 17 8 3 11 8% 10700 120587 8317 51%
c u 792.95 81 63 104 1027 53131 2 21947169 157834 2.0 20 10 3 11 12% 10700 120587 8317 51%
c v 793.45 84 63 104 1027 53131 2 21947169 157378 2.0 20 10 3 11 12% 10700 120587 8317 51%
c w 793.66 85 63 104 1027 53131 2 21947169 156935 2.0 20 10 3 11 12% 10700 120587 8317 51%
c - 794.27 77 82 104 1028 53290 3 21958326 140301 2.0 22 11 3 11 16% 10700 120587 8317 51%
c - 795.69 82 124 104 1029 53642 3 21990389 138569 1.9 25 13 3 11 22% 10700 120587 8317 51%
c - 796.66 80 151 104 1030 53775 3 22022467 142606 1.9 25 13 3 11 25% 10700 120587 8317 51%
c - 797.83 83 151 104 1031 53919 3 22054560 145640 1.9 25 13 3 11 25% 10700 120587 8317 51%
c - 798.88 78 164 104 1032 54109 3 22086671 146858 1.9 27 14 3 11 26% 10700 120587 8317 51%
c - 799.80 85 189 104 1033 54250 3 22118795 147243 1.9 27 14 3 11 30% 10700 120587 8317 51%
c - 800.86 81 197 104 1034 54420 3 22150935 148417 1.9 27 15 3 11 30% 10701 120587 8317 51%
c - 801.66 80 190 104 1035 54499 3 22183090 149846 1.9 26 14 3 11 28% 10701 120587 8317 51%
c - 802.61 81 182 104 1036 54556 2 22215263 151529 1.9 25 13 3 11 27% 10701 120587 8317 51%
c - 803.94 83 196 104 1037 54707 3 22247450 153346 1.9 25 13 3 11 30% 10701 120587 8317 51%
c - 804.91 76 202 104 1038 54826 2 22279653 151162 2.0 25 13 3 11 31% 10701 120587 8317 51%
c - 805.89 85 202 104 1039 54968 3 22311872 152315 2.0 26 13 3 11 32% 10701 120587 8317 51%
c - 806.92 82 196 104 1040 55116 3 22344105 151952 2.0 27 14 3 11 32% 10701 120587 8317 51%
c
c seconds     switched        rate             size/glue  tier1     binary          remaining
c         MB      reductions     conflicts           size   tier2       irredundant
c           level       restarts         redundant      glue    trail          variables
c
c - 808.21 83 197 104 1041 55260 3 22376355 152506 2.0 27 14 3 11 33% 10702 120587 8317 51%
c - 809.21 84 199 104 1042 55352 2 22408619 152384 2.0 27 13 3 11 33% 10702 120587 8317 51%
c - 810.23 82 211 104 1043 55482 3 22440901 152211 2.0 27 13 3 11 35% 10702 120587 8317 51%
c d 810.37 82 210 104 1043 55499 3 22445596 156764 2.0 27 14 3 11 35% 10698 120587 8315 51%
c u 810.73 87 210 104 1043 55499 3 22445596 153319 2.0 27 14 3 11 35% 10698 120587 8315 51%
c v 811.21 89 210 104 1043 55499 3 22445596 152010 2.0 27 14 3 11 35% 10698 120587 8315 51%
c w 811.39 90 210 104 1043 55499 3 22445596 151644 2.0 27 14 3 11 35% 10698 120587 8315 51%
c u 811.76 92 210 104 1043 55499 3 22445596 145216 2.0 27 14 3 11 35% 10698 120587 8315 51%
c v 812.22 92 210 104 1043 55499 3 22445596 143927 2.0 27 14 3 11 35% 10698 120587 8315 51%
c w 812.39 92 210 104 1043 55499 3 22445596 143523 2.0 27 14 3 11 35% 10698 120587 8315 51%
c } 814.79 82 214 105 1043 55643 3 22462310 159806 2.0 28 14 3 11 35% 10699 120587 8315 51%
c [ 814.79 82 267 105 1043 55643 1 22462310 159806 1.8 46 25 4 30 43% 10699 120587 8315 51%
c W 814.89 67 267 105 1043 55643 1 22462310 159806 1.8 46 25 4 30 43% 10699 120587 8315 51%
c - 815.26 67 269 105 1044 55649 1 22473196 138124 1.8 47 26 4 30 43% 10699 120587 8315 51%
c - 816.40 80 243 105 1045 55664 1 22505507 134557 1.8 46 26 4 30 39% 10699 120587 8315 51%
c - 817.78 85 253 105 1046 55673 1 22537836 129997 1.9 56 30 4 30 43% 10699 120587 8315 51%
c - 818.87 84 262 105 1047 55688 1 22570177 128894 1.9 55 29 4 30 45% 10699 120587 8315 51%
c o 819.18 76 260 105 1047 55689 1 22577608 136130 2.0 58 30 4 30 45% 10699 120587 8315 51%
c - 820.10 85 267 105 1048 55703 1 22602534 130661 2.0 60 30 4 30 48% 10699 120587 8315 51%
c - 821.33 82 277 105 1049 55705 1 22634908 130350 2.0 62 31 4 30 49% 10699 120587 8315 51%
c
c seconds     switched        rate             size/glue  tier1     binary          remaining
c         MB      reductions     conflicts           size   tier2       irredundant
c           level       restarts         redundant      glue    trail          variables
c
c - 822.22 81 284 105 1050 55711 1 22667296 136797 2.0 55 27 4 30 48% 10699 120587 8315 51%
c - 823.47 82 271 105 1051 55726 1 22699701 138906 2.0 58 29 4 30 46% 10699 120587 8315 51%
c - 824.68 82 262 105 1052 55736 1 22732120 136634 2.0 56 29 4 30 45% 10699 120587 8315 51%
c - 825.97 85 263 105 1053 55750 1 22764554 136201 2.0 60 30 4 30 47% 10699 120587 8315 51%
c - 827.03 84 252 105 1054 55765 1 22797004 138096 2.0 56 28 4 30 44% 10699 120587 8315 51%
c - 828.08 83 262 105 1055 55768 1 22829471 138251 2.0 59 30 4 30 46% 10699 120587 8315 51%
c - 828.89 79 268 105 1056 55769 1 22861951 138963 2.0 56 28 4 30 46% 10699 120587 8315 51%
c - 830.11 82 284 105 1057 55769 1 22894447 135118 2.1 74 36 4 30 47% 10699 120587 8315 51%
c - 831.31 85 295 105 1058 55772 1 22926958 129473 2.1 79 38 4 30 48% 10699 120587 8315 51%
c d 832.04 82 285 105 1058 55784 1 22950113 152138 2.1 74 36 4 30 47% 10697 120587 8314 51%
c u 832.42 86 285 105 1058 55784 1 22950113 143330 2.1 74 36 4 30 47% 10697 120587 8314 51%
c v 832.91 88 285 105 1058 55784 1 22950113 142050 2.1 74 36 4 30 47% 10697 120587 8314 51%
c w 833.15 89 285 105 1058 55784 1 22950113 141323 2.1 74 36 4 30 47% 10697 120587 8314 51%
c u 833.58 79 285 105 1058 55784 1 22950113 134079 2.1 74 36 4 30 47% 10699 120587 8314 51%
c v 834.03 80 285 105 1058 55784 1 22950113 133304 2.1 74 36 4 30 47% 10699 120587 8314 51%
c w 834.22 82 285 105 1058 55784 1 22950113 132992 2.1 74 36 4 30 47% 10699 120587 8314 51%
c - 834.58 79 286 105 1059 55787 1 22959484 121030 2.1 71 34 4 30 47% 10699 120587 8314 51%
c ] 835.29 83 276 106 1059 55799 1 22983458 144464 2.0 67 33 4 30 46% 10699 120587 8314 51%
c { 835.29 83 214 106 1059 55799 3 22983458 144464 2.0 28 14 3 11 35% 10699 120587 8314 51%
c - 835.54 79 210 106 1060 55804 3 22992027 128166 2.0 28 14 3 11 35% 10699 120587 8314 51%
c
c seconds     switched        rate             size/glue  tier1     binary          remaining
c         MB      reductions     conflicts           size   tier2       irredundant
c           level       restarts         redundant      glue    trail          variables
c
c - 836.24 79 203 106 1061 55825 2 23024584 136795 2.0 26 13 3 11 33% 10699 120587 8314 51%
c - 837.07 82 202 106 1062 55935 2 23057156 142087 2.0 25 13 3 11 32% 10699 120587 8314 51%
c s 837.46 75 200 106 1062 55945 2 23075729 159912 2.0 24 12 3 11 31% 10700 120585 8314 51%
c - 837.99 83 199 106 1063 56014 2 23089746 142764 2.0 24 12 3 11 31% 10700 120585 8314 51%
c - 839.03 75 199 106 1064 56174 3 23122351 144421 1.9 24 13 3 11 31% 10700 120585 8314 51%
c - 839.99 85 196 106 1065 56286 3 23154971 145883 1.9 24 13 3 11 30% 10700 120585 8314 51%
c - 840.91 82 200 106 1066 56358 2 23187606 147435 1.9 23 12 3 11 30% 10700 120585 8314 51%
c - 841.69 84 204 106 1067 56396 2 23220258 148623 1.9 23 12 3 11 32% 10700 120585 8314 51%
c o 842.50 83 199 106 1067 56506 2 23249045 176025 1.9 23 12 3 11 31% 10700 120585 8314 51%
c - 842.65 86 201 106 1068 56527 2 23252922 149077 1.9 23 12 3 11 31% 10700 120585 8314 51%
c - 843.60 84 203 106 1069 56669 2 23285602 147534 1.9 24 12 3 11 32% 10700 120585 8314 51%
c - 844.52 84 199 106 1070 56780 2 23318297 148117 1.9 24 12 3 11 31% 10700 120585 8314 51%
c - 845.54 85 202 106 1071 56939 3 23351007 148762 1.9 24 13 3 11 32% 10700 120585 8314 51%
c - 846.47 83 190 106 1072 57051 2 23383734 149165 1.9 24 13 3 11 29% 10700 120585 8314 51%
c - 847.52 79 172 106 1073 57150 2 23416475 149079 2.0 24 12 3 11 26% 10700 120585 8314 51%
c - 848.47 81 159 106 1074 57192 2 23449232 148791 1.9 23 12 3 11 24% 10700 120585 8314 51%
c u 848.99 87 153 106 1074 57225 2 23460746 157532 1.9 23 12 3 11 24% 10700 120585 8314 51%
c v 849.33 90 153 106 1074 57225 2 23460746 156991 1.9 23 12 3 11 24% 10700 120585 8314 51%
c w 849.46 90 153 106 1074 57225 2 23460746 156528 1.9 23 12 3 11 24% 10700 120585 8314 51%
c x 849.72 93 153 106 1074 57225 2 23460746 156528 1.9 23 12 3 11 24% 10700 120499 8314 51%
c
c seconds     switched        rate             size/glue  tier1     binary          remaining
c         MB      reductions     conflicts           size   tier2       irredundant
c           level       restarts         redundant      glue    trail          variables
c
c - 850.36 76 152 106 1075 57282 2 23482004 148139 1.9 23 12 3 11 24% 10700 120499 8314 51%
c - 851.37 85 152 106 1076 57416 2 23514791 148633 1.9 23 12 3 11 24% 10700 120499 8314 51%
c } 851.83 84 159 107 1076 57493 2 23530484 163474 1.9 24 12 3 11 25% 10700 120499 8314 51%
c [ 851.83 84 276 107 1076 57493 1 23530484 163474 2.0 67 33 4 30 46% 10700 120499 8314 51%
c I 851.83 84 276 107 1076 57493 1 23530484 163474 2.0 67 33 4 30 46% 10700 120499 8314 51%
c - 852.27 80 259 107 1077 57503 1 23547594 147482 2.1 62 30 4 30 43% 10700 120499 8314 51%
c - 853.12 83 233 107 1078 57518 1 23580411 144436 2.0 55 27 4 30 39% 10700 120499 8314 51%
c - 853.98 76 171 107 1079 57524 1 23613243 141317 2.0 45 22 4 30 29% 10700 120499 8314 51%
c - 855.00 79 127 107 1080 57539 1 23646092 142574 2.0 37 19 4 30 22% 10700 120499 8314 51%
c - 856.09 82 95 107 1081 57554 1 23678955 144498 2.0 31 16 4 30 17% 10700 120499 8314 51%
c - 857.22 83 71 107 1082 57555 1 23711834 144005 1.9 27 14 4 30 13% 10700 120499 8314 51%
c - 858.41 84 55 107 1083 57566 1 23744727 142641 1.9 24 13 4 30 10% 10700 120499 8314 51%
c - 859.55 78 43 107 1084 57581 1 23777637 141730 1.8 21 12 4 30 8% 10700 120499 8314 51%
c - 860.69 80 33 107 1085 57587 1 23810563 139334 1.8 19 11 4 30 6% 10700 120499 8314 51%
c i 861.31 80 50 107 1085 57598 1 23828759 156101 1.8 21 11 4 30 9% 10701 120499 8313 51%
c - 861.87 83 62 107 1086 57602 1 23843502 142084 1.8 22 12 4 29 11% 10699 120499 8313 51%
c - 863.10 78 47 107 1087 57617 1 23876456 142083 1.8 20 11 4 29 9% 10699 120499 8313 51%
c - 864.60 78 156 107 1088 57618 1 23909426 139275 1.8 44 25 4 29 21% 10699 120499 8313 51%
c - 866.28 82 209 107 1089 57619 1 23942411 128495 1.9 67 36 4 29 33% 10699 120499 8313 51%
c - 867.57 75 228 107 1090 57619 1 23975411 120692 2.2 82 38 4 29 44% 10699 120499 8313 51%
c
c seconds     switched        rate             size/glue  tier1     binary          remaining
c         MB      reductions     conflicts           size   tier2       irredundant
c           level       restarts         redundant      glue    trail          variables
c
c u 868.03 80 229 107 1090 57619 1 23977489 115393 2.2 83 38 4 29 44% 10699 120474 8313 51%
c v 868.43 83 229 107 1090 57619 1 23977489 109424 2.2 83 38 4 29 44% 10699 120474 8313 51%
c w 868.82 85 229 107 1090 57619 1 23977489 106894 2.2 83 38 4 29 44% 10699 120474 8313 51%
c o 868.84 85 229 107 1090 57619 1 23977489 106894 2.2 83 38 4 29 44% 10699 120474 8313 51%
c - 869.68 82 258 107 1091 57630 1 24008429 111232 2.1 76 36 4 29 49% 10699 120474 8313 51%
c - 870.66 82 271 107 1092 57645 1 24041459 124880 2.1 70 34 4 29 49% 10699 120474 8313 51%
c ] 870.89 82 273 108 1092 57649 1 24049624 132691 2.1 70 34 4 29 49% 10699 120474 8313 51%
c { 870.89 82 159 108 1092 57649 2 24049624 132691 1.9 24 12 3 11 25% 10699 120474 8313 51%
c - 871.55 81 165 108 1093 57690 2 24074504 136418 2.0 23 12 3 11 24% 10699 120474 8313 51%
c - 872.66 84 146 108 1094 57690 2 24107564 145886 2.1 23 11 3 11 21% 10699 120474 8313 51%
c - 873.89 81 133 108 1095 57779 2 24140640 151349 2.1 23 11 3 11 20% 10699 120474 8313 51%
c - 875.35 85 156 108 1096 58031 3 24173731 150560 2.0 25 12 3 11 24% 10699 120474 8313 51%
c - 877.04 79 162 108 1097 58082 2 24206836 150116 2.0 24 12 3 11 25% 10699 120474 8313 51%
c - 878.12 81 166 108 1098 58249 2 24239957 152628 2.0 25 13 3 11 25% 10699 120474 8313 51%
c - 879.09 86 180 108 1099 58364 2 24273094 150350 2.0 25 13 3 11 28% 10700 120474 8313 51%
c - 880.26 86 189 108 1100 58520 3 24306248 150458 2.0 26 13 3 11 30% 10701 120474 8313 51%
c - 881.70 85 207 108 1101 58827 3 24339415 150628 1.9 28 15 3 11 33% 10701 120474 8313 51%
c - 882.81 80 211 108 1102 58895 3 24372597 150634 1.9 26 14 3 11 33% 10701 120474 8313 51%
c - 884.15 80 223 108 1103 59052 3 24405794 152547 1.9 27 14 3 11 34% 10701 120474 8313 51%
c - 884.91 86 239 108 1104 59073 2 24439006 154503 2.0 25 13 3 11 38% 10701 120474 8313 51%
c
c seconds     switched        rate             size/glue  tier1     binary          remaining
c         MB      reductions     conflicts           size   tier2       irredundant
c           level       restarts         redundant      glue    trail          variables
c
c - 885.67 84 213 108 1105 59115 2 24472232 154724 2.1 25 12 3 11 34% 10701 120474 8313 51%
c d 886.57 84 214 108 1105 59215 2 24500345 181702 2.1 25 12 3 11 35% 10696 120474 8310 50%
c u 886.96 78 214 108 1105 59215 2 24500345 178545 2.1 25 12 3 11 35% 10697 120474 8310 50%
c v 887.49 84 214 108 1105 59215 2 24500345 176743 2.1 25 12 3 11 35% 10697 120474 8310 50%
c w 887.68 89 214 108 1105 59215 2 24500345 176302 2.1 25 12 3 11 35% 10697 120474 8310 50%
c d 887.69 89 214 108 1105 59215 2 24500345 176298 2.1 25 12 3 11 35% 10695 120474 8309 50%
c u 888.08 90 214 108 1105 59215 2 24500345 171474 2.1 25 12 3 11 35% 10695 120474 8309 50%
c v 888.60 90 214 108 1105 59215 2 24500345 170579 2.1 25 12 3 11 35% 10695 120474 8309 50%
c w 888.78 90 214 108 1105 59215 2 24500345 170412 2.1 25 12 3 11 35% 10695 120474 8309 50%
c - 890.97 75 217 108 1106 59280 2 24505473 142395 2.1 25 12 3 11 36% 10695 120474 8309 50%
c e 891.02 71 218 108 1106 59280 2 24507699 144565 2.0 25 12 3 11 36% 10691 120502 8307 50%
c - 892.05 85 219 108 1107 59426 3 24538729 143890 2.0 25 13 3 11 34% 10691 120502 8307 50%
c - 893.68 85 213 108 1108 59657 3 24572000 144064 1.9 26 14 3 11 33% 10692 120502 8307 50%
c - 894.55 85 222 108 1109 59708 3 24605287 145523 2.0 25 13 3 11 35% 10692 120502 8307 50%
c } 894.74 75 225 109 1109 59708 2 24615668 155446 2.0 25 12 3 11 36% 10692 120502 8307 50%
c [ 894.74 75 273 109 1109 59708 1 24615668 155446 2.1 70 34 4 29 49% 10692 120502 8307 50%
c B 894.74 75 273 109 1109 59708 1 24615668 155446 2.1 70 34 4 29 49% 10692 120502 8307 50%
c - 895.30 82 271 109 1110 59721 1 24638588 142861 2.0 71 35 4 29 49% 10692 120502 8307 50%
c o 896.22 85 271 109 1110 59736 1 24669371 172669 2.0 68 34 4 29 48% 10692 120502 8307 50%
c - 896.32 86 273 109 1111 59736 1 24671904 134951 1.9 70 36 4 29 48% 10692 120502 8307 50%
c
c seconds     switched        rate             size/glue  tier1     binary          remaining
c         MB      reductions     conflicts           size   tier2       irredundant
c           level       restarts         redundant      glue    trail          variables
c
c - 897.46 84 274 109 1112 59744 1 24705235 131307 1.7 75 43 4 30 51% 10692 120502 8307 50%
c - 898.52 84 254 109 1113 59759 1 24738581 136104 1.7 63 36 4 30 48% 10692 120502 8307 50%
c - 899.65 84 257 109 1114 59769 1 24771944 140214 1.8 63 35 4 30 49% 10692 120502 8307 50%
c - 901.07 82 267 109 1115 59770 1 24805321 133434 1.9 70 38 4 30 50% 10692 120502 8307 50%
c - 902.00 81 270 109 1116 59785 1 24838712 132982 1.9 67 36 4 30 50% 10693 120502 8307 50%
c - 903.06 84 272 109 1117 59800 1 24872118 136532 1.8 67 36 4 30 50% 10693 120502 8307 50%
c - 904.59 83 271 109 1118 59808 1 24905539 135543 1.9 71 37 4 30 50% 10693 120502 8307 50%
c - 905.70 84 274 109 1119 59823 1 24938975 137515 1.9 71 37 4 30 51% 10693 120502 8307 50%
c - 906.82 82 274 109 1120 59832 1 24972426 139099 1.9 68 35 4 30 50% 10693 120502 8307 50%
c - 908.07 85 268 109 1121 59833 1 25005894 133285 2.1 83 39 4 30 52% 10693 120502 8307 50%
c u 908.95 85 268 109 1121 59834 1 25029315 151212 2.1 74 36 4 30 54% 10695 120502 8307 50%
c v 909.38 85 268 109 1121 59834 1 25029315 149789 2.1 74 36 4 30 54% 10695 120502 8307 50%
c w 909.59 86 268 109 1121 59834 1 25029315 149436 2.1 74 36 4 30 54% 10695 120502 8307 50%
c d 909.60 86 268 109 1121 59834 1 25029315 149424 2.1 74 36 4 30 54% 10693 120502 8306 50%
c u 909.98 76 268 109 1121 59834 1 25029315 142457 2.1 74 36 4 30 54% 10694 120502 8306 50%
c v 910.42 80 268 109 1121 59834 1 25029315 140703 2.1 74 36 4 30 54% 10694 120502 8306 50%
c w 910.61 83 268 109 1121 59834 1 25029315 140510 2.1 74 36 4 30 54% 10694 120502 8306 50%
c - 910.91 84 273 109 1122 59834 1 25039376 122093 2.1 71 34 4 30 53% 10694 120502 8306 50%
c - 911.83 77 285 109 1123 59834 1 25072874 135805 2.1 60 29 4 30 52% 10694 120502 8306 50%
c - 913.10 83 290 109 1124 59849 1 25106385 138705 2.0 63 31 4 30 52% 10694 120502 8306 50%
c
c seconds     switched        rate             size/glue  tier1     binary          remaining
c         MB      reductions     conflicts           size   tier2       irredundant
c           level       restarts         redundant      glue    trail          variables
c
c - 914.40 85 287 109 1125 59864 1 25139912 132295 2.1 67 32 4 30 52% 10694 120502 8306 50%
c - 915.75 83 281 109 1126 59874 1 25173454 127024 2.3 83 37 4 30 53% 10694 120502 8306 50%
c - 917.06 82 277 109 1127 59890 1 25207009 124747 2.2 85 39 4 30 52% 10694 120502 8306 50%
c ] 917.26 77 276 110 1127 59894 1 25214122 131688 2.1 82 38 4 30 52% 10694 120502 8306 50%
c { 917.26 77 225 110 1127 59894 2 25214122 131688 2.0 25 12 3 11 36% 10694 120502 8306 50%
c - 917.89 83 206 110 1128 59936 2 25240580 134710 2.0 24 12 3 11 32% 10694 120502 8306 50%
c - 918.62 83 161 110 1129 59965 2 25274165 147071 2.0 23 11 3 11 26% 10694 120502 8306 50%
c - 919.37 85 128 110 1130 59965 2 25307767 152405 2.1 22 10 3 11 22% 10694 120502 8306 50%
c - 920.47 86 123 110 1131 60116 2 25341383 154712 2.1 22 11 3 11 22% 10694 120502 8306 50%
c o 921.74 85 116 110 1131 60310 2 25371367 181806 2.0 22 11 3 11 20% 10694 120502 8306 50%
c - 921.91 78 115 110 1132 60334 2 25375014 153836 2.0 21 11 3 11 19% 10694 120502 8306 50%
c - 923.09 82 128 110 1133 60485 2 25408660 155391 2.0 21 11 3 11 22% 10694 120502 8306 50%
c - 924.31 85 95 110 1134 60493 2 25442320 153805 1.9 20 10 3 11 17% 10694 120502 8306 50%
c - 925.60 81 71 110 1135 60504 2 25475995 146939 1.9 18 10 3 11 13% 10694 120502 8306 50%
c - 926.66 85 72 110 1136 60681 2 25509684 150092 1.9 18 10 3 11 13% 10695 120502 8306 50%
c - 927.64 83 70 110 1137 60900 2 25543388 154764 1.9 19 10 3 11 13% 10695 120502 8306 50%
c u 928.87 85 74 110 1137 61096 2 25564452 165910 1.9 20 11 3 11 14% 10704 120502 8306 50%
c v 929.36 87 74 110 1137 61096 2 25564452 164439 1.9 20 11 3 11 14% 10703 120502 8306 50%
c w 929.55 92 74 110 1137 61096 2 25564452 163945 1.9 20 11 3 11 14% 10703 120502 8306 50%
c d 929.56 92 74 110 1137 61096 2 25564452 163944 1.9 20 11 3 11 14% 10701 120502 8305 50%
c
c seconds    switched        rate             size/glue  tier1     binary          remaining
c         MB     reductions     conflicts           size   tier2       irredundant
c          level       restarts         redundant      glue    trail          variables
c
c t 929.58 92 74 110 1137 61096 2 25564452 163944 1.9 20 11 3 11 14% 10699 120502 8305 50%
c u 929.99 92 74 110 1137 61096 2 25564452 160715 1.9 20 11 3 11 14% 10699 120502 8305 50%
c v 930.49 92 74 110 1137 61096 2 25564452 154728 1.9 20 11 3 11 14% 10699 120502 8305 50%
c w 930.68 93 74 110 1137 61096 2 25564452 154128 1.9 20 11 3 11 14% 10699 120502 8305 50%
c - 931.19 81 76 110 1138 61199 2 25577107 138624 1.9 20 11 3 11 14% 10699 120502 8305 50%
c - 932.43 82 67 110 1139 61359 2 25610841 142612 1.8 20 11 3 11 12% 10699 120502 8305 50%
c - 933.47 77 52 110 1140 61368 2 25644590 141383 1.8 19 11 3 11 9% 10699 120502 8305 50%
c - 934.29 83 41 110 1141 61388 2 25678353 141510 1.8 18 10 3 11 8% 10699 120502 8305 50%
c - 935.48 75 50 110 1142 61531 2 25712134 141562 1.8 18 10 3 11 9% 10700 120502 8305 50%
c - 936.54 84 55 110 1143 61733 2 25745928 146289 1.8 19 10 3 11 10% 10701 120502 8305 50%
c - 937.57 84 61 110 1144 61858 2 25779737 149054 1.9 19 10 3 11 11% 10702 120501 8305 50%
c } 938.25 75 61 111 1144 61963 2 25799461 166071 1.9 19 10 3 11 11% 10702 120501 8305 50%
c [ 938.25 75 276 111 1144 61963 1 25799461 166071 2.1 82 38 4 30 52% 10702 120501 8305 50%
c W 938.41 67 276 111 1144 61963 1 25799461 166071 2.1 82 38 4 30 52% 10702 120501 8305 50%
c - 939.00 84 274 111 1145 61971 1 25813561 146571 2.1 82 39 4 30 51% 10703 120501 8305 50%
c - 940.32 84 279 111 1146 61987 1 25847399 135909 2.0 85 43 4 30 51% 10703 120501 8305 50%
c - 941.92 81 276 111 1147 61993 1 25881253 122015 1.9 96 52 4 30 51% 10703 120501 8305 50%
c - 942.78 81 257 111 1148 62009 1 25915120 127125 1.9 78 42 4 30 47% 10703 120501 8305 50%
c - 943.89 80 246 111 1149 62024 1 25949003 139680 1.8 67 36 4 30 43% 10703 120501 8305 50%
c - 944.99 85 246 111 1150 62025 1 25982899 136568 1.9 70 37 4 30 47% 10703 120501 8305 50%
c
c seconds     switched        rate             size/glue  tier1     binary          remaining
c         MB      reductions     conflicts           size   tier2       irredundant
c           level       restarts         redundant      glue    trail          variables
c
c s 945.15 75 248 111 1150 62025 1 25990729 144101 1.9 66 35 4 30 49% 10703 120489 8305 50%
c e 945.16 76 248 111 1150 62025 1 25990729 144101 1.9 66 35 4 30 49% 10694 120498 8304 50%
c - 946.05 80 234 111 1151 62038 1 26016811 135935 1.9 64 34 4 30 45% 10694 120498 8304 50%
c - 947.39 82 222 111 1152 62054 1 26050738 141313 1.9 59 31 4 30 42% 10694 120498 8304 50%
c - 948.53 85 218 111 1153 62061 1 26084679 144870 1.9 51 26 4 30 40% 10694 120498 8304 50%
c o 948.63 78 216 111 1153 62063 1 26087360 147330 1.9 50 26 4 30 40% 10694 120498 8304 50%
c d 949.10 82 221 111 1153 62071 1 26105730 165116 1.8 54 31 4 30 41% 10690 120498 8302 50%
c u 949.51 86 221 111 1153 62071 1 26105730 160983 1.8 54 31 4 30 41% 10690 120498 8302 50%
c v 950.04 88 221 111 1153 62071 1 26105730 159175 1.8 54 31 4 30 41% 10690 120498 8302 50%
c w 950.28 88 221 111 1153 62071 1 26105730 158389 1.8 54 31 4 30 41% 10690 120498 8302 50%
c u 950.72 92 221 111 1153 62071 1 26105730 151296 1.8 54 31 4 30 41% 10690 120498 8302 50%
c v 951.23 92 221 111 1153 62071 1 26105730 150102 1.8 54 31 4 30 41% 10690 120498 8302 50%
c w 951.54 92 221 111 1153 62071 1 26105730 149433 1.8 54 31 4 30 41% 10690 120498 8302 50%
c - 952.04 81 224 111 1154 62077 1 26118635 128622 1.9 60 32 4 30 44% 10690 120498 8302 50%
c - 952.85 85 239 111 1155 62087 1 26152605 126665 1.9 53 28 4 30 45% 10690 120498 8302 50%
c - 954.04 81 265 111 1156 62088 1 26186591 124522 1.8 62 34 4 30 49% 10690 120498 8302 50%
c - 955.23 84 273 111 1157 62089 1 26220591 117397 1.8 67 37 4 30 49% 10690 120498 8302 50%
c - 956.52 78 272 111 1158 62089 1 26254605 126841 1.8 56 31 4 30 48% 10690 120498 8302 50%
c - 957.61 81 265 111 1159 62104 1 26288634 134433 1.9 57 31 4 30 47% 10690 120498 8302 50%
c - 959.03 84 257 111 1160 62119 1 26322678 128658 1.9 62 33 4 30 46% 10690 120498 8302 50%
c
c seconds     switched        rate             size/glue  tier1     binary          remaining
c         MB      reductions     conflicts           size   tier2       irredundant
c           level       restarts         redundant      glue    trail          variables
c
c - 960.25 83 243 111 1161 62129 1 26356737 120219 1.9 74 40 4 30 45% 10690 120498 8302 50%
c - 961.45 83 232 111 1162 62145 1 26390811 119892 1.9 72 38 4 30 44% 10690 120498 8302 50%
c - 962.54 82 236 111 1163 62151 1 26424899 121242 1.9 75 39 4 30 48% 10690 120498 8302 50%
c O 962.64 82 239 111 1163 62152 1 26428044 124265 1.9 74 38 4 30 48% 10690 120498 8302 50%
c - 963.17 79 212 111 1164 62153 1 26459003 127854 1.9 60 31 4 30 39% 10690 120498 8302 50%
c - 963.92 84 205 111 1165 62169 1 26493120 131305 1.9 63 34 4 30 36% 10690 120498 8302 50%
c ] 964.02 77 203 112 1165 62173 1 26498271 136009 1.8 62 34 4 30 36% 10690 120498 8302 50%
c { 964.02 77 61 112 1165 62173 2 26498271 136009 1.9 19 10 3 11 11% 10690 120498 8302 50%
c - 964.60 85 58 112 1166 62599 2 26527252 130872 1.8 19 11 3 11 10% 10690 120498 8302 50%
c - 965.43 84 49 112 1167 62922 2 26561399 139519 1.7 20 11 3 11 8% 10690 120498 8302 50%
c - 966.45 82 41 112 1168 63211 2 26595560 144315 1.7 19 11 3 11 6% 10690 120498 8302 50%
c - 967.49 76 35 112 1169 63410 2 26629736 145624 1.7 19 11 3 11 6% 10690 120498 8302 50%
c u 968.54 86 30 112 1169 63411 2 26653173 160539 1.7 18 11 3 11 5% 10692 120498 8302 50%
c v 969.00 75 30 112 1169 63411 2 26653173 155770 1.7 18 11 3 11 5% 10693 120498 8302 50%
c w 969.17 78 30 112 1169 63411 2 26653173 153327 1.7 18 11 3 11 5% 10693 120498 8302 50%
c - 971.37 76 29 112 1170 63455 2 26663927 133450 1.7 18 11 3 11 5% 10693 120498 8302 50%
c - 972.54 77 26 112 1171 63708 1 26698134 134490 1.6 18 11 3 11 4% 10693 120498 8302 50%
c i 973.20 78 23 112 1171 63708 1 26717910 147735 1.6 17 10 3 11 4% 10701 120498 8301 50%
c - 973.62 75 24 112 1172 63889 1 26732354 117897 1.6 17 11 3 11 4% 10690 120498 8301 50%
c i 974.21 77 21 112 1172 63890 1 26751339 131444 1.6 17 10 3 11 4% 10698 120498 8287 50%
c
c seconds    switched        rate             size/glue  tier1    binary          remaining
c         MB     reductions     conflicts           size   tier2      irredundant
c          level       restarts         redundant      glue   trail          variables
c
c - 974.64 75 23 112 1173 64142 1 26766588 105024 1.6 17 11 3 11 4% 10663 120498 8287 50%
c - 975.65 82 24 112 1174 64642 2 26800840 123049 1.6 18 11 3 11 4% 10663 120498 8287 50%
c o 975.86 78 24 112 1174 64724 2 26807773 129340 1.6 18 11 3 11 4% 10663 120498 8287 50%
c - 976.83 78 24 112 1175 64953 2 26835104 138836 1.6 18 12 3 11 4% 10663 120498 8287 50%
c - 978.09 75 23 112 1176 65135 2 26869383 142856 1.6 18 11 3 11 4% 10663 120498 8287 50%
c - 979.35 83 23 112 1177 65407 2 26903676 144645 1.6 19 12 3 11 4% 10663 120498 8287 50%
c - 980.78 85 21 112 1178 65445 1 26937983 142960 1.6 18 11 3 11 3% 10663 120498 8287 50%
c - 981.97 75 22 112 1179 65788 1 26972306 144185 1.6 19 11 3 11 3% 10663 120498 8287 50%
c - 983.32 84 23 112 1180 66084 2 27006642 145665 1.6 19 12 3 11 4% 10663 120498 8287 50%
c - 984.65 84 23 112 1181 66328 2 27040995 146860 1.6 19 12 3 11 4% 10663 120498 8287 50%
c - 986.10 83 27 112 1182 66539 1 27075362 146197 1.6 19 11 3 11 4% 10663 120498 8287 50%
c } 987.25 84 27 113 1182 66671 1 27103188 170069 1.6 19 11 3 11 4% 10663 120498 8287 50%
c [ 987.25 84 203 113 1182 66671 1 27103188 170069 1.8 62 34 4 30 36% 10663 120498 8287 50%
c B 987.25 84 203 113 1182 66671 1 27103188 170069 1.8 62 34 4 30 36% 10663 120498 8287 50%
c - 987.51 82 210 113 1183 66676 1 27109743 144760 1.8 64 35 4 30 37% 10663 120498 8287 50%
c - 988.66 78 232 113 1184 66691 1 27144138 134982 1.9 73 39 4 30 42% 10663 120498 8287 50%
c - 989.81 84 207 113 1185 66701 1 27178547 127079 1.9 63 33 4 30 37% 10663 120498 8287 50%
c u 990.97 84 196 113 1185 66715 1 27206784 150578 1.9 56 30 4 30 35% 10663 119932 8287 50%
c v 991.42 86 196 113 1185 66715 1 27206784 148955 1.9 56 30 4 30 35% 10663 119932 8287 50%
c w 991.61 86 196 113 1185 66715 1 27206784 148197 1.9 56 30 4 30 35% 10663 119932 8287 50%
c
c seconds     switched        rate             size/glue  tier1     binary          remaining
c         MB      reductions     conflicts           size   tier2       irredundant
c           level       restarts         redundant      glue    trail          variables
c
c x 991.91 84 196 113 1185 66715 1 27206784 148186 1.9 56 30 4 30 35% 10664 119480 8287 50%
c - 992.19 81 201 113 1186 66716 1 27212971 126466 1.9 58 31 4 30 36% 10664 119480 8287 50%
c - 993.11 80 226 113 1187 66731 1 27247410 127208 1.9 58 30 4 30 40% 10664 119480 8287 50%
c - 993.97 83 250 113 1188 66733 1 27281862 129475 2.0 56 28 4 30 43% 10664 119480 8287 50%
c - 995.02 83 280 113 1189 66743 1 27316329 132298 2.0 53 27 4 30 45% 10664 119480 8287 50%
c - 996.20 83 275 113 1190 66759 1 27350810 130496 2.0 62 31 4 30 47% 10664 119480 8287 50%
c - 997.49 81 287 113 1191 66767 1 27385306 119662 2.0 79 39 4 30 49% 10664 119480 8287 50%
c - 998.70 80 274 113 1192 66782 1 27419816 116012 2.0 82 41 4 30 49% 10664 119480 8287 50%
c - 999.86 82 277 113 1193 66795 1 27454342 116486 2.0 80 41 4 30 49% 10664 119480 8287 50%
c - 1001.31 80 276 113 1194 66796 1 27488881 115260 2.0 88 44 4 30 51% 10664 119480 8287 50%
c - 1002.60 83 272 113 1195 66797 1 27523435 116599 2.0 90 45 4 30 51% 10664 119480 8287 50%
c s 1002.70 72 272 113 1195 66797 1 27525338 118481 2.0 91 47 4 30 51% 10671 119467 8287 50%
c e 1002.72 74 272 113 1195 66797 1 27525338 118481 2.0 91 47 4 30 51% 10595 119982 8247 50%
c - 1004.54 66 260 113 1196 66797 1 27558004 105984 1.8 107 59 4 30 50% 10595 119982 8247 50%
c o 1004.92 59 258 113 1196 66799 1 27564989 112940 1.8 110 61 4 30 50% 10595 119982 8247 50%
c - 1005.49 66 201 113 1197 66812 1 27592587 105928 1.8 88 49 4 30 39% 10595 119982 8247 50%
c - 1006.50 67 209 113 1198 66827 1 27627185 118369 1.8 79 43 4 30 40% 10596 119982 8247 50%
c - 1007.72 78 218 113 1199 66838 1 27661798 114432 1.9 85 44 3 30 43% 10596 119982 8247 50%
c - 1008.86 79 236 113 1200 66854 1 27696424 114478 1.9 77 40 3 30 45% 10596 119982 8247 50%
c - 1010.00 77 243 113 1201 66860 1 27731065 115720 1.9 79 41 3 30 48% 10596 119982 8247 50%
c
c  seconds     switched        rate             size/glue  tier1     binary          remaining
c          MB      reductions     conflicts           size   tier2       irredundant
c            level       restarts         redundant      glue    trail          variables
c
c W 1010.80 63 241 113 1201 66860 1 27756146 140034 1.9 74 38 3 30 47% 10596 119982 8247 50%
c - 1011.09 63 237 113 1202 66864 1 27765720 118011 1.9 70 36 3 30 46% 10596 119982 8247 50%
c u 1011.47 70 237 113 1202 66865 1 27766503 114332 1.9 69 36 3 30 46% 10597 119982 8247 50%
c v 1011.91 74 237 113 1202 66865 1 27766503 113025 1.9 69 36 3 30 46% 10597 119982 8247 50%
c w 1012.09 75 237 113 1202 66865 1 27766503 112687 1.9 69 36 3 30 46% 10597 119982 8247 50%
c - 1013.41 78 240 113 1203 66881 1 27800389 117733 1.9 71 37 3 30 45% 10597 119982 8247 50%
c - 1014.71 79 241 113 1204 66891 1 27835073 116795 1.8 73 41 3 30 45% 10597 119982 8247 50%
c - 1015.99 78 247 113 1205 66906 1 27869771 111280 1.8 81 46 3 30 47% 10597 119982 8247 50%
c ] 1016.58 74 253 114 1205 66913 1 27885675 126927 1.8 90 50 3 30 48% 10597 119982 8247 50%
c { 1016.58 74 27 114 1205 66913 1 27885675 126927 1.6 19 11 3 11 4% 10597 119982 8247 50%
c - 1016.98 74 26 114 1206 67002 1 27904484 112281 1.7 19 11 3 11 4% 10599 119981 8247 50%
c - 1017.83 79 27 114 1207 67131 1 27939211 123669 1.7 18 11 3 11 4% 10599 119981 8247 50%
c i 1018.52 77 27 114 1207 67281 1 27966386 146283 1.7 18 11 3 11 4% 10608 119981 8246 50%
c i 1018.52 77 27 114 1207 67281 1 27966445 146308 1.7 18 11 3 11 4% 10612 119981 8245 50%
c i 1018.52 77 27 114 1207 67281 1 27966461 146318 1.7 18 11 3 11 4% 10614 119981 8243 50%
c - 1018.74 80 27 114 1208 67301 1 27973953 132841 1.7 18 11 3 11 4% 10594 119981 8243 50%
c - 1019.66 78 24 114 1209 67435 1 28008710 134661 1.7 18 11 3 11 4% 10595 119981 8243 50%
c - 1020.57 79 23 114 1210 67755 1 28043480 138113 1.7 18 11 3 11 3% 10595 119981 8243 50%
c - 1021.42 75 23 114 1211 68011 1 28078266 140186 1.6 18 11 3 11 3% 10597 119981 8243 50%
c - 1022.42 71 25 114 1212 68216 1 28113065 141998 1.6 18 11 3 11 4% 10598 119981 8243 50%
c
c  seconds    switched        rate             size/glue  tier1    binary          remaining
c          MB     reductions     conflicts           size   tier2      irredundant
c           level       restarts         redundant      glue   trail          variables
c
c - 1023.39 79 22 114 1213 68281 1 28147879 139401 1.6 17 10 3 11 4% 10599 119981 8243 50%
c i 1023.41 79 22 114 1213 68291 1 28148378 139780 1.6 17 10 3 11 4% 10600 119981 8242 50%
c - 1024.33 74 21 114 1214 68570 1 28182707 139548 1.6 17 11 3 11 3% 10592 119981 8242 50%
c i 1025.35 76 18 114 1214 68575 1 28213224 160335 1.6 16 10 3 11 3% 10601 119981 8226 50%
c - 1025.46 80 19 114 1215 68630 1 28217550 107787 1.6 16 10 3 11 3% 10560 119981 8226 50%
c - 1026.30 79 21 114 1216 69005 1 28252407 114786 1.6 17 10 3 11 3% 10560 119981 8226 50%
c i 1026.36 71 23 114 1216 69015 1 28254436 116672 1.6 17 10 3 11 3% 10560 119981 8225 50%
c - 1027.33 79 23 114 1217 69271 1 28287279 133571 1.6 17 10 3 11 3% 10545 119981 8225 50%
c i 1027.73 72 21 114 1217 69271 1 28302254 144366 1.6 17 10 3 11 3% 10554 119981 8224 50%
c o 1027.84 77 21 114 1217 69285 1 28305043 146846 1.6 17 10 3 11 3% 10554 119981 8224 50%
c - 1028.36 79 21 114 1218 69407 1 28322166 126173 1.6 17 10 3 11 3% 10544 119981 8224 50%
c u 1029.09 73 21 114 1218 69482 1 28332445 130770 1.6 17 10 3 11 3% 10561 119186 8224 50%
c v 1029.54 77 21 114 1218 69482 1 28332445 127350 1.6 17 10 3 11 3% 10561 119186 8224 50%
c w 1029.71 78 21 114 1218 69482 1 28332445 125786 1.6 17 10 3 11 3% 10561 119186 8224 50%
c i 1029.84 73 21 114 1218 69507 1 28335625 128207 1.6 16 10 3 11 3% 10565 119186 8223 50%
c - 1030.41 79 22 114 1219 69774 1 28357066 121130 1.6 17 10 3 11 3% 10560 119186 8223 50%
c - 1031.27 74 20 114 1220 69908 1 28391983 130248 1.6 16 10 3 11 3% 10561 119186 8223 50%
c i 1031.52 79 20 114 1220 70049 1 28401425 138606 1.6 17 10 3 11 3% 10570 119186 8222 50%
c - 1032.41 71 21 114 1221 70362 1 28426912 135215 1.6 17 11 3 11 3% 10560 119186 8222 50%
c - 1033.64 74 19 114 1222 70445 1 28461854 135199 1.6 17 10 3 11 3% 10561 119186 8222 50%
c
c  seconds    switched        rate             size/glue  tier1    binary          remaining
c          MB     reductions     conflicts           size   tier2      irredundant
c           level       restarts         redundant      glue   trail          variables
c
c i 1033.73 77 20 114 1222 70486 1 28464962 137815 1.6 17 10 3 11 3% 10568 119186 8210 50%
c i 1034.12 78 21 114 1222 70643 1 28478527 149420 1.6 17 10 3 11 3% 10576 119185 8209 50%
c i 1034.12 78 21 114 1222 70643 1 28478610 149453 1.6 17 10 3 11 3% 10581 119185 8208 50%
c - 1034.67 80 22 114 1223 70829 1 28496812 133818 1.6 17 11 3 11 3% 10534 119185 8208 50%
c } 1035.04 79 23 115 1223 70986 2 28510452 145327 1.6 17 11 3 11 3% 10534 119185 8208 50%
c [ 1035.04 79 253 115 1223 70986 1 28510452 145327 1.8 90 50 3 30 48% 10534 119185 8208 50%
c I 1035.04 79 253 115 1223 70986 1 28510452 145327 1.8 90 50 3 30 48% 10534 119185 8208 50%
c - 1035.58 79 218 115 1224 70999 1 28531783 137687 1.8 77 43 3 30 41% 10534 119185 8208 50%
c - 1036.57 80 217 115 1225 71014 1 28566768 135853 1.9 67 36 3 30 39% 10534 119185 8208 50%
c - 1037.74 76 231 115 1226 71023 1 28601769 131345 1.9 62 32 3 30 42% 10534 119185 8208 50%
c - 1038.86 76 210 115 1227 71038 1 28636784 132287 1.9 60 31 3 30 38% 10534 119185 8208 50%
c - 1039.85 81 185 115 1228 71047 1 28671812 136043 2.0 53 27 3 30 33% 10534 119185 8208 50%
c - 1040.72 79 214 115 1229 71048 1 28706854 140699 1.9 45 23 3 30 30% 10534 119185 8208 50%
c - 1041.48 74 197 115 1230 71064 1 28741911 144175 2.0 38 19 3 30 27% 10534 119185 8208 50%
c - 1042.49 81 206 115 1231 71079 1 28776982 141891 2.0 42 21 3 30 31% 10534 119185 8208 50%
c - 1043.43 81 206 115 1232 71093 1 28812067 140437 2.0 38 19 3 30 30% 10534 119185 8208 50%
c - 1044.52 75 222 115 1233 71108 1 28847166 139917 2.0 43 22 3 30 34% 10534 119185 8208 50%
c - 1045.38 80 241 115 1234 71111 1 28882280 134607 1.8 46 26 3 30 38% 10534 119185 8208 50%
c u 1046.30 80 259 115 1234 71111 1 28904535 149817 1.8 43 25 3 30 43% 10542 118792 8208 50%
c v 1046.81 82 259 115 1234 71111 1 28904535 149358 1.8 43 25 3 30 43% 10542 118792 8208 50%
c
c  seconds     switched        rate             size/glue  tier1     binary          remaining
c          MB      reductions     conflicts           size   tier2       irredundant
c            level       restarts         redundant      glue    trail          variables
c
c w 1047.03 83 259 115 1234 71111 1 28904535 149231 1.8 43 25 3 30 43% 10542 118792 8208 50%
c d 1047.04 83 259 115 1234 71111 1 28904535 149213 1.8 43 25 3 30 43% 10540 118781 8207 50%
c u 1047.51 87 259 115 1234 71111 1 28904535 143382 1.8 43 25 3 30 43% 10540 118781 8207 50%
c v 1047.98 87 259 115 1234 71111 1 28904535 141578 1.8 43 25 3 30 43% 10540 118781 8207 50%
c w 1048.19 87 259 115 1234 71111 1 28904535 141455 1.8 43 25 3 30 43% 10540 118781 8207 50%
c - 1048.43 74 248 115 1235 71112 1 28917409 123711 1.8 40 23 3 30 41% 10540 118781 8207 50%
c - 1049.21 78 212 115 1236 71112 1 28952552 131790 1.9 34 18 3 30 35% 10540 118781 8207 50%
c - 1050.02 71 181 115 1237 71122 1 28987709 139648 2.0 30 15 3 30 30% 10540 118781 8207 50%
c - 1051.17 79 213 115 1238 71139 1 29022882 132985 2.0 44 23 3 30 35% 10540 118781 8207 50%
c o 1052.46 83 226 115 1238 71146 1 29056351 165607 2.0 75 38 3 30 41% 10540 118781 8207 50%
c - 1052.52 68 227 115 1239 71146 1 29058069 115405 2.0 75 38 3 30 41% 10540 118781 8207 50%
c - 1053.50 74 248 115 1240 71163 1 29093268 111205 2.0 77 38 3 30 45% 10540 118781 8207 50%
c s 1054.11 75 255 115 1240 71172 1 29111914 129523 2.0 78 39 3 30 46% 10541 118723 8207 50%
c e 1054.12 64 255 115 1240 71172 1 29111914 129523 2.0 78 39 3 30 46% 10440 119197 8161 50%
c s 1054.13 64 255 115 1240 71172 1 29111914 129523 2.0 78 39 3 30 46% 10440 118965 8161 50%
c e 1054.14 64 255 115 1240 71172 1 29111914 129523 2.0 78 39 3 30 46% 10434 119006 8158 50%
c - 1054.63 72 251 115 1241 71174 1 29128481 115017 2.1 79 38 3 30 46% 10434 119006 8158 50%
c - 1055.85 75 254 115 1242 71175 1 29163709 120718 2.2 75 34 3 30 48% 10434 119006 8158 50%
c B 1056.61 75 266 115 1242 71188 1 29188107 144313 2.2 74 34 3 30 49% 10434 119006 8158 50%
c - 1057.04 78 265 115 1243 71190 1 29198951 123130 2.1 79 38 3 30 49% 10434 119006 8158 50%
c
c  seconds     switched        rate             size/glue  tier1     binary          remaining
c          MB      reductions     conflicts           size   tier2       irredundant
c            level       restarts         redundant      glue    trail          variables
c
c - 1058.28 64 271 115 1244 71205 1 29234207 112819 1.8 96 53 3 30 52% 10434 119006 8158 50%
c ] 1058.87 71 271 116 1244 71206 1 29247806 126286 1.7 106 62 3 30 52% 10434 119006 8158 50%
c { 1058.87 71 23 116 1244 71206 2 29247806 126286 1.6 17 11 3 11 3% 10434 119006 8158 50%
c - 1059.29 74 36 116 1245 71252 2 29269478 112153 1.7 18 11 3 11 6% 10434 119006 8158 50%
c - 1060.10 75 40 116 1246 71346 2 29304762 130474 1.8 19 10 3 11 8% 10434 119006 8158 50%
c - 1061.33 74 47 116 1247 71505 2 29340060 142697 1.8 19 10 3 11 9% 10435 119006 8158 50%
c - 1062.40 77 41 116 1248 71575 2 29375372 146232 1.9 19 10 3 11 8% 10435 119006 8158 50%
c - 1063.31 70 44 116 1249 71613 2 29410700 150026 2.0 19 10 3 11 9% 10435 119006 8158 50%
c - 1064.48 78 57 116 1250 71805 2 29446043 152331 2.0 20 10 3 11 12% 10435 119006 8158 50%
c - 1065.65 70 61 116 1251 71974 2 29481399 154382 2.0 20 10 3 11 13% 10435 119006 8158 50%
c u 1066.06 76 61 116 1251 71974 2 29482781 152881 2.0 20 10 3 11 13% 10435 119006 8158 50%
c v 1066.52 78 61 116 1251 71974 2 29482781 150101 2.0 20 10 3 11 13% 10435 119006 8158 50%
c w 1066.68 80 61 116 1251 71974 2 29482781 149552 2.0 20 10 3 11 13% 10435 119006 8158 50%
c - 1067.70 78 65 116 1252 72061 2 29516771 151350 2.0 20 10 3 11 13% 10435 119006 8158 50%
c - 1068.89 75 67 116 1253 72207 2 29552154 154699 2.1 20 10 3 11 14% 10435 119006 8158 50%
c - 1070.01 68 72 116 1254 72387 2 29587551 156408 2.1 20 10 3 11 15% 10435 119006 8158 50%
c - 1071.17 77 67 116 1255 72565 2 29622962 156711 2.0 21 10 3 11 13% 10436 119006 8158 50%
c - 1072.32 70 58 116 1256 72680 2 29658387 153411 2.0 20 10 3 11 12% 10439 119006 8158 50%
c - 1073.45 77 83 116 1257 72832 2 29693828 156341 2.0 20 10 3 11 16% 10439 119006 8158 50%
c - 1074.73 79 94 116 1258 73004 2 29729282 160364 2.0 20 10 3 11 18% 10439 119006 8158 50%
c
c  seconds     switched        rate             size/glue  tier1     binary          remaining
c          MB      reductions     conflicts           size   tier2       irredundant
c            level       restarts         redundant      glue    trail          variables
c
c - 1075.92 78 106 116 1259 73132 2 29764751 162640 2.0 20 10 3 11 19% 10439 119006 8158 50%
c - 1077.09 72 96 116 1260 73271 2 29800234 165008 2.1 21 10 3 11 18% 10439 119006 8158 50%
c o 1077.69 68 97 116 1260 73299 2 29819691 183520 2.1 21 10 3 11 19% 10439 119006 8158 50%
c - 1078.28 77 101 116 1261 73356 2 29835730 166011 2.1 21 10 3 11 20% 10439 119006 8158 50%
c i 1079.50 78 97 116 1261 73575 2 29869758 196592 2.0 21 10 3 11 18% 10441 119006 8157 50%
c - 1079.58 79 96 116 1262 73582 2 29871241 165436 2.0 21 10 3 11 18% 10425 119006 8157 50%
c } 1080.26 74 90 117 1262 73660 2 29892720 185251 2.0 21 10 3 11 17% 10425 119006 8157 50%
c [ 1080.26 74 271 117 1262 73660 1 29892720 185251 1.7 106 62 3 30 52% 10425 119006 8157 50%
c W 1080.36 60 271 117 1262 73660 1 29892720 185251 1.7 106 62 3 30 52% 10425 118982 8157 50%
c - 1080.77 60 271 117 1263 73668 1 29906765 157774 1.7 106 62 3 31 52% 10425 118982 8157 50%
c - 1081.98 69 276 117 1264 73685 1 29942303 141416 1.7 112 64 3 31 53% 10425 118982 8157 50%
c - 1082.98 75 274 117 1265 73693 1 29977855 137244 1.8 98 54 3 31 51% 10425 118982 8157 50%
c - 1083.83 74 251 117 1266 73710 1 30013423 148052 1.8 79 44 3 31 46% 10425 118982 8157 50%
c - 1084.87 70 235 117 1267 73721 1 30049005 151602 1.8 69 38 3 31 42% 10425 118982 8157 50%
c u 1085.94 78 256 117 1267 73722 1 30067276 165600 1.8 67 36 3 31 42% 10427 118980 8157 50%
c v 1086.49 80 256 117 1267 73722 1 30067276 164335 1.8 67 36 3 31 42% 10427 118980 8157 50%
c w 1086.73 80 256 117 1267 73722 1 30067276 162411 1.8 67 36 3 31 42% 10427 118980 8157 50%
c - 1087.35 75 259 117 1268 73722 1 30084600 145226 1.9 71 37 3 31 45% 10427 118980 8157 50%
c - 1088.56 77 266 117 1269 73737 1 30120208 145081 1.9 69 36 3 31 48% 10427 118980 8157 50%
c - 1089.92 77 269 117 1270 73752 1 30155831 145700 1.9 69 36 3 31 48% 10427 118980 8157 50%
c
c  seconds     switched        rate             size/glue  tier1     binary          remaining
c          MB      reductions     conflicts           size   tier2       irredundant
c            level       restarts         redundant      glue    trail          variables
c
c - 1091.05 79 277 117 1271 73765 1 30191470 149173 1.9 63 33 3 31 50% 10427 118980 8157 50%
c - 1092.47 72 276 117 1272 73781 1 30227122 152688 1.9 62 32 3 31 50% 10427 118980 8157 50%
c - 1093.77 68 273 117 1273 73785 1 30262787 143940 2.1 82 39 3 31 51% 10427 118980 8157 50%
c - 1095.11 77 264 117 1274 73786 1 30298467 134920 2.0 88 44 3 31 49% 10427 118980 8157 50%
c - 1096.83 67 252 117 1275 73786 1 30334160 129854 2.3 113 50 3 31 52% 10427 118980 8157 50%
c - 1098.30 79 248 117 1276 73796 1 30369867 126404 2.3 116 51 3 31 52% 10427 118980 8157 50%
c - 1099.57 83 243 117 1277 73813 1 30405589 133184 2.2 107 49 3 31 50% 10427 118980 8157 50%
c - 1100.79 85 234 117 1278 73821 1 30441325 140509 2.1 93 44 3 31 47% 10427 118980 8157 50%
c - 1102.23 85 258 117 1279 73838 1 30477074 144805 2.1 88 42 3 31 50% 10427 118980 8157 50%
c - 1103.72 85 275 117 1280 73848 1 30512839 146561 2.0 82 40 3 31 50% 10427 118980 8157 50%
c - 1104.99 82 288 117 1281 73849 1 30548616 150926 2.1 77 37 3 31 50% 10427 118980 8157 50%
c - 1106.25 84 277 117 1282 73864 1 30584408 154868 2.0 69 35 3 31 48% 10427 118980 8157 50%
c o 1106.61 82 276 117 1282 73871 1 30593148 163335 2.0 69 35 3 31 48% 10427 118980 8157 50%
c O 1106.64 83 272 117 1282 73871 1 30595391 165451 2.0 68 34 3 31 47% 10427 118980 8157 50%
c - 1107.06 85 217 117 1283 73880 1 30620215 159770 2.0 58 29 3 31 37% 10427 118980 8157 50%
c ] 1107.40 80 193 118 1283 73883 1 30637703 175549 1.9 52 27 3 31 33% 10427 118980 8157 50%
c { 1107.40 80 90 118 1283 73883 2 30637703 175549 2.0 21 10 3 11 17% 10427 118980 8157 50%
c - 1107.86 85 81 118 1284 73889 2 30656035 166383 2.1 21 10 3 11 16% 10427 118980 8157 50%
c u 1108.33 88 80 118 1284 73889 2 30657983 162686 2.1 21 10 3 11 16% 10427 118980 8157 50%
c v 1108.82 90 80 118 1284 73889 2 30657983 161013 2.1 21 10 3 11 16% 10427 118980 8157 50%
c
c  seconds    switched        rate             size/glue  tier1     binary          remaining
c          MB     reductions     conflicts           size   tier2       irredundant
c           level       restarts         redundant      glue    trail          variables
c
c w 1109.02 91 80 118 1284 73889 2 30657983 156890 2.1 21 10 3 11 16% 10427 118980 8157 50%
c = 1110.18 92 80 118 1284 73889 2 30657983 156890 2.1 21 10 3 11 16% 10433 118980 8154 50%
c d 1110.19 92 80 118 1284 73889 2 30657983 156874 2.1 21 10 3 11 16% 10424 118980 8154 50%
c u 1110.65 82 80 118 1284 73889 2 30657983 150935 2.1 21 10 3 11 16% 10425 118980 8154 50%
c v 1111.10 85 80 118 1284 73889 2 30657983 148894 2.1 21 10 3 11 16% 10425 118980 8154 50%
c w 1111.29 86 80 118 1284 73889 2 30657983 148480 2.1 21 10 3 11 16% 10425 118980 8154 50%
c d 1111.30 86 80 118 1284 73889 2 30657983 148469 2.1 21 10 3 11 16% 10423 118980 8153 50%
c - 1112.14 85 68 118 1285 73903 2 30691867 156885 2.2 20 9 3 11 15% 10423 118980 8153 50%
c - 1113.04 83 58 118 1286 73934 2 30727714 162374 2.3 20 9 3 11 14% 10423 118980 8153 50%
c s 1113.40 77 52 118 1286 73946 2 30750813 183968 2.3 19 8 3 11 14% 10423 118910 8153 50%
c - 1113.80 84 54 118 1287 73980 2 30763576 165226 2.4 19 8 3 11 14% 10423 118910 8153 50%
c - 1114.90 83 57 118 1288 74058 2 30799453 166775 2.4 19 8 3 11 14% 10423 118910 8153 50%
c - 1115.93 80 57 118 1289 74184 2 30835341 166452 2.3 18 8 3 11 13% 10423 118910 8153 50%
c - 1116.72 82 45 118 1290 74261 2 30871243 168194 2.4 18 8 3 11 10% 10423 118910 8153 50%
c - 1117.99 83 48 118 1291 74456 2 30907159 170949 2.4 18 8 3 11 11% 10423 118910 8153 50%
c - 1119.32 87 50 118 1292 74643 2 30943089 173799 2.5 19 8 3 11 12% 10424 118910 8153 50%
c - 1120.86 87 55 118 1293 74899 2 30979033 175826 2.4 19 8 3 11 12% 10425 118910 8153 50%
c - 1122.26 86 52 118 1294 75094 2 31014995 175831 2.3 18 8 3 11 11% 10427 118910 8153 50%
c - 1123.71 82 55 118 1295 75255 2 31050968 177855 2.4 18 8 3 11 13% 10429 118910 8153 50%
c - 1125.31 88 57 118 1296 75485 2 31086955 180956 2.4 19 8 3 11 14% 10431 118910 8153 50%
c
c  seconds    switched        rate             size/glue tier1     binary          remaining
c          MB     reductions     conflicts           size  tier2       irredundant
c           level       restarts         redundant     glue    trail          variables
c
c - 1126.46 88 52 118 1297 75631 2 31122956 182565 2.5 19 8 3 11 14% 10432 118910 8153 50%
c - 1127.96 84 53 118 1298 75884 2 31158970 182515 2.3 18 8 3 11 13% 10436 118910 8153 50%
c - 1129.03 86 49 118 1299 76045 2 31194998 180866 2.3 18 8 3 11 11% 10437 118910 8153 50%
c - 1130.37 88 49 118 1300 76207 2 31231039 181786 2.3 18 8 3 11 11% 10440 118910 8153 50%
c d 1131.29 86 49 118 1300 76343 2 31254929 203642 2.3 18 8 3 11 11% 10440 118910 8152 50%
c u 1131.77 85 49 118 1300 76343 2 31254929 196450 2.3 18 8 3 11 11% 10490 118910 8152 50%
c v 1132.38 90 49 118 1300 76343 2 31254929 194737 2.3 18 8 3 11 11% 10455 118910 8152 50%
c w 1132.59 91 49 118 1300 76343 2 31254929 194478 2.3 18 8 3 11 11% 10455 118910 8152 50%
c t 1132.61 91 49 118 1300 76343 2 31254929 194478 2.3 18 8 3 11 11% 10453 118910 8152 50%
c u 1133.14 77 49 118 1300 76343 2 31254929 187185 2.3 18 8 3 11 11% 10504 118910 8152 50%
c v 1133.75 81 49 118 1300 76343 2 31254929 185827 2.3 18 8 3 11 11% 10476 118910 8152 50%
c w 1133.97 88 49 118 1300 76343 2 31254929 185621 2.3 18 8 3 11 11% 10476 118910 8152 50%
c d 1133.98 88 49 118 1300 76343 2 31254929 185615 2.3 18 8 3 11 11% 10471 118910 8149 50%
c t 1133.99 88 49 118 1300 76343 2 31254929 185615 2.3 18 8 3 11 11% 10467 118910 8149 50%
c - 1134.63 83 52 118 1301 76428 2 31267094 169830 2.2 18 8 3 11 11% 10467 118910 8149 50%
c } 1135.94 87 61 119 1301 76586 2 31303032 204063 2.3 18 8 3 11 14% 10468 118910 8149 50%
c [ 1135.94 87 193 119 1301 76586 1 31303032 204063 1.9 52 27 3 31 33% 10468 118910 8149 50%
c - 1135.97 87 193 119 1302 76586 1 31303165 175021 1.9 52 27 3 31 33% 10468 118910 8149 50%
c B 1136.12 79 182 119 1302 76591 1 31310690 181830 1.9 49 25 3 31 31% 10468 118910 8149 50%
c - 1136.90 87 169 119 1303 76603 1 31339249 171367 1.9 48 25 3 31 28% 10468 118910 8149 50%
c
c  seconds     switched        rate             size/glue  tier1     binary          remaining
c          MB      reductions     conflicts           size   tier2       irredundant
c            level       restarts         redundant      glue    trail          variables
c
c - 1138.15 84 183 119 1304 76616 1 31375346 163762 1.9 48 26 3 31 32% 10468 118910 8149 50%
c o 1138.53 85 186 119 1304 76617 1 31385430 173647 2.0 53 27 3 31 34% 10468 118910 8149 50%
c - 1139.32 85 207 119 1305 76631 1 31411456 157225 1.9 54 29 3 31 37% 10468 118910 8149 50%
c - 1140.50 86 222 119 1306 76646 1 31447580 158919 1.8 51 28 3 31 40% 10468 118910 8149 50%
c - 1141.53 83 228 119 1307 76648 1 31483720 166189 1.9 46 24 3 31 43% 10468 118910 8149 50%
c - 1142.84 86 234 119 1308 76661 1 31519873 167461 2.0 50 26 3 31 46% 10468 118910 8149 50%
c - 1144.23 78 242 119 1309 76677 1 31556042 164641 2.0 51 26 3 31 47% 10468 118910 8149 50%
c - 1145.86 78 244 119 1310 76686 1 31592222 162386 1.9 55 28 3 31 47% 10468 118910 8149 50%
c - 1147.09 85 240 119 1311 76701 1 31628415 157816 1.9 64 33 3 31 46% 10468 118910 8149 50%
c - 1148.27 86 247 119 1312 76710 1 31664622 159981 1.9 61 31 3 31 47% 10468 118910 8149 50%
c - 1150.10 68 246 119 1313 76712 1 31700843 154437 2.0 85 43 3 31 50% 10468 118910 8149 50%
c - 1151.14 63 237 119 1314 76712 1 31737080 157163 2.0 66 34 3 31 45% 10468 118910 8149 50%
c - 1153.44 73 233 119 1315 76719 1 31773329 168728 1.9 61 32 3 31 43% 10468 118910 8149 50%
c - 1154.64 76 232 119 1316 76734 1 31809591 173081 1.9 53 28 3 31 41% 10468 118910 8149 50%
c - 1156.13 86 233 119 1317 76743 1 31845868 164846 1.9 65 34 3 31 43% 10468 118910 8149 50%
c u 1157.20 84 233 119 1317 76750 1 31858137 174025 1.9 64 34 3 31 43% 10468 118910 8149 50%
c v 1157.80 85 233 119 1317 76750 1 31858137 173054 1.9 64 34 3 31 43% 10468 118910 8149 50%
c w 1158.05 87 233 119 1317 76750 1 31858137 172736 1.9 64 34 3 31 43% 10468 118910 8149 50%
c = 1160.30 88 233 119 1317 76750 1 31858137 172736 1.9 64 34 3 31 43% 10468 118897 8148 50%
c u 1160.68 88 233 119 1317 76750 1 31858137 170947 1.9 64 34 3 31 43% 10470 118877 8148 50%
c
c  seconds     switched        rate             size/glue  tier1     binary          remaining
c          MB      reductions     conflicts           size   tier2       irredundant
c            level       restarts         redundant      glue    trail          variables
c
c v 1161.10 88 233 119 1317 76750 1 31858137 170462 1.9 64 34 3 31 43% 10470 118877 8148 50%
c w 1161.28 89 233 119 1317 76750 1 31858137 170271 1.9 64 34 3 31 43% 10470 118877 8148 50%
c x 1161.64 78 233 119 1317 76750 1 31858137 170250 1.9 64 34 3 31 43% 10472 118481 8148 50%
c - 1162.61 81 232 119 1318 76761 1 31882160 154034 1.9 66 35 3 31 43% 10463 118481 8148 50%
c - 1163.97 82 232 119 1319 76774 1 31918465 154222 1.9 74 39 3 31 44% 10463 118481 8148 50%
c - 1165.11 81 255 119 1320 76775 1 31954786 157836 2.0 69 35 3 31 48% 10463 118481 8148 50%
c - 1166.52 82 234 119 1321 76790 1 31991118 161048 2.0 68 34 3 31 44% 10463 118481 8148 50%
c ] 1167.27 82 236 120 1321 76804 1 32018327 186948 2.0 60 29 3 31 45% 10463 118481 8148 50%
c { 1167.27 82 61 120 1321 76804 2 32018327 186948 2.3 18 8 3 11 14% 10463 118481 8148 50%
c - 1167.72 84 66 120 1322 76972 3 32027465 164877 2.2 19 9 3 11 14% 10463 118481 8148 50%
c - 1169.36 78 92 120 1323 77455 3 32063825 173421 2.0 22 11 3 11 17% 10463 118481 8148 50%
c - 1170.97 84 96 120 1324 77684 3 32100198 177216 1.9 22 12 3 11 18% 10463 118481 8148 50%
c - 1172.45 85 127 120 1325 77815 3 32136584 181377 1.9 22 12 3 11 23% 10463 118481 8148 50%
c - 1173.61 84 112 120 1326 77868 2 32172986 184678 2.0 22 11 3 11 22% 10463 118481 8148 50%
c o 1173.72 84 115 120 1326 77869 2 32176521 188116 2.0 22 11 3 11 22% 10463 118481 8148 50%
c - 1175.06 76 124 120 1327 78078 2 32209401 184265 1.9 23 12 3 11 23% 10463 118481 8148 50%
c - 1176.40 83 123 120 1328 78288 3 32245829 182865 1.9 22 12 3 11 22% 10463 118481 8148 50%
c - 1177.23 85 96 120 1329 78288 2 32282271 184323 2.1 22 11 3 11 19% 10463 118481 8148 50%
c - 1178.67 84 99 120 1330 78568 2 32318727 184435 2.0 23 12 3 11 20% 10463 118481 8148 50%
c - 1179.61 86 83 120 1331 78663 2 32355196 183958 2.0 23 11 3 11 17% 10463 118481 8148 50%
c
c  seconds    switched        rate             size/glue  tier1     binary          remaining
c          MB     reductions     conflicts           size   tier2       irredundant
c           level       restarts         redundant      glue    trail          variables
c
c - 1180.98 83 83 120 1332 78842 2 32391678 183246 2.0 23 11 3 11 17% 10463 118481 8148 50%
c - 1182.29 82 99 120 1333 78927 2 32428176 183782 1.9 22 11 3 11 18% 10463 118481 8148 50%
c s 1182.83 83 98 120 1333 78974 2 32442758 196646 1.9 22 11 3 11 18% 10463 118474 8148 50%
c e 1182.84 70 98 120 1333 78974 2 32442758 196646 1.9 22 11 3 11 18% 10453 118557 8143 49%
c - 1183.71 81 103 120 1334 79093 2 32464687 181852 1.9 22 11 3 11 18% 10453 118557 8143 49%
c u 1184.30 86 100 120 1334 79093 2 32467573 177921 1.9 22 11 3 11 18% 10453 118557 8143 49%
c v 1184.91 88 100 120 1334 79093 2 32467573 176067 1.9 22 11 3 11 18% 10453 118557 8143 49%
c w 1185.13 89 100 120 1334 79093 2 32467573 175240 1.9 22 11 3 11 18% 10453 118557 8143 49%
c = 1188.47 90 100 120 1334 79093 2 32467573 175240 1.9 22 11 3 11 18% 10455 118461 8138 49%
c d 1188.48 90 100 120 1334 79093 2 32467573 175175 1.9 22 11 3 11 18% 10458 118439 8138 49%
c u 1189.00 94 100 120 1334 79093 2 32467573 168291 1.9 22 11 3 11 18% 10458 118439 8138 49%
c v 1189.58 94 100 120 1334 79093 2 32467573 166301 1.9 22 11 3 11 18% 10458 118439 8138 49%
c w 1189.81 94 100 120 1334 79093 2 32467573 165620 1.9 22 11 3 11 18% 10458 118439 8138 49%
c - 1193.52 82 86 120 1335 79169 2 32501210 165369 1.9 21 11 3 11 15% 10454 118439 8138 49%
c - 1194.75 77 80 120 1336 79254 2 32537747 169254 1.9 21 11 3 11 15% 10454 118439 8138 49%
c - 1196.18 84 78 120 1337 79474 2 32574299 172420 1.9 21 11 3 11 14% 10454 118439 8138 49%
c - 1197.95 80 76 120 1338 79582 2 32610865 173825 1.9 21 11 3 11 13% 10454 118439 8138 49%
c - 1199.59 82 75 120 1339 79713 2 32647443 174207 1.8 21 11 3 11 13% 10454 118439 8138 49%
c - 1201.70 81 76 120 1340 79878 2 32684035 174875 1.8 21 12 3 11 13% 10454 118439 8138 49%
c } 1202.64 85 70 121 1340 79905 2 32704345 192115 1.8 21 11 3 11 12% 10454 118439 8138 49%
c
c  seconds     switched        rate             size/glue  tier1     binary          remaining
c          MB      reductions     conflicts           size   tier2       irredundant
c            level       restarts         redundant      glue    trail          variables
c
c [ 1202.64 85 236 121 1340 79905 1 32704345 192115 2.0 60 29 3 31 45% 10454 118439 8138 49%
c W 1202.69 66 236 121 1340 79905 1 32704345 192115 2.0 60 29 3 31 45% 10454 118439 8138 49%
c - 1203.33 82 244 121 1341 79914 1 32720641 173097 2.0 57 28 3 31 46% 10454 118439 8138 49%
c - 1204.59 85 256 121 1342 79932 1 32757260 168994 2.0 53 27 3 31 48% 10454 118439 8138 49%
c - 1205.93 81 267 121 1343 79941 1 32793895 163329 2.0 52 27 3 31 49% 10454 118439 8138 49%
c - 1207.34 85 269 121 1344 79957 1 32830542 163865 1.9 51 26 3 31 49% 10454 118439 8138 49%
c - 1208.73 85 264 121 1345 79966 1 32867203 168176 1.9 48 25 3 31 49% 10454 118439 8138 49%
c - 1209.97 84 261 121 1346 79969 1 32903877 164151 1.9 58 30 3 31 51% 10454 118439 8138 49%
c - 1211.55 84 259 121 1347 79986 1 32940564 159036 2.0 58 30 3 31 49% 10454 118439 8138 49%
c - 1213.42 84 256 121 1348 79998 1 32977266 159779 2.0 64 32 3 31 48% 10454 118439 8138 49%
c o 1213.85 76 256 121 1348 79999 1 32984936 167146 2.0 65 33 3 31 48% 10454 118439 8138 49%
c - 1214.70 79 256 121 1349 80013 1 33013981 159685 1.9 63 32 3 31 46% 10454 118439 8138 49%
c - 1215.86 83 242 121 1350 80028 1 33050709 160996 2.0 60 31 3 31 42% 10454 118439 8138 49%
c u 1217.53 81 233 121 1350 80030 1 33083268 182656 1.9 61 33 3 31 40% 10457 118439 8138 49%
c v 1218.27 86 233 121 1350 80030 1 33083268 180903 1.9 61 33 3 31 40% 10457 118439 8138 49%
c w 1218.72 94 233 121 1350 80030 1 33083268 180669 1.9 61 33 3 31 40% 10457 118439 8138 49%
c - 1218.90 78 236 121 1351 80030 1 33087451 145806 1.9 62 33 3 31 41% 10457 118439 8138 49%
c - 1220.26 84 255 121 1352 80031 1 33124207 144331 1.9 62 32 3 31 48% 10457 118439 8138 49%
c - 1221.65 65 260 121 1353 80031 1 33160976 138185 2.0 82 42 3 31 51% 10457 118439 8138 49%
c - 1222.75 75 258 121 1354 80046 1 33197760 138677 2.0 76 39 3 31 51% 10457 118439 8138 49%
c
c  seconds     switched        rate             size/glue  tier1     binary          remaining
c          MB      reductions     conflicts           size   tier2       irredundant
c            level       restarts         redundant      glue    trail          variables
c
c - 1223.84 76 254 121 1355 80062 1 33234557 151401 1.9 67 34 3 31 50% 10457 118439 8138 49%
c - 1225.12 77 256 121 1356 80076 1 33271367 156020 1.9 62 32 3 31 49% 10457 118439 8138 49%
c - 1226.54 78 253 121 1357 80092 1 33308192 160715 2.0 56 29 3 31 48% 10457 118439 8138 49%
c - 1227.79 77 258 121 1358 80094 1 33345029 167740 2.0 50 26 3 31 47% 10457 118439 8138 49%
c - 1229.83 81 264 121 1359 80106 1 33381882 168548 2.0 53 27 3 31 48% 10457 118439 8138 49%
c - 1231.67 80 263 121 1360 80123 1 33418747 163789 1.9 62 32 3 31 48% 10457 118439 8138 49%
c I 1233.05 80 271 121 1360 80125 1 33445128 189303 1.9 75 39 3 31 49% 10457 118439 8138 49%
c - 1233.35 85 257 121 1361 80132 1 33455627 157630 1.9 70 36 3 31 46% 10457 118439 8138 49%
c ] 1234.26 84 237 122 1361 80144 1 33484267 184374 1.9 66 34 3 31 43% 10457 118439 8138 49%
c { 1234.26 84 70 122 1361 80144 2 33484267 184374 1.8 21 11 3 11 12% 10457 118439 8138 49%
c - 1234.43 85 86 122 1362 80148 2 33492519 159379 1.8 21 11 3 11 14% 10457 118439 8138 49%
c - 1235.13 83 76 122 1363 80159 2 33529425 165397 2.0 20 10 3 11 14% 10457 118439 8138 49%
c - 1236.20 84 67 122 1364 80186 2 33566343 171755 2.2 20 9 3 11 13% 10458 118439 8138 49%
c - 1237.70 77 64 122 1365 80248 2 33603275 176198 2.3 21 9 3 11 13% 10458 118439 8138 49%
c - 1239.41 79 63 122 1366 80329 2 33640220 181601 2.3 21 9 3 11 13% 10458 118439 8138 49%
c - 1241.00 78 50 122 1367 80369 2 33677179 181616 2.3 20 9 3 11 10% 10458 118439 8138 49%
c u 1242.32 89 40 122 1367 80372 1 33705228 203335 2.4 19 8 3 11 8% 10464 118439 8138 49%
c v 1243.07 96 40 122 1367 80372 1 33705228 197063 2.4 19 8 3 11 8% 10464 118439 8138 49%
c w 1243.32 96 40 122 1367 80372 1 33705228 196485 2.4 19 8 3 11 8% 10464 118439 8138 49%
c - 1246.50 86 44 122 1368 80437 2 33714151 175404 2.3 20 8 3 11 9% 10464 118439 8138 49%
c
c  seconds    switched        rate             size/glue tier1    binary          remaining
c          MB     reductions     conflicts           size  tier2      irredundant
c           level       restarts         redundant     glue   trail          variables
c
c - 1248.33 85 48 122 1369 80579 2 33751137 175353 2.3 19 9 3 11 9% 10466 118439 8138 49%
c - 1249.50 79 36 122 1370 80580 2 33788137 177212 2.3 19 8 3 11 7% 10466 118439 8138 49%
c o 1249.78 80 34 122 1370 80584 2 33797361 184825 2.3 18 8 3 11 7% 10467 118439 8138 49%
c - 1251.61 86 61 122 1371 80848 2 33825150 179700 2.2 20 9 3 11 11% 10472 118439 8138 49%
c - 1252.67 85 89 122 1372 80914 2 33862177 182095 2.3 20 9 3 11 17% 10472 118439 8138 49%
c - 1255.38 87 88 122 1373 81128 2 33899217 182174 2.2 21 10 3 11 17% 10474 118439 8138 49%
c - 1256.84 87 84 122 1374 81254 2 33936271 184365 2.2 21 10 3 11 17% 10482 118439 8138 49%
c - 1258.56 87 74 122 1375 81316 2 33973338 187284 2.2 21 9 3 11 15% 10483 118439 8138 49%
c - 1260.07 80 54 122 1376 81316 2 34010418 184639 2.1 19 9 3 11 11% 10485 118439 8138 49%
c - 1261.97 86 59 122 1377 81429 2 34047513 181043 2.0 18 9 3 11 12% 10487 118439 8138 49%
c - 1263.56 85 85 122 1378 81598 2 34084621 185078 2.1 20 10 3 11 16% 10489 118439 8138 49%
c - 1265.26 87 89 122 1379 81723 2 34121742 189767 2.1 20 10 3 11 17% 10489 118439 8138 49%
c - 1266.43 79 83 122 1380 81739 2 34158876 194139 2.2 20 9 3 11 15% 10489 118439 8138 49%
c s 1267.61 86 80 122 1380 81783 2 34188171 222250 2.3 20 9 3 11 15% 10489 118426 8138 49%
c e 1267.62 70 80 122 1380 81783 2 34188171 222250 2.3 20 9 3 11 15% 10485 118426 8136 49%
c } 1267.86 84 82 123 1380 81822 2 34191248 187702 2.3 21 9 3 11 15% 10485 118426 8136 49%
c [ 1267.86 84 237 123 1380 81822 1 34191248 187702 1.9 66 34 3 31 43% 10485 118426 8136 49%
c - 1268.07 77 239 123 1381 81825 1 34196025 162661 1.9 65 33 3 31 44% 10485 118426 8136 49%
c B 1268.20 80 240 123 1381 81827 1 34198768 165339 1.9 65 34 3 31 44% 10485 118426 8136 49%
c - 1269.42 81 235 123 1382 81843 1 34233186 163065 2.0 71 35 3 31 43% 10485 118426 8136 49%
c
c  seconds     switched        rate             size/glue  tier1     binary          remaining
c          MB      reductions     conflicts           size   tier2       irredundant
c            level       restarts         redundant      glue    trail          variables
c
c - 1270.74 85 238 123 1383 81852 1 34270361 163126 1.9 71 38 3 31 39% 10485 118426 8136 49%
c - 1272.22 85 248 123 1384 81869 1 34307551 163009 1.9 74 38 3 31 42% 10485 118426 8136 49%
c b 1273.11 66 239 123 1384 81882 1 34333476 187852 1.9 72 38 3 31 42% 10485 118426 8135 49%
c u 1273.73 85 239 123 1384 81882 1 34333476 183626 1.9 72 38 3 31 42% 10487 118426 8135 49%
c v 1274.49 87 239 123 1384 81882 1 34333476 182097 1.9 72 38 3 31 42% 10487 118426 8135 49%
c w 1274.84 89 239 123 1384 81882 1 34333476 181720 1.9 72 38 3 31 42% 10487 118426 8135 49%
c t 1274.86 89 239 123 1384 81882 1 34333476 181720 1.9 72 38 3 31 42% 10483 118371 8135 49%
c u 1275.50 92 239 123 1384 81882 1 34333476 179061 1.9 72 38 3 31 42% 10483 118371 8135 49%
c v 1276.25 92 239 123 1384 81882 1 34333476 177382 1.9 72 38 3 31 42% 10483 118371 8135 49%
c w 1276.59 93 239 123 1384 81882 1 34333476 176436 1.9 72 38 3 31 42% 10483 118371 8135 49%
c - 1276.87 80 227 123 1385 81883 1 34344753 156758 1.9 66 35 3 31 40% 10480 118371 8135 49%
c - 1277.91 85 238 123 1386 81884 1 34381968 167971 2.0 57 29 3 30 45% 10480 118371 8135 49%
c - 1278.99 86 235 123 1387 81899 1 34419197 172903 2.0 52 26 3 30 44% 10480 118371 8135 49%
c - 1280.28 83 224 123 1388 81915 1 34456441 169758 1.9 52 27 3 30 43% 10480 118371 8135 49%
c - 1281.51 85 198 123 1389 81929 1 34493696 168238 1.9 47 25 3 30 35% 10481 118371 8135 49%
c - 1282.84 86 211 123 1390 81945 1 34530967 163606 1.8 57 31 3 30 38% 10483 118371 8135 49%
c - 1283.93 83 210 123 1391 81947 1 34568252 155843 1.8 64 35 3 30 39% 10483 118371 8135 49%
c - 1285.46 82 230 123 1392 81948 1 34605551 156290 1.9 67 35 3 30 44% 10483 118371 8135 49%
c - 1287.36 84 244 123 1393 81948 1 34642863 154416 1.9 71 38 3 30 45% 10483 118371 8135 49%
c o 1287.95 77 246 123 1393 81949 1 34652366 163135 1.9 74 39 3 30 46% 10483 118371 8135 49%
c
c  seconds     switched        rate             size/glue  tier1     binary          remaining
c          MB      reductions     conflicts           size   tier2       irredundant
c            level       restarts         redundant      glue    trail          variables
c
c - 1288.71 85 233 123 1394 81963 1 34680185 160411 1.9 63 34 3 30 43% 10484 118371 8135 49%
c - 1289.94 84 235 123 1395 81978 1 34717521 172693 1.9 57 31 3 30 43% 10485 118371 8135 49%
c - 1291.50 83 241 123 1396 81992 1 34754870 169712 1.9 60 32 3 30 46% 10485 118371 8135 49%
c - 1293.08 86 234 123 1397 82008 1 34792233 170555 1.9 57 30 3 30 45% 10485 118371 8135 49%
c - 1294.53 85 246 123 1398 82011 1 34829609 176263 1.9 53 28 3 30 46% 10485 118371 8135 49%
c - 1296.84 86 254 123 1399 82021 1 34866998 175740 1.9 57 29 3 30 48% 10485 118371 8135 49%
c - 1299.35 74 254 123 1400 82040 1 34904403 174913 1.9 60 32 3 30 48% 10485 118371 8135 49%
c - 1300.87 81 268 123 1401 82049 1 34941822 177503 1.9 61 33 3 30 49% 10485 118371 8135 49%
c W 1301.98 66 261 123 1401 82057 1 34965342 200177 1.9 66 34 3 30 48% 10485 118371 8135 49%
c u 1302.68 83 255 123 1401 82059 1 34968034 196913 1.9 65 34 3 30 47% 10492 118371 8135 49%
c v 1303.46 88 255 123 1401 82059 1 34968034 194960 1.9 65 34 3 30 47% 10491 118371 8135 49%
c w 1303.83 92 255 123 1401 82059 1 34968034 193660 1.9 65 34 3 30 47% 10491 118371 8135 49%
c t 1306.69 93 255 123 1401 82059 1 34968034 193660 1.9 65 34 3 30 47% 10486 118371 8135 49%
c - 1307.09 81 240 123 1402 82065 1 34979251 167098 1.9 64 33 3 30 45% 10486 118371 8135 49%
c ] 1307.13 82 240 124 1402 82066 1 34980428 168220 1.9 64 33 3 30 45% 10486 118371 8135 49%
c { 1307.13 82 82 124 1402 82066 2 34980428 168220 2.3 21 9 3 11 15% 10486 118371 8135 49%
c - 1308.31 75 94 124 1403 82306 2 35016695 170333 2.1 22 11 3 10 17% 10486 118371 8135 49%
c - 1309.50 81 83 124 1404 82439 2 35054152 174341 2.0 22 11 3 10 15% 10486 118371 8135 49%
c - 1311.07 82 89 124 1405 82600 2 35091621 177371 2.0 22 11 3 10 16% 10487 118371 8135 49%
c - 1311.91 75 127 124 1406 82605 2 35129105 182732 2.2 21 10 3 10 23% 10488 118371 8135 49%
c
c  seconds     switched        rate             size/glue tier1     binary          remaining
c          MB      reductions     conflicts           size  tier2       irredundant
c            level       restarts         redundant     glue    trail          variables
c
c - 1312.82 87 118 124 1407 82641 2 35166601 184950 2.3 21 9 3 10 20% 10490 118371 8135 49%
c - 1314.12 83 118 124 1408 82869 2 35204110 185517 2.2 22 10 3 10 20% 10491 118371 8135 49%
c - 1315.27 84 103 124 1409 82970 2 35241633 184275 2.1 21 10 3 10 18% 10492 118371 8135 49%
c - 1316.98 87 97 124 1410 83113 2 35279170 183978 2.1 22 10 3 10 17% 10492 118371 8135 49%
c - 1318.51 86 90 124 1411 83255 2 35316720 186558 2.0 21 10 3 10 16% 10492 118371 8135 49%
c - 1319.85 80 77 124 1412 83297 2 35354284 186459 2.0 20 10 3 10 13% 10492 118371 8135 49%
c i 1320.02 85 81 124 1412 83343 2 35358183 189868 2.0 21 10 3 10 14% 10492 118371 8134 49%
c - 1320.90 87 78 124 1413 83431 2 35391860 187653 2.1 22 11 3 10 15% 10488 118371 8134 49%
c - 1322.01 87 78 124 1414 83514 2 35429449 189337 2.2 23 10 3 10 16% 10488 118371 8134 49%
c - 1323.48 87 105 124 1415 83707 2 35467052 189301 2.1 24 11 3 10 19% 10488 118371 8134 49%
c o 1324.02 86 103 124 1415 83764 2 35486894 207452 2.1 23 11 3 10 18% 10488 118371 8134 49%
c - 1324.51 84 108 124 1416 83795 2 35504669 189226 2.1 23 11 3 10 18% 10488 118371 8134 49%
c - 1326.19 82 112 124 1417 83879 2 35542300 190195 2.1 23 11 3 10 19% 10489 118371 8134 49%
c - 1327.07 87 87 124 1418 83886 2 35579943 193329 2.3 22 10 3 10 17% 10489 118371 8134 49%
c u 1328.61 78 99 124 1418 84033 2 35608881 215393 2.2 23 10 3 10 18% 10497 118330 8134 49%
c v 1329.32 86 99 124 1418 84033 2 35608881 214292 2.2 23 10 3 10 18% 10496 118330 8134 49%
c w 1329.57 87 99 124 1418 84033 2 35608881 214064 2.2 23 10 3 10 18% 10496 118330 8134 49%
c d 1329.58 87 99 124 1418 84033 2 35608881 214062 2.2 23 10 3 10 18% 10494 118308 8133 49%
c t 1329.60 87 99 124 1418 84033 2 35608881 214062 2.2 23 10 3 10 18% 10489 118308 8133 49%
c u 1330.12 86 99 124 1418 84033 2 35608881 208520 2.2 23 10 3 10 18% 10499 118308 8133 49%
c
c  seconds    switched        rate             size/glue  tier1     binary          remaining
c          MB     reductions     conflicts           size   tier2       irredundant
c           level       restarts         redundant      glue    trail          variables
c
c v 1330.81 90 99 124 1418 84033 2 35608881 206905 2.2 23 10 3 10 18% 10499 118308 8133 49%
c w 1331.05 91 99 124 1418 84033 2 35608881 206823 2.2 23 10 3 10 18% 10499 118308 8133 49%
c t 1331.07 91 99 124 1418 84033 2 35608881 206823 2.2 23 10 3 10 18% 10496 118308 8133 49%
c - 1331.47 86 96 124 1419 84077 2 35617600 178564 2.2 23 11 3 10 18% 10496 118308 8133 49%
c - 1332.65 87 84 124 1420 84175 2 35655269 179722 2.3 23 10 3 10 15% 10496 118308 8133 49%
c - 1333.88 79 119 124 1421 84361 2 35692951 180816 2.2 24 11 3 10 20% 10496 118308 8133 49%
c } 1334.27 85 131 125 1421 84374 2 35708644 195913 2.2 24 11 3 10 22% 10496 118308 8133 49%
c [ 1334.27 85 240 125 1421 84374 1 35708644 195913 1.9 64 33 3 30 45% 10496 118308 8133 49%
c - 1335.24 78 241 125 1422 84387 1 35730649 173175 1.8 73 40 3 30 45% 10496 118308 8133 49%
c O 1335.79 80 239 125 1422 84391 1 35744926 187161 1.7 80 46 3 30 45% 10496 118308 8133 49%
c - 1336.24 82 195 125 1423 84403 1 35768359 164390 1.7 68 39 3 30 37% 10496 118308 8133 49%
c - 1337.27 82 147 125 1424 84414 1 35806082 169908 1.7 53 30 3 30 27% 10496 118308 8133 49%
c - 1338.24 84 161 125 1425 84432 1 35843818 175960 1.8 48 27 3 30 28% 10496 118308 8133 49%
c - 1339.56 82 178 125 1426 84436 1 35881568 174113 1.8 44 24 3 30 28% 10496 118308 8133 49%
c - 1341.16 87 189 125 1427 84444 1 35919334 167833 1.9 55 30 3 30 28% 10496 118308 8133 49%
c - 1342.69 83 194 125 1428 84462 1 35957109 162154 1.9 59 31 3 30 29% 10496 118308 8133 49%
c s 1343.77 80 207 125 1428 84467 1 35987581 191480 1.8 65 37 3 30 30% 10496 118305 8133 49%
c s 1343.78 82 207 125 1428 84467 1 35987581 191480 1.8 65 37 3 30 30% 10496 118297 8133 49%
c - 1344.21 86 207 125 1429 84472 1 35994897 161282 1.8 65 36 3 30 30% 10496 118297 8133 49%
c - 1345.70 84 208 125 1430 84489 1 36032701 160006 1.8 67 37 3 30 30% 10496 118297 8133 49%
c
c  seconds     switched        rate             size/glue  tier1     binary          remaining
c          MB      reductions     conflicts           size   tier2       irredundant
c            level       restarts         redundant      glue    trail          variables
c
c - 1347.06 85 211 125 1431 84498 1 36070519 161413 1.8 67 36 3 30 31% 10496 118297 8133 49%
c - 1348.01 84 205 125 1432 84500 1 36108347 168860 1.8 57 31 3 30 31% 10496 118297 8133 49%
c - 1349.47 81 232 125 1433 84500 1 36146189 175027 1.8 58 33 3 30 34% 10496 118297 8133 49%
c - 1350.81 84 245 125 1434 84507 1 36184044 177232 1.8 54 30 3 30 35% 10496 118297 8133 49%
c - 1351.37 83 219 125 1435 84525 1 36221912 176618 1.7 51 30 3 30 30% 10496 118297 8133 49%
c u 1352.46 86 191 125 1435 84531 1 36256038 199132 1.7 43 25 3 30 27% 10535 118297 8133 49%
c v 1353.09 89 191 125 1435 84531 1 36256038 198136 1.7 43 25 3 30 27% 10516 118297 8133 49%
c w 1353.34 90 191 125 1435 84531 1 36256038 196915 1.7 43 25 3 30 27% 10516 118297 8133 49%
c d 1353.36 90 191 125 1435 84531 1 36256038 196915 1.7 43 25 3 30 27% 10510 118297 8130 49%
c t 1353.37 90 191 125 1435 84531 1 36256038 196915 1.7 43 25 3 30 27% 10499 118297 8130 49%
c u 1353.90 93 191 125 1435 84531 1 36256038 194319 1.7 43 25 3 30 27% 10499 118297 8130 49%
c v 1354.48 94 191 125 1435 84531 1 36256038 192814 1.7 43 25 3 30 27% 10499 118297 8130 49%
c w 1354.79 94 191 125 1435 84531 1 36256038 192220 1.7 43 25 3 30 27% 10499 118297 8130 49%
c - 1357.14 81 188 125 1436 84533 1 36259794 161880 1.7 42 24 3 30 26% 10499 118297 8130 49%
c - 1358.42 85 167 125 1437 84551 1 36297691 164948 1.7 39 23 3 30 23% 10499 118297 8130 49%
c - 1359.54 86 141 125 1438 84562 1 36335600 164823 1.6 35 22 3 30 20% 10499 118297 8130 49%
c - 1360.41 81 123 125 1439 84563 1 36373520 170885 1.7 31 19 3 30 18% 10499 118297 8130 49%
c o 1360.49 82 122 125 1439 84565 1 36377134 173995 1.7 31 18 3 30 18% 10499 118297 8130 49%
c - 1361.61 86 116 125 1440 84580 1 36411455 175056 1.7 29 17 3 30 17% 10499 118297 8130 49%
c - 1362.85 86 110 125 1441 84594 1 36449402 175167 1.6 28 17 3 30 16% 10499 118297 8130 49%
c
c  seconds     switched        rate             size/glue  tier1     binary          remaining
c          MB      reductions     conflicts           size   tier2       irredundant
c            level       restarts         redundant      glue    trail          variables
c
c - 1364.16 82 105 125 1442 84609 1 36487363 172850 1.6 28 18 3 30 16% 10499 118297 8130 49%
c ] 1364.88 82 104 126 1442 84621 1 36514874 196814 1.5 29 19 3 30 16% 10499 118297 8130 49%
c { 1364.88 82 131 126 1442 84621 2 36514874 196814 2.2 24 11 3 10 22% 10499 118297 8130 49%
c - 1365.23 79 125 126 1443 84629 2 36525336 171777 2.2 23 11 3 10 21% 10499 118297 8130 49%
c - 1366.36 82 137 126 1444 84840 2 36563323 177821 2.1 23 11 3 10 21% 10499 118297 8130 49%
c - 1367.54 86 151 126 1445 85033 2 36601324 180395 2.1 22 11 3 10 21% 10499 118297 8130 49%
c - 1368.64 76 151 126 1446 85249 2 36639337 182009 2.0 23 11 3 10 20% 10499 118297 8130 49%
c - 1370.37 83 151 126 1447 85461 3 36677365 183401 2.0 23 12 3 10 20% 10499 118297 8130 49%
c - 1371.52 86 150 126 1448 85621 2 36715405 183701 1.9 22 11 3 10 19% 10499 118297 8130 49%
c - 1372.75 87 145 126 1449 85771 2 36753459 184892 2.0 22 11 3 10 17% 10499 118297 8130 49%
c - 1373.68 76 146 126 1450 85878 2 36791524 185005 2.0 21 11 3 10 17% 10499 118297 8130 49%
c - 1375.05 84 156 126 1451 86119 2 36829605 184380 2.0 22 11 3 10 19% 10499 118297 8130 49%
c - 1376.33 85 155 126 1452 86294 2 36867698 184077 2.1 22 11 3 10 20% 10499 118297 8130 49%
c - 1377.46 79 156 126 1453 86493 2 36905803 186043 2.1 22 11 3 10 19% 10500 118297 8130 49%
c u 1378.10 88 155 126 1453 86512 2 36909533 186890 2.1 22 11 3 10 19% 10500 118297 8130 49%
c v 1378.72 90 155 126 1453 86512 2 36909533 186084 2.1 22 11 3 10 19% 10500 118297 8130 49%
c w 1379.03 91 155 126 1453 86512 2 36909533 185775 2.1 22 11 3 10 19% 10500 118297 8130 49%
c t 1379.05 91 155 126 1453 86512 2 36909533 185775 2.1 22 11 3 10 19% 10499 118297 8130 49%
c - 1380.27 82 154 126 1454 86740 3 36943921 182227 2.0 22 11 3 10 19% 10499 118297 8130 49%
c - 1381.48 87 154 126 1455 86926 3 36982053 183908 2.0 23 12 3 10 19% 10499 118297 8130 49%
c
c  seconds     switched        rate             size/glue  tier1     binary          remaining
c          MB      reductions     conflicts           size   tier2       irredundant
c            level       restarts         redundant      glue    trail          variables
c
c - 1382.64 87 157 126 1456 87101 3 37020197 184834 1.9 22 12 3 10 19% 10499 118297 8130 49%
c - 1383.76 84 166 126 1457 87259 3 37058354 184799 1.9 22 12 3 10 22% 10499 118297 8130 49%
c - 1384.96 82 166 126 1458 87441 3 37096525 185998 1.9 22 12 3 10 22% 10499 118297 8130 49%
c - 1386.11 86 162 126 1459 87542 2 37134710 187452 2.0 22 11 3 10 20% 10499 118297 8130 49%
c - 1387.45 85 153 126 1460 87630 2 37172906 187566 1.9 21 11 3 10 18% 10500 118297 8130 49%
c - 1388.54 83 139 126 1461 87767 2 37211116 188602 2.0 21 11 3 10 16% 10500 118297 8130 49%
c - 1389.52 86 125 126 1462 87804 2 37249339 187734 2.0 20 10 3 10 14% 10504 118297 8130 49%
c o 1389.55 74 125 126 1462 87805 2 37249991 188288 2.0 20 10 3 10 14% 10504 118297 8130 49%
c } 1390.15 80 130 127 1462 87911 2 37264594 202054 2.0 20 10 3 10 15% 10504 118297 8130 49%
c [ 1390.15 80 104 127 1462 87911 1 37264594 202054 1.5 29 19 3 30 16% 10504 118297 8130 49%
c B 1390.15 80 104 127 1462 87911 1 37264594 202054 1.5 29 19 3 30 16% 10504 118297 8130 49%
c - 1391.16 88 136 127 1463 87924 1 37287577 181818 1.7 40 24 3 30 23% 10504 118297 8130 49%
c - 1392.96 87 170 127 1464 87940 1 37325827 171487 1.8 55 30 3 30 30% 10504 118297 8130 49%
c - 1394.13 85 181 127 1465 87952 1 37364090 170745 1.9 53 28 3 30 34% 10504 118297 8130 49%
c - 1395.84 86 188 127 1466 87970 1 37402366 173689 2.0 61 31 3 30 35% 10504 118297 8130 49%
c - 1397.45 84 215 127 1467 87973 1 37440654 171048 2.0 69 34 3 30 40% 10504 118297 8130 49%
c - 1399.56 83 233 127 1468 87984 1 37478955 168065 2.0 79 39 3 30 42% 10504 118297 8130 49%
c - 1401.56 86 238 127 1469 88002 1 37517269 171097 2.0 76 38 3 30 43% 10504 118297 8130 49%
c - 1403.96 82 248 127 1470 88011 1 37555597 172372 2.0 85 42 3 30 45% 10504 118297 8130 49%
c u 1405.30 78 251 127 1470 88019 1 37569341 182581 2.0 86 44 3 30 45% 10505 118297 8130 49%
c
c  seconds     switched        rate             size/glue  tier1     binary          remaining
c          MB      reductions     conflicts           size   tier2       irredundant
c            level       restarts         redundant      glue    trail          variables
c
c v 1405.80 83 251 127 1470 88019 1 37569341 181563 2.0 86 44 3 30 45% 10505 118297 8130 49%
c w 1406.05 85 251 127 1470 88019 1 37569341 181322 2.0 86 44 3 30 45% 10505 118297 8130 49%
c x 1406.44 85 251 127 1470 88019 1 37569341 181303 2.0 86 44 3 30 45% 10509 117680 8130 49%
c - 1408.21 65 252 127 1471 88030 1 37593937 166896 2.0 88 45 3 30 45% 10509 117680 8130 49%
c - 1409.73 79 264 127 1472 88036 1 37632291 174796 2.0 80 41 3 30 45% 10509 117680 8130 49%
c - 1411.54 72 266 127 1473 88037 1 37670657 180384 2.0 74 37 3 30 44% 10509 117680 8130 49%
c - 1413.70 93 270 127 1474 88037 1 37709038 169557 2.0 106 52 3 30 45% 10509 117680 8130 49%
c - 1415.73 61 271 127 1475 88051 1 37747430 154202 2.0 121 60 3 31 45% 10509 117680 8130 49%
c - 1416.82 77 264 127 1476 88067 1 37785835 164099 1.9 102 52 3 31 43% 10509 117680 8130 49%
c - 1418.12 80 250 127 1477 88079 1 37824254 170401 1.9 98 50 3 31 43% 10509 117680 8130 49%
c s 1418.67 82 256 127 1477 88084 1 37841454 186596 1.9 92 47 3 31 44% 10511 117601 8130 49%
c e 1418.68 69 256 127 1477 88084 1 37841454 186596 1.9 92 47 3 31 44% 10501 117682 8125 49%
c s 1418.69 69 256 127 1477 88084 1 37841454 186596 1.9 92 47 3 31 44% 10501 117679 8125 49%
c - 1419.47 84 252 127 1478 88097 1 37862685 172040 1.9 90 47 3 31 44% 10501 117679 8125 49%
c ] 1419.78 78 249 128 1478 88098 1 37870154 179352 1.9 91 46 3 31 44% 10501 117679 8125 49%
c { 1419.78 78 130 128 1478 88098 2 37870154 179352 2.0 20 10 3 10 15% 10501 117679 8125 49%
c - 1420.97 85 129 128 1479 88251 2 37901129 182393 2.0 21 11 3 10 16% 10501 117679 8125 49%
c - 1422.35 73 126 128 1480 88448 2 37939587 192202 1.9 22 11 3 10 18% 10501 117679 8125 49%
c - 1423.68 84 91 128 1481 88471 2 37978058 195505 1.9 20 11 3 10 13% 10502 117679 8125 49%
c - 1425.10 85 79 128 1482 88568 2 38016542 197498 2.0 20 10 3 10 12% 10503 117679 8125 49%
c
c  seconds    switched        rate             size/glue  tier1     binary          remaining
c          MB     reductions     conflicts           size   tier2       irredundant
c           level       restarts         redundant      glue    trail          variables
c
c - 1426.62 87 80 128 1483 88727 2 38055039 199536 2.0 21 10 3 10 13% 10504 117679 8125 49%
c - 1428.25 78 118 128 1484 88804 2 38093549 202183 2.1 21 10 3 10 20% 10504 117679 8125 49%
c o 1429.37 83 136 128 1484 88805 2 38130561 237454 2.3 21 9 3 10 23% 10504 117679 8125 49%
c - 1429.55 87 135 128 1485 88824 2 38132071 205309 2.3 21 9 3 10 23% 10504 117679 8125 49%
c - 1431.06 86 107 128 1486 88995 2 38170606 205571 2.2 20 9 3 10 18% 10504 117679 8125 49%
c - 1432.72 87 111 128 1487 89198 2 38209154 202342 2.1 21 10 3 10 19% 10505 117679 8125 49%
c u 1434.34 79 121 128 1487 89279 2 38235435 221892 2.1 21 10 3 10 20% 10506 117679 8125 49%
c v 1435.10 86 121 128 1487 89279 2 38235435 220600 2.1 21 10 3 10 20% 10506 117679 8125 49%
c w 1435.38 87 121 128 1487 89279 2 38235435 220182 2.1 21 10 3 10 20% 10506 117679 8125 49%
c t 1435.40 87 121 128 1487 89279 2 38235435 220182 2.1 21 10 3 10 20% 10505 117679 8125 49%
c - 1435.96 85 113 128 1488 89335 2 38247716 197311 2.1 21 10 3 10 19% 10505 117679 8125 49%
c - 1437.21 75 84 128 1489 89379 2 38286290 194578 2.0 20 10 3 10 14% 10506 117679 8125 49%
c i 1438.62 79 61 128 1489 89381 2 38323648 221444 2.0 18 9 3 10 11% 10518 117679 8107 49%
c - 1438.73 85 64 128 1490 89402 2 38324877 151792 1.9 18 9 3 10 11% 10475 117133 8107 49%
c - 1440.28 81 93 128 1491 89635 2 38363478 165764 2.0 20 10 3 10 16% 10475 117133 8107 49%
c - 1442.32 81 93 128 1492 89834 2 38402092 188703 1.9 21 11 3 10 16% 10475 117133 8107 49%
c - 1443.65 84 118 128 1493 89904 2 38440719 195451 2.0 21 10 3 10 21% 10475 117133 8107 49%
c - 1445.24 86 123 128 1494 89960 2 38479358 198457 2.2 21 10 3 10 20% 10475 117133 8107 49%
c - 1447.49 86 112 128 1495 90169 2 38518010 197522 2.1 22 10 3 10 19% 10475 117133 8107 49%
c - 1449.24 86 112 128 1496 90362 2 38556676 197306 2.0 22 11 3 10 19% 10475 117133 8107 49%
c
c  seconds     switched        rate             size/glue  tier1     binary          remaining
c          MB      reductions     conflicts           size   tier2       irredundant
c            level       restarts         redundant      glue    trail          variables
c
c - 1451.28 87 110 128 1497 90450 2 38595355 198571 2.1 22 10 3 10 19% 10475 117133 8107 49%
c - 1452.67 84 101 128 1498 90539 2 38634046 202055 2.1 21 10 3 10 18% 10475 117133 8107 49%
c } 1453.01 84 101 129 1498 90575 2 38641647 209096 2.1 21 10 3 10 18% 10475 117133 8107 49%
c [ 1453.01 84 249 129 1498 90575 1 38641647 209096 1.9 91 46 3 31 44% 10475 117133 8107 49%
c W 1453.13 65 249 129 1498 90575 1 38641647 209096 1.9 91 46 3 31 44% 10475 117133 8107 49%
c - 1454.42 78 251 129 1499 90589 1 38672750 196018 1.9 84 44 3 31 44% 10475 117133 8107 49%
c - 1457.04 87 255 129 1500 90605 1 38711467 184148 1.9 80 42 3 31 45% 10475 117133 8107 49%
c - 1458.91 83 242 129 1501 90620 1 38750197 182322 1.9 73 39 3 31 44% 10475 117133 8107 49%
c - 1460.27 84 249 129 1502 90635 1 38788939 186249 1.9 68 36 3 31 44% 10476 117133 8107 49%
c - 1461.69 85 247 129 1503 90637 1 38827695 179333 2.0 77 38 3 31 47% 10476 117133 8107 49%
c - 1463.49 85 253 129 1504 90652 1 38866464 170404 2.1 81 39 3 31 48% 10477 117133 8107 49%
c - 1464.73 83 254 129 1505 90668 1 38905247 175349 2.1 77 38 3 31 47% 10477 117133 8107 49%
c u 1465.54 82 253 129 1505 90668 1 38907892 168233 2.1 77 38 3 31 47% 10482 117133 8107 49%
c v 1466.36 84 253 129 1505 90668 1 38907892 165331 2.1 77 38 3 31 47% 10482 117133 8107 49%
c w 1466.71 86 253 129 1505 90668 1 38907892 164390 2.1 77 38 3 31 47% 10482 117133 8107 49%
c t 1466.73 86 253 129 1505 90668 1 38907892 164390 2.1 77 38 3 31 47% 10480 117133 8107 49%
c - 1468.23 86 256 129 1506 90682 1 38944041 166699 2.0 75 38 3 31 48% 10480 117133 8107 49%
c - 1470.41 82 242 129 1507 90698 1 38982849 166710 1.9 78 40 3 31 46% 10480 117133 8107 49%
c o 1471.42 84 248 129 1507 90700 1 39003741 186949 1.9 79 42 3 31 46% 10480 117133 8107 49%
c - 1471.98 63 257 129 1508 90700 1 39021669 159629 1.7 88 53 3 31 49% 10480 117133 8107 49%
c
c  seconds     switched        rate             size/glue   tier1     binary          remaining
c          MB      reductions     conflicts           size    tier2       irredundant
c            level       restarts         redundant       glue    trail          variables
c
c - 1474.04 68 270 129 1509 90701 1 39060502 145022 1.4 125 91 3 31 54% 10480 117133 8107 49%
c - 1475.72 60 276 129 1510 90701 1 39099347 133182 1.3 143 111 3 32 54% 10480 117133 8107 49%
c - 1476.74 70 265 129 1511 90719 1 39138205 151540 1.3 112 84 3 32 52% 10481 117133 8107 49%
c - 1478.31 71 256 129 1512 90732 1 39177078 170626 1.4 97 67 3 32 52% 10481 117133 8107 49%
c - 1479.95 82 249 129 1513 90747 1 39215962 172205 1.5 87 56 3 32 50% 10481 117133 8107 49%
c - 1481.61 85 258 129 1514 90763 1 39254859 173302 1.6 84 51 3 32 51% 10482 117133 8107 49%
c - 1483.38 87 266 129 1515 90764 1 39293769 168058 1.9 97 53 3 32 53% 10482 117133 8107 49%
c - 1485.30 88 267 129 1516 90779 1 39332692 165358 2.0 97 50 3 32 53% 10482 117133 8107 49%
c - 1487.28 90 255 129 1517 90795 1 39371629 168208 2.0 91 46 3 32 51% 10482 117133 8107 49%
c - 1489.06 90 258 129 1518 90810 1 39410577 169397 2.0 88 45 3 32 51% 10482 117133 8107 49%
c - 1490.81 89 252 129 1519 90826 1 39449539 171768 1.9 85 43 3 32 50% 10482 117133 8107 49%
c I 1491.21 89 254 129 1519 90826 1 39460714 182492 1.9 80 42 3 32 49% 10482 117133 8107 49%
c - 1492.41 88 265 129 1520 90827 1 39488514 173096 2.1 93 45 3 32 54% 10482 117133 8107 49%
c - 1494.04 87 277 129 1521 90828 1 39527502 171587 2.1 95 45 3 32 53% 10482 117133 8107 49%
c - 1496.58 66 281 129 1522 90829 1 39566502 164555 2.1 118 56 3 32 57% 10482 117133 8107 49%
c ] 1497.41 76 276 130 1522 90829 1 39583237 180948 2.1 119 58 3 32 57% 10482 117133 8107 49%
c { 1497.41 76 101 130 1522 90829 2 39583237 180948 2.1 21 10 3 10 18% 10482 117133 8107 49%
c u 1498.09 79 99 130 1522 90890 2 39586638 177102 2.0 21 10 3 10 18% 10484 117133 8107 49%
c v 1498.80 81 99 130 1522 90890 2 39586638 176116 2.0 21 10 3 10 18% 10484 117133 8107 49%
c w 1499.14 88 99 130 1522 90890 2 39586638 175553 2.0 21 10 3 10 18% 10484 117133 8107 49%
c
c  seconds    switched        rate             size/glue  tier1     binary          remaining
c          MB     reductions     conflicts           size   tier2       irredundant
c           level       restarts         redundant      glue    trail          variables
c
c = 1501.75 89 99 130 1522 90890 2 39586638 175553 2.0 21 10 3 10 18% 10497 116923 8097 49%
c d 1501.77 89 99 130 1522 90890 2 39586638 175420 2.0 21 10 3 10 18% 10496 116899 8097 49%
c t 1501.79 89 99 130 1522 90890 2 39586638 175420 2.0 21 10 3 10 18% 10495 116899 8097 49%
c u 1502.38 76 99 130 1522 90890 2 39586638 168439 2.0 21 10 3 10 18% 10495 116899 8097 49%
c v 1503.06 77 99 130 1522 90890 2 39586638 166883 2.0 21 10 3 10 18% 10495 116899 8097 49%
c w 1503.48 84 99 130 1522 90890 2 39586638 166778 2.0 21 10 3 10 18% 10495 116899 8097 49%
c t 1503.50 84 99 130 1522 90890 2 39586638 166778 2.0 21 10 3 10 18% 10494 116899 8097 49%
c i 1503.92 78 87 130 1522 90927 2 39601797 178403 2.0 20 10 3 10 16% 10504 116899 8096 49%
c - 1504.10 80 84 130 1523 90973 2 39605514 143480 2.0 20 10 3 10 15% 10472 116899 8096 49%
c - 1505.29 70 74 130 1524 91203 2 39644539 161197 1.9 19 10 3 10 12% 10476 116899 8096 49%
c - 1506.60 79 58 130 1525 91477 2 39683578 176318 1.9 19 10 3 10 10% 10478 116899 8096 49%
c - 1508.31 76 50 130 1526 91765 2 39722630 182762 1.8 18 10 3 10 8% 10484 116899 8096 49%
c s 1509.38 77 49 130 1526 91842 2 39750119 206539 1.8 18 10 3 10 8% 10485 116756 8096 49%
c e 1509.39 66 49 130 1526 91842 2 39750119 206539 1.8 18 10 3 10 8% 10481 116784 8094 49%
c - 1509.97 79 48 130 1527 91879 2 39761695 184788 1.8 18 10 3 10 8% 10484 116784 8094 49%
c i 1510.21 81 48 130 1527 91899 2 39767540 189415 1.8 18 10 3 10 7% 10493 116784 8093 49%
c - 1511.72 80 45 130 1528 92134 2 39800773 183413 1.8 18 10 3 10 7% 10491 116784 8093 49%
c i 1512.16 74 45 130 1528 92238 2 39811210 192766 1.8 18 10 3 10 7% 10495 116784 8092 49%
c - 1513.53 82 43 130 1529 92408 2 39839862 186626 1.8 18 10 3 10 7% 10494 116784 8092 49%
c i 1513.53 70 43 130 1529 92409 2 39839869 186630 1.8 18 10 3 10 7% 10496 116784 8079 49%
c
c  seconds    switched        rate             size/glue  tier1    binary          remaining
c          MB     reductions     conflicts           size   tier2      irredundant
c           level       restarts         redundant      glue   trail          variables
c
c i 1514.22 79 41 130 1529 92502 2 39861151 205070 1.8 18 10 3 10 6% 10509 116784 8078 49%
c - 1514.98 81 38 130 1530 92603 2 39878964 183924 1.8 17 10 3 10 6% 10460 116784 8078 49%
c i 1515.19 71 36 130 1530 92605 2 39885655 188604 1.8 17 10 3 10 6% 10467 116784 8077 49%
c o 1515.20 71 36 130 1530 92605 2 39885655 188604 1.8 17 10 3 10 6% 10467 116784 8077 49%
c - 1516.72 80 39 130 1531 92870 2 39918079 179838 1.8 17 10 3 10 6% 10463 116784 8077 49%
c - 1518.56 76 39 130 1532 93136 2 39957206 186276 1.8 17 10 3 10 6% 10469 116784 8077 49%
c i 1520.09 71 39 130 1532 93379 2 39994075 217851 1.8 17 10 3 10 6% 10486 116784 8076 49%
c - 1520.24 79 39 130 1533 93402 2 39996346 188678 1.8 17 10 3 10 6% 10477 116784 8076 49%
c i 1520.84 79 37 130 1533 93472 2 40009077 199049 1.8 17 10 3 10 5% 10488 116784 8075 49%
c - 1522.13 81 39 130 1534 93671 2 40035499 188473 1.8 17 10 3 10 6% 10483 116784 8075 49%
c i 1522.36 78 38 130 1534 93715 2 40041704 192962 1.8 17 10 3 10 5% 10491 116784 8074 49%
c i 1522.87 78 38 130 1534 93736 2 40054170 203207 1.8 17 9 3 10 6% 10498 116784 8057 49%
c - 1523.86 80 37 130 1535 93928 2 40074665 183474 1.8 17 10 3 10 6% 10453 116784 8057 49%
c i 1524.41 76 39 130 1535 94020 2 40086511 193931 1.8 17 10 3 10 6% 10462 116784 8056 49%
c - 1525.63 81 39 130 1536 94311 2 40113845 188052 1.8 17 10 3 10 6% 10457 116784 8056 49%
c i 1526.27 71 39 130 1536 94424 2 40125923 198663 1.8 17 10 3 10 6% 10458 116784 8055 49%
c i 1526.48 79 40 130 1536 94466 2 40130214 202510 1.7 17 10 3 10 6% 10462 116784 8054 49%
c i 1527.02 78 39 130 1536 94524 2 40143073 213599 1.8 17 10 3 10 6% 10474 116784 8053 49%
c i 1527.19 81 39 130 1536 94524 2 40146245 216015 1.8 17 10 3 10 6% 10480 116784 8052 49%
c - 1527.52 80 38 130 1537 94598 2 40153037 191300 1.8 17 10 3 10 6% 10453 116784 8052 49%
c
c  seconds    switched        rate             size/glue  tier1    binary          remaining
c          MB     reductions     conflicts           size   tier2      irredundant
c           level       restarts         redundant      glue   trail          variables
c
c i 1528.62 79 36 130 1537 94790 2 40179972 214291 1.8 17 10 3 10 6% 10466 116784 8051 49%
c - 1529.19 80 36 130 1538 94888 2 40192242 192323 1.8 17 10 3 10 6% 10464 116784 8051 49%
c - 1530.85 80 35 130 1539 95206 2 40231459 194724 1.7 17 10 3 10 5% 10469 116784 8051 49%
c i 1531.61 80 34 130 1539 95450 2 40250563 211594 1.7 17 10 3 10 5% 10474 116784 8050 49%
c - 1532.59 81 35 130 1540 95582 2 40270690 198258 1.8 17 10 3 10 5% 10470 116784 8050 49%
c d 1532.62 72 35 130 1540 95600 2 40271750 199168 1.7 18 10 3 10 5% 10485 115771 8049 49%
c d 1532.63 72 35 130 1540 95600 2 40271750 199162 1.7 18 10 3 10 5% 10483 115769 8048 49%
c u 1533.36 80 35 130 1540 95600 2 40271750 194312 1.7 18 10 3 10 5% 10485 115769 8042 49%
c v 1534.24 82 35 130 1540 95600 2 40271750 190743 1.7 18 10 3 10 5% 10485 115769 8042 49%
c w 1534.56 83 35 130 1540 95600 2 40271750 189075 1.7 18 10 3 10 5% 10485 115769 8042 49%
c t 1534.57 83 35 130 1540 95600 2 40271750 188331 1.7 18 10 3 10 5% 10472 115416 8042 49%
c u 1535.37 76 35 130 1540 95600 2 40271750 184636 1.7 18 10 3 10 5% 10474 115416 8042 49%
c v 1536.29 77 35 130 1540 95600 2 40271750 182266 1.7 18 10 3 10 5% 10474 115416 8042 49%
c w 1536.60 79 35 130 1540 95600 2 40271750 180920 1.7 18 10 3 10 5% 10474 115416 8042 49%
c = 1540.26 81 35 130 1540 95600 2 40271750 180920 1.7 18 10 3 10 5% 10486 115416 8036 49%
c d 1540.27 81 35 130 1540 95600 2 40271750 180895 1.7 18 10 3 10 5% 10468 115416 8036 49%
c i 1540.29 81 35 130 1540 95600 2 40271750 180895 1.7 18 10 3 10 5% 10468 115416 8036 49%
c i 1541.16 76 35 130 1540 95623 2 40295678 201354 1.8 17 10 3 10 5% 10482 115416 8035 49%
c - 1541.85 82 34 130 1541 95757 2 40309933 184534 1.8 17 10 3 10 5% 10446 115416 8035 49%
c i 1542.32 76 35 130 1541 95881 2 40321568 194314 1.8 17 10 3 10 5% 10455 115416 8034 49%
c
c  seconds    switched        rate             size/glue  tier1    binary          remaining
c          MB     reductions     conflicts           size   tier2      irredundant
c           level       restarts         redundant      glue   trail          variables
c
c i 1542.86 81 33 130 1541 96075 2 40335366 205975 1.7 18 10 3 10 5% 10461 115416 8033 49%
c i 1543.01 75 33 130 1541 96089 2 40338470 208399 1.7 17 10 3 10 5% 10468 115416 8032 49%
c - 1543.40 74 33 130 1542 96172 2 40349189 190056 1.8 18 10 3 10 5% 10456 115416 8032 49%
c } 1544.33 74 31 131 1542 96385 2 40376771 212763 1.7 17 10 3 10 5% 10462 115416 8032 49%
c [ 1544.33 74 276 131 1542 96385 1 40376771 212763 2.1 119 58 3 32 57% 10462 115416 8032 49%
c B 1544.33 74 276 131 1542 96385 1 40376771 212763 2.1 119 58 3 32 57% 10462 115416 8032 49%
c - 1544.75 82 260 131 1543 96391 1 40388458 189929 2.1 111 54 3 32 54% 10462 115416 8032 49%
c - 1546.27 75 249 131 1544 96411 1 40427739 181944 2.0 97 48 3 32 51% 10463 115416 8032 49%
c - 1548.09 72 250 131 1545 96421 1 40467033 165547 1.9 100 52 3 32 50% 10463 115416 8032 49%
c - 1550.14 71 259 131 1546 96439 1 40506339 158888 1.9 102 53 3 32 51% 10463 115416 8032 49%
c - 1551.78 85 254 131 1547 96447 1 40545658 159980 1.9 103 54 3 32 52% 10463 115416 8032 49%
c - 1553.90 70 244 131 1548 96454 1 40584991 156156 1.9 111 58 3 32 53% 10463 115416 8032 49%
c - 1555.82 81 240 131 1549 96473 1 40624336 161512 1.9 98 51 3 32 52% 10463 115416 8032 49%
c - 1558.21 84 245 131 1550 96484 1 40663693 167797 2.1 108 52 3 32 53% 10463 115416 8032 49%
c - 1560.26 86 243 131 1551 96502 1 40703064 164957 2.0 107 53 3 32 52% 10463 115416 8032 49%
c - 1562.12 88 258 131 1552 96510 1 40742446 167923 2.0 99 50 3 32 53% 10463 115416 8032 49%
c - 1564.10 89 280 131 1553 96511 1 40781841 176098 2.0 87 45 3 32 54% 10463 115416 8032 49%
c - 1565.50 81 300 131 1554 96511 1 40821249 185578 2.0 70 35 3 32 55% 10463 115416 8032 49%
c o 1565.98 83 307 131 1554 96512 1 40837880 201517 2.0 63 31 3 32 55% 10463 115416 8032 49%
c - 1566.86 91 298 131 1555 96525 1 40860669 187031 2.0 68 34 3 32 54% 10463 115416 8032 49%
c
c  seconds     switched        rate             size/glue  tier1     binary          remaining
c          MB      reductions     conflicts           size   tier2       irredundant
c            level       restarts         redundant      glue    trail          variables
c
c - 1568.32 88 283 131 1556 96541 1 40900102 173988 2.0 81 41 3 32 53% 10463 115416 8032 49%
c - 1569.93 70 270 131 1557 96555 1 40939548 163781 2.0 90 45 3 32 52% 10463 115416 8032 49%
c b 1571.03 77 268 131 1557 96564 1 40963096 186344 2.0 89 45 3 32 52% 10470 115351 8030 49%
c u 1571.55 73 268 131 1557 96564 1 40963096 183466 2.0 89 45 3 32 52% 10480 115351 8030 49%
c v 1572.13 75 268 131 1557 96564 1 40963096 182721 2.0 89 45 3 32 52% 10475 115351 8030 49%
c w 1572.45 78 268 131 1557 96564 1 40963096 182455 2.0 89 45 3 32 52% 10475 115351 8030 49%
c x 1572.93 74 268 131 1557 96564 1 40963096 182433 2.0 89 45 3 32 52% 10520 113706 8025 49%
c d 1572.95 74 268 131 1557 96564 1 40963096 180657 2.0 89 45 3 32 52% 10532 113671 8023 49%
c t 1572.96 74 268 131 1557 96564 1 40963096 180657 2.0 89 45 3 32 52% 10499 113671 8023 49%
c u 1573.72 69 268 131 1557 96564 1 40963096 176266 2.0 89 45 3 32 52% 10497 113671 8023 49%
c v 1574.52 75 268 131 1557 96564 1 40963096 174344 2.0 89 45 3 32 52% 10497 113671 8023 49%
c w 1574.93 80 268 131 1557 96564 1 40963096 174166 2.0 89 45 3 32 52% 10497 113671 8023 49%
c t 1578.01 80 268 131 1557 96564 1 40963096 174166 2.0 89 45 3 32 52% 10496 113671 8023 49%
c i 1578.02 80 268 131 1557 96564 1 40963096 174166 2.0 89 45 3 32 52% 10496 113671 8023 49%
c - 1578.77 83 268 131 1558 96572 1 40979008 155324 2.0 89 44 3 32 53% 10462 113671 8023 49%
c - 1580.28 82 271 131 1559 96574 1 41018479 164113 2.0 84 41 3 32 53% 10462 113671 8023 49%
c - 1581.68 84 267 131 1560 96588 1 41057964 171611 2.0 74 37 3 32 51% 10462 113671 8023 49%
c - 1583.31 82 264 131 1561 96604 1 41097460 175564 2.0 75 37 3 32 52% 10462 113671 8023 49%
c - 1584.97 84 260 131 1562 96618 1 41136973 174573 2.0 72 36 3 32 51% 10462 113671 8023 49%
c - 1587.28 83 259 131 1563 96635 1 41176496 174058 1.9 75 39 3 32 52% 10462 113671 8023 49%
c
c  seconds     switched        rate             size/glue  tier1     binary          remaining
c          MB      reductions     conflicts           size   tier2       irredundant
c            level       restarts         redundant      glue    trail          variables
c
c - 1588.72 82 273 131 1564 96637 1 41216030 174809 2.0 73 37 3 32 54% 10462 113671 8023 49%
c W 1589.28 66 278 131 1564 96637 1 41222531 181082 2.0 70 35 3 32 55% 10462 113671 8023 49%
c - 1591.09 87 280 131 1565 96638 1 41255579 175887 2.0 80 39 3 32 58% 10462 113671 8023 49%
c ] 1593.88 87 276 132 1565 96638 1 41288001 206754 2.0 99 50 3 32 59% 10462 113671 8023 49%
c { 1593.88 87 31 132 1565 96638 2 41288001 206754 1.7 17 10 3 10 5% 10462 113671 8023 49%
c - 1594.31 92 43 132 1566 96741 2 41295140 168827 1.7 19 11 3 10 8% 10462 113671 8023 49%
c - 1595.50 92 81 132 1567 96850 2 41334713 177951 1.9 20 11 3 10 14% 10462 113671 8023 49%
c - 1596.65 90 98 132 1568 96981 2 41374299 192537 1.9 22 11 3 10 18% 10463 113671 8023 49%
c - 1598.15 93 128 132 1569 97167 2 41413897 196063 2.0 23 12 3 10 22% 10463 113671 8023 49%
c - 1599.40 90 125 132 1570 97306 2 41453508 197598 2.0 23 11 3 10 22% 10463 113671 8023 49%
c - 1601.08 83 142 132 1571 97493 3 41493131 196373 2.0 25 12 3 10 25% 10465 113671 8023 49%
c - 1602.22 87 152 132 1572 97493 2 41532766 198092 2.2 24 11 3 10 24% 10465 113671 8023 49%
c - 1604.15 89 169 132 1573 97753 3 41572417 196789 2.1 25 12 3 10 28% 10465 113671 8023 49%
c - 1605.40 93 184 132 1574 97846 2 41612079 194257 2.1 25 12 3 10 32% 10468 113671 8023 49%
c - 1607.34 81 187 132 1575 98126 3 41651753 193612 2.0 27 14 3 10 32% 10472 113671 8023 49%
c u 1608.29 94 187 132 1575 98137 3 41660682 198422 2.0 26 13 3 10 31% 10472 113671 8023 49%
c v 1609.04 96 187 132 1575 98137 3 41660682 196668 2.0 26 13 3 10 31% 10472 113671 8023 49%
c w 1609.35 99 187 132 1575 98137 3 41660682 196407 2.0 26 13 3 10 31% 10472 113671 8023 49%
c t 1609.36 99 187 132 1575 98137 3 41660682 196407 2.0 26 13 3 10 31% 10470 113671 8023 49%
c - 1610.15 93 209 132 1576 98148 2 41691439 190965 2.0 25 12 3 10 34% 10471 113671 8023 49%
c
c  seconds     switched        rate             size/glue  tier1     binary          remaining
c          MB      reductions     conflicts           size   tier2       irredundant
c            level       restarts         redundant      glue    trail          variables
c
c s 1610.87 84 211 132 1576 98186 2 41713914 212205 2.0 24 12 3 10 35% 10471 113355 8023 49%
c e 1610.90 77 211 132 1576 98186 2 41713914 212205 2.0 24 12 3 10 35% 10265 114397 7924 48%
c s 1610.90 77 211 132 1576 98186 2 41713914 212205 2.0 24 12 3 10 35% 10266 114383 7924 48%
c - 1611.53 92 203 132 1577 98187 2 41731138 188795 2.1 23 11 3 10 34% 10266 114383 7924 48%
c o 1611.90 91 203 132 1577 98243 2 41737911 195380 2.0 24 12 3 10 35% 10266 114383 7924 48%
c - 1613.52 93 210 132 1578 98444 3 41770850 189803 2.0 25 13 3 10 37% 10266 114383 7924 48%
c - 1615.44 94 208 132 1579 98748 3 41810574 188584 1.9 28 15 3 10 37% 10270 114383 7924 48%
c - 1616.66 93 223 132 1580 98775 2 41850310 193942 2.0 26 13 3 10 41% 10271 114383 7924 48%
c - 1618.16 92 234 132 1581 98847 2 41890060 196364 2.0 25 13 3 10 45% 10271 114383 7924 48%
c - 1619.37 84 228 132 1582 98984 2 41929822 198262 2.0 25 12 3 10 41% 10272 114383 7924 48%
c - 1620.93 91 203 132 1583 99055 2 41969598 197453 2.1 24 12 3 10 34% 10273 114383 7924 48%
c - 1622.21 92 225 132 1584 99080 2 42009384 201551 2.1 24 11 3 10 43% 10273 114383 7924 48%
c - 1623.48 84 241 132 1585 99080 2 42049184 201547 2.2 23 10 3 10 50% 10273 114383 7924 48%
c - 1625.39 94 241 132 1586 99352 2 42088996 200250 2.1 25 12 3 10 50% 10276 114383 7924 48%
c } 1625.90 88 214 133 1586 99352 2 42103843 214403 2.2 25 12 3 10 45% 10276 114383 7924 48%
c [ 1625.90 88 276 133 1586 99352 1 42103843 214403 2.0 99 50 3 32 59% 10276 114383 7924 48%
c O 1625.90 88 276 133 1586 99352 1 42103843 214403 2.0 99 50 3 32 59% 10276 114383 7924 48%
c - 1626.43 94 242 133 1587 99365 1 42128822 197947 2.0 83 43 3 32 50% 10276 114383 7924 48%
c i 1627.01 90 215 133 1587 99379 1 42158391 223483 1.9 69 36 3 32 43% 10279 114383 7912 48%
c - 1627.24 92 212 133 1588 99381 1 42168660 188206 1.9 65 34 3 32 41% 10246 114383 7912 48%
c
c  seconds     switched        rate             size/glue  tier1     binary          remaining
c          MB      reductions     conflicts           size   tier2       irredundant
c            level       restarts         redundant      glue    trail          variables
c
c - 1628.33 82 211 133 1589 99395 1 42208509 181695 1.9 58 31 3 32 39% 10246 114383 7912 48%
c - 1629.09 90 202 133 1590 99412 1 42248373 178910 1.7 58 34 3 32 37% 10246 114383 7912 48%
c - 1629.88 82 150 133 1591 99414 1 42288247 182396 1.8 46 26 3 32 28% 10246 114383 7912 48%
c - 1631.05 93 135 133 1592 99428 1 42328135 190809 1.8 39 22 3 32 25% 10246 114383 7912 48%
c u 1633.41 86 145 133 1592 99444 1 42364649 222792 1.8 41 23 3 32 27% 10251 113889 7912 48%
c v 1634.19 92 145 133 1592 99444 1 42364649 219948 1.8 41 23 3 32 27% 10251 113889 7912 48%
c w 1634.50 93 145 133 1592 99444 1 42364649 218718 1.8 41 23 3 32 27% 10251 113889 7912 48%
c t 1634.53 93 145 133 1592 99444 1 42364649 218718 1.8 41 23 3 32 27% 10238 113889 7912 48%
c - 1634.72 87 146 133 1593 99444 1 42368037 187226 1.8 41 22 3 32 27% 10238 113889 7912 48%
c - 1635.97 91 153 133 1594 99459 1 42407949 181255 1.9 52 27 3 32 29% 10238 113889 7912 48%
c - 1637.48 92 135 133 1595 99475 1 42447873 182361 1.9 46 24 3 32 25% 10238 113889 7912 48%
c - 1638.51 90 148 133 1596 99477 1 42487811 192187 1.9 40 21 3 32 27% 10238 113889 7912 48%
c - 1639.68 94 156 133 1597 99478 1 42527761 194247 1.8 42 23 3 32 26% 10238 113889 7912 48%
c - 1641.47 86 209 133 1598 99478 1 42567723 177004 1.7 71 42 3 32 33% 10238 113889 7912 48%
c - 1642.67 72 152 133 1599 99498 1 42607697 173959 1.7 55 32 3 32 24% 10238 113889 7912 48%
c - 1644.13 71 146 133 1600 99509 1 42647686 190392 1.7 47 27 3 32 23% 10238 113889 7912 48%
c o 1644.27 72 149 133 1600 99510 1 42651402 193842 1.7 46 27 3 32 23% 10238 113889 7912 48%
c - 1645.31 78 173 133 1601 99527 1 42687687 192359 1.7 46 26 3 32 29% 10239 113889 7912 48%
c - 1646.65 82 190 133 1602 99540 1 42727700 189123 1.8 45 25 3 32 34% 10239 113889 7912 48%
c - 1648.04 84 196 133 1603 99542 1 42767725 184414 1.8 54 29 3 32 34% 10239 113889 7912 48%
c
c  seconds     switched        rate             size/glue  tier1     binary          remaining
c          MB      reductions     conflicts           size   tier2       irredundant
c            level       restarts         redundant      glue    trail          variables
c
c - 1649.65 85 206 133 1604 99562 1 42807762 179754 1.9 59 31 3 32 37% 10239 113889 7912 48%
c - 1651.35 86 215 133 1605 99572 1 42847811 173555 1.9 73 38 3 32 39% 10239 113889 7912 48%
c - 1653.09 82 224 133 1606 99592 1 42887874 169599 1.9 81 42 3 32 41% 10239 113889 7912 48%
c - 1654.78 78 227 133 1607 99603 1 42927949 171706 1.9 77 40 3 32 42% 10239 113889 7912 48%
c - 1656.25 84 232 133 1608 99605 1 42968036 170174 2.0 85 43 3 32 44% 10239 113889 7912 48%
c B 1656.58 85 231 133 1608 99605 1 42976585 178198 2.0 80 41 3 32 42% 10239 113889 7912 48%
c - 1658.72 72 231 133 1609 99605 1 43008135 160407 2.0 105 53 3 32 45% 10239 113889 7912 48%
c ] 1661.23 87 227 134 1609 99606 1 43044535 195809 1.8 122 67 3 32 46% 10239 113889 7912 48%
c { 1661.23 87 214 134 1609 99606 2 43044535 195809 2.2 25 12 3 10 45% 10239 113889 7912 48%
c - 1661.44 63 215 134 1610 99627 2 43048247 149666 2.1 25 12 3 10 45% 10242 113889 7912 48%
c u 1662.50 63 234 134 1610 99627 2 43075000 172362 2.2 24 11 3 10 43% 10245 113889 7912 48%
c v 1663.01 67 234 134 1610 99627 2 43075000 169443 2.2 24 11 3 10 43% 10245 113889 7912 48%
c w 1663.20 67 234 134 1610 99627 2 43075000 168655 2.2 24 11 3 10 43% 10245 113889 7912 48%
c x 1663.60 75 234 134 1610 99627 2 43075000 168611 2.2 24 11 3 10 43% 10245 113470 7912 48%
c t 1665.54 75 234 134 1610 99627 2 43075000 168611 2.2 24 11 3 10 43% 10243 113470 7912 48%
c - 1665.99 62 227 134 1611 99641 2 43088372 160170 2.2 23 11 3 10 40% 10244 113470 7912 48%
c - 1667.13 72 171 134 1612 99649 2 43128509 182796 2.4 22 9 3 10 34% 10244 113470 7912 48%
c - 1668.75 76 133 134 1613 99685 2 43168658 192205 2.5 21 9 3 10 28% 10245 113470 7912 48%
c - 1670.53 78 136 134 1614 99836 2 43208820 195972 2.4 20 8 3 10 27% 10245 113470 7912 48%
c - 1672.50 79 121 134 1615 99963 2 43248995 196280 2.4 20 8 3 10 24% 10246 113470 7912 48%
c
c  seconds     switched         rate             size/glue tier1     binary          remaining
c          MB      reductions      conflicts           size  tier2       irredundant
c            level        restarts         redundant     glue    trail          variables
c
c - 1674.34 76 103 134 1616 100089 2 43289182 199413 2.4 19 8 3 10 21% 10247 113470 7912 48%
c - 1676.07 78 95 134 1617 100250 2 43329382 197236 2.3 19 8 3 10 20% 10248 113470 7912 48%
c - 1678.01 78 98 134 1618 100412 2 43369594 198782 2.4 19 8 3 10 21% 10253 113470 7912 48%
c - 1680.13 72 119 134 1619 100610 3 43409818 204143 2.4 20 8 3 10 24% 10258 113468 7912 48%
c - 1682.54 73 122 134 1620 100893 3 43450055 205346 2.3 20 9 3 10 24% 10262 113468 7912 48%
c - 1684.48 78 139 134 1621 101025 3 43490304 208581 2.3 19 9 3 10 25% 10267 113468 7912 48%
c - 1686.72 79 152 134 1622 101143 3 43530567 212239 2.3 19 8 3 10 25% 10268 113468 7912 48%
c - 1688.61 78 146 134 1623 101266 3 43570841 213605 2.4 19 8 3 10 25% 10269 113468 7912 48%
c o 1688.66 72 146 134 1623 101277 3 43571428 214159 2.4 19 8 3 10 25% 10269 113468 7912 48%
c - 1690.02 75 126 134 1624 101332 2 43611128 216061 2.5 19 8 3 10 24% 10270 113468 7912 48%
c - 1692.53 79 120 134 1625 101598 3 43651426 217824 2.4 20 8 3 10 23% 10270 113468 7912 48%
c - 1694.78 74 136 134 1626 101809 3 43691739 220008 2.4 20 9 3 10 26% 10273 113468 7912 48%
c - 1697.32 74 134 134 1627 101982 3 43732062 221774 2.3 20 9 3 10 25% 10273 113468 7912 48%
c s 1697.35 74 134 134 1627 101982 3 43732888 222557 2.3 20 9 3 10 24% 10273 113373 7912 48%
c e 1697.37 63 134 134 1627 101982 3 43732888 222557 2.3 20 9 3 10 24% 10198 113770 7882 48%
c s 1697.38 63 134 134 1627 101982 3 43732888 222557 2.3 20 9 3 10 24% 10198 113755 7882 48%
c - 1699.16 76 140 134 1628 102091 3 43772400 213849 2.3 20 8 3 10 24% 10199 113755 7882 48%
c u 1700.94 70 128 134 1628 102182 3 43791727 225273 2.3 20 9 3 10 22% 10296 113755 7882 48%
c v 1701.98 76 128 134 1628 102182 3 43791727 224130 2.3 20 9 3 10 22% 10220 113755 7882 48%
c w 1702.33 79 128 134 1628 102182 3 43791727 223950 2.3 20 9 3 10 22% 10220 113755 7882 48%
c
c  seconds     switched         rate             size/glue tier1     binary          remaining
c          MB      reductions      conflicts           size  tier2       irredundant
c            level        restarts         redundant     glue    trail          variables
c
c t 1702.35 79 128 134 1628 102182 3 43791727 223950 2.3 20 9 3 10 22% 10206 113755 7882 48%
c - 1703.42 72 121 134 1629 102274 3 43812748 210496 2.3 20 9 3 10 22% 10206 113755 7882 48%
c - 1705.34 78 125 134 1630 102413 3 43853108 213811 2.4 20 8 3 10 22% 10208 113755 7882 48%
c } 1706.70 80 131 135 1630 102535 3 43882947 240880 2.4 20 8 3 10 22% 10209 113755 7882 48%
c [ 1706.70 80 227 135 1630 102535 1 43882947 240880 1.8 122 67 3 32 46% 10209 113755 7882 48%
c W 1706.74 59 227 135 1630 102535 1 43882947 240880 1.8 122 67 3 32 46% 10209 113755 7882 48%
c - 1707.10 77 228 135 1631 102541 1 43893483 211872 1.8 117 64 3 32 46% 10209 113755 7882 48%
c - 1709.01 96 225 135 1632 102561 1 43933871 191942 1.7 122 70 3 32 47% 10209 113755 7882 48%
c - 1710.77 67 220 135 1633 102572 1 43974270 169018 1.7 122 74 3 33 48% 10209 113755 7882 48%
c - 1712.33 83 231 135 1634 102591 1 44014680 172012 1.8 113 64 3 33 49% 10209 113755 7882 48%
c - 1713.54 80 233 135 1635 102597 1 44055104 187906 1.8 87 49 3 33 46% 10209 113755 7882 48%
c - 1715.53 84 254 135 1636 102607 1 44095540 200591 1.8 73 41 3 32 46% 10210 113755 7882 48%
c - 1717.24 88 249 135 1637 102626 1 44135989 203979 1.8 66 36 3 32 44% 10210 113755 7882 48%
c - 1718.95 85 240 135 1638 102637 1 44176448 204734 1.9 59 31 3 32 42% 10210 113755 7882 48%
c - 1720.49 88 212 135 1639 102657 1 44216920 207284 1.9 50 27 3 32 37% 10210 113755 7882 48%
c - 1722.00 88 240 135 1640 102660 1 44257407 207986 1.9 46 24 3 32 43% 10210 113755 7882 48%
c - 1724.13 90 268 135 1641 102661 1 44297903 195969 1.8 68 38 3 32 46% 10210 113755 7882 48%
c - 1725.95 87 275 135 1642 102661 1 44338412 187384 1.8 77 44 3 32 49% 10210 113755 7882 48%
c - 1727.42 91 275 135 1643 102678 1 44378933 192776 1.8 71 40 3 32 50% 10210 113755 7882 48%
c - 1729.13 93 275 135 1644 102692 1 44419466 197692 1.8 71 39 3 32 51% 10210 113755 7882 48%
c
c  seconds     switched         rate             size/glue  tier1     binary          remaining
c          MB      reductions      conflicts           size   tier2       irredundant
c            level        restarts         redundant      glue    trail          variables
c
c - 1730.85 90 277 135 1645 102708 1 44460012 200216 1.8 68 37 3 32 52% 10210 113755 7882 48%
c - 1732.68 93 273 135 1646 102723 1 44500570 204366 1.9 69 37 3 32 52% 10210 113755 7882 48%
c o 1732.98 81 272 135 1646 102724 1 44508851 212259 1.9 70 37 3 32 52% 10210 113755 7882 48%
c u 1733.91 88 273 135 1646 102724 1 44514884 213552 1.9 71 38 3 32 53% 10220 113755 7882 48%
c v 1734.80 93 273 135 1646 102724 1 44514884 211103 1.9 71 38 3 32 53% 10213 113755 7882 48%
c w 1735.19 95 273 135 1646 102724 1 44514884 210434 1.9 71 38 3 32 53% 10213 113755 7882 48%
c t 1735.21 95 273 135 1646 102724 1 44514884 210434 1.9 71 38 3 32 53% 10212 113755 7882 48%
c - 1736.38 90 270 135 1647 102724 1 44541140 196478 1.8 74 41 3 33 55% 10213 113755 7882 48%
c - 1738.31 93 263 135 1648 102745 1 44581726 198407 1.8 70 39 3 33 55% 10213 113755 7882 48%
c - 1740.07 92 257 135 1649 102755 1 44622322 195019 1.9 85 44 3 33 56% 10214 113755 7882 48%
c - 1742.15 92 255 135 1650 102775 1 44662929 192124 2.0 78 40 3 33 54% 10215 113755 7882 48%
c - 1743.91 91 247 135 1651 102786 1 44703549 190623 1.9 88 46 3 33 54% 10216 113755 7882 48%
c - 1746.07 67 237 135 1652 102788 1 44744181 176586 1.8 105 59 3 33 53% 10216 113755 7882 48%
c I 1748.42 91 235 135 1652 102788 1 44782966 215097 1.8 114 64 3 33 54% 10216 113755 7882 48%
c - 1748.48 71 235 135 1653 102788 1 44784825 165585 1.8 112 63 3 33 54% 10216 113755 7882 48%
c - 1750.69 69 251 135 1654 102789 1 44825482 171129 1.8 122 68 3 33 58% 10216 113755 7882 48%
c - 1752.17 74 260 135 1655 102789 1 44866151 187473 1.8 99 54 3 33 62% 10216 113755 7882 48%
c - 1755.61 99 262 135 1656 102789 1 44906832 189805 1.9 125 67 3 33 63% 10216 113755 7882 48%
c ] 1755.79 92 263 136 1656 102789 1 44909973 192831 1.9 125 67 3 33 63% 10216 113755 7882 48%
c { 1755.79 92 131 136 1656 102789 3 44909973 192831 2.4 20 8 3 10 22% 10216 113755 7882 48%
c
c  seconds     switched         rate             size/glue tier1     binary          remaining
c          MB      reductions      conflicts           size  tier2       irredundant
c            level        restarts         redundant     glue    trail          variables
c
c - 1758.88 99 115 136 1657 103060 3 44947525 195405 2.2 20 9 3 10 20% 10216 113755 7882 48%
c - 1761.43 96 103 136 1658 103244 3 44988232 207461 2.1 20 10 3 10 18% 10216 113755 7882 48%
c - 1764.58 102 95 136 1659 103456 3 45028950 213506 2.0 21 10 3 10 17% 10216 113755 7882 48%
c - 1767.84 101 107 136 1660 103599 3 45069681 217059 2.0 21 11 3 10 19% 10216 113755 7882 48%
c - 1770.35 100 88 136 1661 103689 2 45110425 216870 2.0 20 10 3 10 16% 10216 113755 7882 48%
c - 1772.79 100 106 136 1662 103796 2 45151180 217892 2.0 21 10 3 10 19% 10216 113755 7882 48%
c - 1774.63 102 107 136 1663 103809 2 45191947 218676 2.1 19 9 3 10 19% 10216 113755 7882 48%
c - 1777.45 101 93 136 1664 103979 2 45232727 219152 2.0 19 10 3 10 16% 10217 113754 7882 48%
c u 1779.14 97 91 136 1664 104033 2 45244453 222528 2.0 20 10 3 10 16% 10221 113754 7882 48%
c v 1780.33 103 91 136 1664 104033 2 45244453 215671 2.0 20 10 3 10 16% 10221 113754 7882 48%
c w 1780.73 105 91 136 1664 104033 2 45244453 214524 2.0 20 10 3 10 16% 10221 113754 7882 48%
c t 1780.75 105 91 136 1664 104033 2 45244453 214524 2.0 20 10 3 10 16% 10217 113754 7882 48%
c - 1782.54 98 97 136 1665 104108 2 45273519 208901 2.1 20 10 3 10 17% 10217 113754 7882 48%
c - 1785.28 102 102 136 1666 104285 2 45314323 213235 2.1 20 10 3 10 17% 10217 113754 7882 48%
c - 1787.56 101 103 136 1667 104390 2 45355140 215241 2.1 21 10 3 10 19% 10217 113754 7882 48%
c - 1789.14 100 89 136 1668 104393 2 45395968 216895 2.2 20 9 3 10 19% 10217 113754 7882 48%
c - 1791.62 99 92 136 1669 104565 2 45436809 217660 2.2 21 10 3 10 19% 10217 113754 7882 48%
c o 1792.63 98 99 136 1669 104685 2 45449119 229151 2.1 21 10 3 10 20% 10217 113754 7882 48%
c - 1794.48 99 107 136 1670 104784 2 45477664 216090 2.1 22 10 3 10 20% 10218 113754 7882 48%
c - 1797.38 100 96 136 1671 104893 2 45518531 215399 2.0 22 11 3 10 18% 10219 113754 7882 48%
c
c  seconds    switched         rate             size/glue  tier1     binary          remaining
c          MB     reductions      conflicts           size   tier2       irredundant
c           level        restarts         redundant      glue    trail          variables
c
c - 1798.71 91 67 136 1672 104893 2 45559408 218645 2.2 21 10 3 10 13% 10219 113754 7882 48%
c - 1800.79 97 48 136 1673 104894 2 45600298 214966 2.1 19 9 3 10 10% 10219 113754 7882 48%
c - 1803.57 101 60 136 1674 105057 2 45641200 211591 2.0 19 10 3 10 12% 10220 113754 7882 48%
c - 1806.10 102 58 136 1675 105200 2 45682114 213038 2.0 20 10 3 10 11% 10220 113754 7882 48%
c - 1808.16 102 46 136 1676 105240 2 45723040 214653 2.1 19 9 3 10 9% 10221 113754 7882 48%
c i 1808.46 92 43 136 1676 105240 2 45730207 219041 2.1 18 9 3 10 9% 10230 113754 7881 48%
c - 1811.33 97 72 136 1677 105552 3 45763978 187667 2.0 21 11 3 10 14% 10219 113754 7881 48%
c } 1811.76 95 74 137 1677 105596 3 45771219 193915 2.0 21 11 3 10 14% 10219 113754 7881 48%
c [ 1811.76 95 263 137 1677 105596 1 45771219 193915 1.9 125 67 3 33 63% 10219 113754 7881 48%
c B 1811.76 95 263 137 1677 105596 1 45771219 193915 1.9 125 67 3 33 63% 10219 113754 7881 48%
c - 1812.99 95 259 137 1678 105611 1 45804929 194251 1.9 116 61 3 33 61% 10219 113754 7881 48%
c s 1813.14 97 257 137 1678 105613 1 45807934 197176 1.9 115 60 3 33 60% 10219 113699 7881 48%
c s 1813.15 98 257 137 1678 105613 1 45807934 197176 1.9 115 60 3 33 60% 10219 113697 7881 48%
c - 1815.09 102 262 137 1679 105626 1 45845892 187028 1.9 112 58 3 33 60% 10219 113697 7881 48%
c - 1817.36 96 264 137 1680 105642 1 45886867 182704 2.0 108 55 3 33 58% 10220 113697 7881 48%
c - 1819.69 100 260 137 1681 105657 1 45927855 180173 2.0 105 53 3 33 58% 10220 113697 7881 48%
c - 1821.97 70 252 137 1682 105659 1 45968855 171508 2.0 119 59 3 33 57% 10220 113697 7881 48%
c u 1823.48 64 256 137 1682 105665 1 45980457 167004 2.0 115 57 3 33 57% 10260 113697 7881 48%
c v 1824.63 72 256 137 1682 105665 1 45980457 165087 2.0 115 57 3 33 57% 10253 113697 7881 48%
c w 1825.37 76 256 137 1682 105665 1 45980457 164864 2.0 115 57 3 33 57% 10253 113697 7881 48%
c
c  seconds     switched         rate             size/glue   tier1     binary          remaining
c          MB      reductions      conflicts           size    tier2       irredundant
c            level        restarts         redundant       glue    trail          variables
c
c t 1833.95 76 256 137 1682 105665 1 45980457 164864 2.0 115 57 3 33 57% 10235 113697 7881 48%
c - 1835.36 86 260 137 1683 105680 1 46009867 157169 2.0 111 55 3 33 57% 10236 113697 7881 48%
c - 1837.08 86 256 137 1684 105690 1 46050892 163173 2.1 107 52 3 33 56% 10236 113697 7881 48%
c - 1838.63 80 267 137 1685 105711 1 46091928 168723 2.0 93 47 3 33 56% 10236 113697 7881 48%
c - 1840.50 91 255 137 1686 105720 1 46132977 166790 2.0 104 51 3 33 60% 10236 113697 7881 48%
c - 1842.98 94 270 137 1687 105722 1 46174037 162233 2.2 118 54 3 33 63% 10236 113697 7881 48%
c - 1844.65 67 318 137 1688 105722 1 46215110 162927 2.0 116 59 3 33 60% 10236 113697 7881 48%
c - 1846.51 69 309 137 1689 105736 1 46256196 162157 1.9 112 59 3 33 58% 10236 113697 7881 48%
c - 1848.80 68 285 137 1690 105752 1 46297294 163714 1.9 110 57 3 33 56% 10236 113697 7881 48%
c - 1850.68 85 273 137 1691 105767 1 46338403 165552 1.9 108 56 3 33 55% 10236 113697 7881 48%
c - 1852.78 65 260 137 1692 105783 1 46379524 164522 1.9 108 57 3 33 53% 10236 113697 7881 48%
c - 1854.79 86 261 137 1693 105785 1 46420661 167875 2.0 101 50 3 33 56% 10236 113697 7881 48%
c o 1855.25 77 262 137 1693 105786 1 46429048 175764 2.0 97 48 3 33 57% 10236 113697 7881 48%
c - 1856.69 81 270 137 1694 105800 1 46461807 173018 2.1 98 48 3 33 58% 10236 113697 7881 48%
c - 1858.63 87 268 137 1695 105816 1 46502965 172539 2.0 100 49 3 33 56% 10237 113697 7881 48%
c - 1860.96 89 245 137 1696 105831 1 46544135 172990 2.0 90 45 3 33 52% 10237 113697 7881 48%
c - 1862.81 81 239 137 1697 105847 1 46585318 187105 2.0 70 35 3 33 50% 10237 113697 7881 48%
c - 1864.59 91 252 137 1698 105848 1 46626513 185348 2.1 87 42 3 33 56% 10237 113697 7881 48%
c - 1867.03 88 246 137 1699 105849 1 46667720 184363 2.0 69 34 3 33 51% 10237 113697 7881 48%
c W 1868.29 72 239 137 1699 105850 1 46698794 213852 2.0 63 31 3 33 52% 10237 113697 7881 48%
c
c  seconds     switched         rate             size/glue  tier1     binary          remaining
c          MB      reductions      conflicts           size   tier2       irredundant
c            level        restarts         redundant      glue    trail          variables
c
c - 1868.79 89 233 137 1700 105850 1 46708939 195262 2.0 58 29 3 33 50% 10237 113697 7881 48%
c u 1869.61 90 231 137 1700 105850 1 46722892 203653 2.1 54 26 3 33 50% 10244 113697 7881 48%
c v 1870.20 92 231 137 1700 105850 1 46722892 203047 2.1 54 26 3 33 50% 10243 113697 7881 48%
c w 1870.43 93 231 137 1700 105850 1 46722892 202256 2.1 54 26 3 33 50% 10243 113697 7881 48%
c x 1870.91 90 231 137 1700 105850 1 46722892 202238 2.1 54 26 3 33 50% 10267 112544 7881 48%
c t 1870.93 90 231 137 1700 105850 1 46722892 202238 2.1 54 26 3 33 50% 10256 112544 7881 48%
c f 1870.95 72 231 137 1700 105850 1 46722892 202238 2.1 54 26 3 33 50% 10274 112283 7890 48%
c u 1871.81 91 231 137 1700 105850 1 46722892 199781 2.1 54 26 3 33 50% 10274 112283 7890 48%
c v 1872.55 93 231 137 1700 105850 1 46722892 198776 2.1 54 26 3 33 50% 10274 112283 7890 48%
c w 1872.85 93 231 137 1700 105850 1 46722892 198313 2.1 54 26 3 33 50% 10274 112283 7890 48%
c - 1873.61 89 198 137 1701 105850 1 46750173 192006 2.0 50 25 3 33 41% 10274 112283 7890 48%
c - 1875.93 100 273 137 1702 105850 1 46791419 174077 1.9 88 47 3 33 49% 10274 112283 7890 48%
c - 1878.37 69 311 137 1703 105856 1 46832675 150745 1.8 110 60 3 33 53% 10274 112283 7890 48%
c - 1879.87 81 291 137 1704 105875 1 46873943 161214 1.9 99 53 3 33 53% 10275 112283 7890 48%
c - 1881.22 84 280 137 1705 105887 1 46915223 168754 1.9 94 50 3 33 53% 10275 112283 7890 48%
c - 1883.16 72 281 137 1706 105906 1 46956516 166024 1.9 98 51 3 33 54% 10276 112283 7890 48%
c - 1885.15 69 271 137 1707 105913 1 46997820 164433 1.8 103 56 3 33 52% 10278 112281 7890 48%
c - 1887.10 68 251 137 1708 105924 1 47039136 158313 1.8 116 65 3 34 51% 10278 112281 7890 48%
c - 1888.89 68 241 137 1709 105943 1 47080463 155954 1.8 115 62 3 34 51% 10278 112281 7890 48%
c - 1890.61 80 232 137 1710 105955 1 47121804 165349 1.8 102 55 3 34 49% 10278 112281 7890 48%
c
c  seconds     switched         rate             size/glue   tier1     binary          remaining
c          MB      reductions      conflicts           size    tier2       irredundant
c            level        restarts         redundant       glue    trail          variables
c
c - 1892.57 68 231 137 1711 105974 1 47163157 167131 1.8 108 59 3 34 50% 10278 112281 7890 48%
c - 1894.94 63 222 137 1712 105976 1 47204521 160270 1.8 112 62 3 34 51% 10278 112281 7890 48%
c - 1896.67 80 215 137 1713 105977 1 47245898 162562 1.8 100 56 3 34 50% 10278 112281 7890 48%
c - 1899.76 69 213 137 1714 105979 1 47287286 160596 2.1 122 57 3 34 54% 10278 112281 7890 48%
c ] 1901.41 82 226 138 1714 105992 1 47314800 187671 2.0 121 59 3 34 53% 10278 112281 7890 48%
c { 1901.41 82 74 138 1714 105992 3 47314800 187671 2.0 21 11 3 10 14% 10278 112281 7890 48%
c - 1902.10 83 84 138 1715 106135 3 47328686 159262 1.9 24 13 3 10 16% 10278 112281 7890 48%
c - 1903.35 84 110 138 1716 106261 3 47370099 178411 1.9 24 13 3 10 20% 10279 112281 7890 48%
c o 1903.85 86 105 138 1716 106265 2 47390888 198100 1.9 23 12 3 10 20% 10279 112281 7890 48%
c - 1904.53 80 88 138 1717 106266 2 47411524 196146 1.9 22 12 3 10 17% 10279 112281 7890 48%
c - 1906.14 85 63 138 1718 106278 2 47452962 195674 1.9 20 11 3 10 12% 10279 112281 7890 48%
c u 1907.54 93 61 138 1718 106327 2 47471645 208133 1.9 20 11 3 10 12% 10279 112281 7890 48%
c v 1908.37 94 61 138 1718 106327 2 47471645 195659 1.9 20 11 3 10 12% 10279 112281 7890 48%
c w 1908.67 94 61 138 1718 106327 2 47471645 185797 1.9 20 11 3 10 12% 10279 112281 7890 48%
c t 1908.69 94 61 138 1718 106327 2 47471645 185797 1.9 20 11 3 10 12% 10274 112281 7890 48%
c - 1909.81 80 67 138 1719 106485 2 47494410 178241 1.8 21 11 3 10 13% 10274 112281 7890 48%
c - 1911.30 81 61 138 1720 106613 2 47535871 195748 1.9 22 12 3 10 12% 10274 112281 7890 48%
c - 1913.40 81 54 138 1721 106695 2 47577343 201563 1.9 21 11 3 10 10% 10274 112281 7890 48%
c - 1914.98 87 49 138 1722 106770 2 47618827 203222 1.8 21 11 3 10 9% 10276 112280 7890 48%
c - 1916.77 77 49 138 1723 106872 2 47660324 202854 1.9 21 11 3 10 9% 10276 112280 7890 48%
c
c  seconds    switched         rate             size/glue  tier1     binary          remaining
c          MB     reductions      conflicts           size   tier2       irredundant
c           level        restarts         redundant      glue    trail          variables
c
c - 1918.49 88 65 138 1724 107055 2 47701834 203121 1.8 22 12 3 10 12% 10279 112280 7890 48%
c - 1920.29 88 77 138 1725 107149 2 47743355 204491 1.9 22 12 3 10 14% 10280 112280 7890 48%
c - 1921.90 85 64 138 1726 107191 2 47784889 204283 1.8 20 11 3 10 12% 10280 112280 7890 48%
c - 1923.52 89 93 138 1727 107309 2 47826434 203893 1.9 21 11 3 10 18% 10280 112280 7890 48%
c - 1925.24 88 83 138 1728 107366 2 47867992 204892 1.9 20 11 3 10 16% 10280 112280 7890 48%
c - 1927.15 87 69 138 1729 107467 2 47909561 204178 1.9 20 11 3 10 13% 10280 112280 7890 48%
c s 1928.31 83 54 138 1729 107468 2 47939634 227849 1.9 19 10 3 10 11% 10285 112087 7890 48%
c e 1928.33 71 54 138 1729 107468 2 47939634 227849 1.9 19 10 3 10 11% 10241 112380 7871 48%
c s 1928.34 71 54 138 1729 107468 2 47939634 227849 1.9 19 10 3 10 11% 10242 112341 7871 48%
c e 1928.35 71 54 138 1729 107468 2 47939634 227849 1.9 19 10 3 10 11% 10208 112391 7870 48%
c - 1929.48 86 55 138 1730 107546 2 47951142 181061 1.9 19 10 3 10 11% 10208 112391 7870 48%
c - 1931.23 82 69 138 1731 107650 2 47992736 186760 1.9 20 10 3 10 14% 10209 112391 7870 48%
c - 1932.92 86 65 138 1732 107730 2 48034341 194826 1.9 21 11 3 10 15% 10209 112391 7870 48%
c - 1934.76 88 52 138 1733 107783 2 48075958 195178 1.9 20 10 3 10 12% 10210 112391 7870 48%
c i 1935.36 80 46 138 1733 107783 2 48091541 206715 1.9 19 10 3 10 11% 10218 112391 7847 48%
c - 1936.76 87 77 138 1734 108001 2 48117587 168116 1.9 22 12 3 10 16% 10169 112391 7847 48%
c - 1938.24 86 74 138 1735 108113 2 48159229 180446 1.9 23 12 3 10 17% 10169 112391 7847 48%
c } 1940.12 81 70 139 1735 108156 2 48199142 217070 1.9 22 11 3 10 16% 10169 112391 7847 48%
c [ 1940.12 81 226 139 1735 108156 1 48199142 217070 2.0 121 59 3 34 53% 10169 112391 7847 48%
c O 1940.12 81 226 139 1735 108156 1 48199142 217070 2.0 121 59 3 34 53% 10169 112391 7847 48%
c
c  seconds     switched         rate             size/glue   tier1     binary          remaining
c          MB      reductions      conflicts           size    tier2       irredundant
c            level        restarts         redundant       glue    trail          variables
c
c - 1940.19 85 225 139 1736 108157 1 48200882 193904 2.0 120 59 3 34 52% 10169 112391 7847 48%
c u 1941.73 90 221 139 1736 108170 1 48226855 215692 2.0 109 54 3 34 47% 10169 111773 7847 48%
c v 1942.47 92 221 139 1736 108170 1 48226855 214351 2.0 109 54 3 34 47% 10169 111773 7847 48%
c w 1942.78 93 221 139 1736 108170 1 48226855 213215 2.0 109 54 3 34 47% 10169 111773 7847 48%
c x 1943.33 86 221 139 1736 108170 1 48226855 213202 2.0 109 54 3 34 47% 10208 111071 7839 48%
c d 1943.34 86 221 139 1736 108170 1 48226855 213095 2.0 109 54 3 34 47% 10206 111035 7838 48%
c t 1943.36 86 221 139 1736 108170 1 48226855 213095 2.0 109 54 3 34 47% 10199 111035 7838 48%
c u 1944.22 91 221 139 1736 108170 1 48226855 209910 2.0 109 54 3 34 47% 10199 111035 7838 48%
c v 1945.24 94 221 139 1736 108170 1 48226855 206834 2.0 109 54 3 34 47% 10199 111035 7838 48%
c w 1945.62 94 221 139 1736 108170 1 48226855 206116 2.0 109 54 3 34 47% 10199 111035 7838 48%
c i 1951.04 94 221 139 1736 108170 1 48226855 206116 2.0 109 54 3 34 47% 10199 111035 7838 48%
c - 1951.47 87 221 139 1737 108177 1 48242548 178784 2.0 102 51 3 34 46% 10175 111035 7838 48%
c - 1952.78 87 234 139 1738 108189 1 48284226 165297 1.9 92 48 3 34 43% 10175 111035 7838 48%
c - 1954.30 86 229 139 1739 108208 1 48325915 165444 1.9 86 45 3 34 40% 10175 111035 7838 48%
c o 1955.64 85 228 139 1739 108218 1 48364316 202572 1.9 84 44 3 34 39% 10175 111035 7838 48%
c - 1955.72 87 231 139 1740 108218 1 48367617 163295 1.9 83 45 3 34 39% 10175 111035 7838 48%
c - 1956.57 67 258 139 1741 108225 1 48409330 151844 1.5 91 59 3 34 43% 10175 111035 7838 48%
c - 1957.91 79 253 139 1742 108246 1 48451056 151036 1.6 80 51 3 34 44% 10175 111035 7838 48%
c - 1959.45 69 246 139 1743 108257 1 48492794 157895 1.7 92 55 3 34 46% 10175 111035 7838 48%
c - 1961.13 82 245 139 1744 108278 1 48534543 157738 1.8 88 50 3 34 48% 10178 111035 7838 48%
c
c  seconds     switched         rate             size/glue  tier1     binary          remaining
c          MB      reductions      conflicts           size   tier2       irredundant
c            level        restarts         redundant      glue    trail          variables
c
c - 1962.96 68 247 139 1745 108281 1 48576304 159685 1.8 96 53 3 34 49% 10178 111035 7838 48%
c - 1964.93 71 233 139 1746 108282 1 48618079 150067 1.8 107 60 3 34 51% 10178 111035 7838 48%
c - 1966.11 80 227 139 1747 108282 1 48659864 150216 2.2 112 51 3 34 58% 10178 111035 7838 48%
c - 1967.42 88 226 139 1748 108303 1 48701663 159189 2.1 100 48 3 34 56% 10180 111035 7838 48%
c - 1968.91 68 222 139 1749 108314 1 48743472 161953 2.0 93 46 3 34 53% 10181 111035 7838 48%
c - 1970.17 80 226 139 1750 108335 1 48785295 164602 1.9 84 44 3 34 51% 10182 111035 7838 48%
c - 1971.60 87 232 139 1751 108345 1 48827129 161489 1.9 88 47 3 34 53% 10182 111035 7838 48%
c - 1973.28 89 227 139 1752 108352 1 48868973 156821 2.1 101 49 3 34 55% 10182 111035 7838 48%
c - 1974.79 68 219 139 1753 108373 1 48910831 151878 1.8 97 53 3 34 52% 10182 111035 7838 48%
c - 1976.28 85 216 139 1754 108383 1 48952699 152581 1.9 95 51 3 34 50% 10182 111035 7838 48%
c u 1978.06 80 220 139 1754 108401 1 48988414 180393 1.9 88 46 3 34 50% 10186 111035 7838 48%
c v 1978.68 82 220 139 1754 108401 1 48988414 178879 1.9 88 46 3 34 50% 10186 111035 7838 48%
c w 1979.02 88 220 139 1754 108401 1 48988414 178290 1.9 88 46 3 34 50% 10186 111035 7838 48%
c t 1979.05 88 220 139 1754 108401 1 48988414 178290 1.9 88 46 3 34 50% 10185 111035 7838 48%
c - 1979.32 79 219 139 1755 108405 1 48994579 152963 1.9 89 47 3 34 50% 10185 111035 7838 48%
c - 1982.02 68 210 139 1756 108408 1 49036471 145832 1.7 103 60 3 34 49% 10185 111035 7838 48%
c - 1984.08 67 213 139 1757 108409 1 49078375 137081 1.8 110 60 3 34 49% 10185 111035 7838 48%
c - 1986.79 70 219 139 1758 108409 1 49120291 133186 1.8 134 76 3 35 48% 10185 111035 7838 48%
c B 1987.86 67 214 139 1758 108410 1 49154559 165562 1.8 104 59 3 35 45% 10185 111035 7838 48%
c - 1988.18 73 217 139 1759 108410 1 49162219 144645 1.8 105 59 3 35 47% 10185 111035 7838 48%
c
c  seconds     switched         rate             size/glue   tier1     binary          remaining
c          MB      reductions      conflicts           size    tier2       irredundant
c            level        restarts         redundant       glue    trail          variables
c
c - 1989.81 70 231 139 1760 108410 1 49204159 148223 2.1 123 58 3 35 56% 10185 111035 7838 48%
c - 1991.63 62 238 139 1761 108410 1 49246112 129764 2.3 139 61 3 35 62% 10185 111035 7838 48%
c - 1993.33 60 249 139 1762 108427 1 49288076 131571 2.1 131 62 3 35 62% 10185 111035 7838 48%
c - 1995.01 80 265 139 1763 108441 1 49330052 145116 2.1 116 56 3 35 62% 10185 111035 7838 48%
c o 1996.01 77 267 139 1763 108451 1 49350393 164892 2.0 110 54 3 35 62% 10185 111035 7838 48%
c - 1996.63 73 255 139 1764 108459 1 49372040 158494 2.0 96 48 3 35 58% 10185 111035 7838 48%
c - 1998.42 84 254 139 1765 108472 1 49414041 161622 1.9 91 47 3 35 55% 10185 111035 7838 48%
c - 2000.46 84 263 139 1766 108477 1 49456053 165596 1.9 72 37 3 35 52% 10185 111035 7838 48%
c - 2002.68 86 269 139 1767 108497 1 49498076 166990 1.9 77 40 3 35 53% 10186 111035 7838 48%
c ] 2002.90 78 271 140 1767 108501 1 49503267 172096 1.9 77 41 3 35 53% 10186 111035 7838 48%
c { 2002.90 78 70 140 1767 108501 2 49503267 172096 1.9 22 11 3 10 16% 10186 111035 7838 48%
c - 2004.39 84 110 140 1768 108795 2 49540112 164898 1.9 26 14 3 10 22% 10187 111035 7838 48%
c - 2006.30 85 156 140 1769 109136 3 49582159 172622 1.8 30 16 3 10 30% 10187 111035 7838 48%
c - 2007.93 86 157 140 1770 109241 3 49624218 179036 1.8 29 16 3 10 30% 10187 111035 7838 48%
c - 2009.45 84 148 140 1771 109367 2 49666290 181342 1.9 28 15 3 10 26% 10187 111035 7838 48%
c - 2011.35 83 176 140 1772 109700 3 49708374 181488 1.8 31 17 3 10 31% 10187 111035 7838 48%
c - 2012.99 74 196 140 1773 109866 3 49750469 184012 1.9 31 17 3 10 36% 10188 111035 7838 48%
c u 2013.81 84 193 140 1773 109866 3 49756431 181675 1.9 30 16 3 10 35% 10192 111035 7838 48%
c v 2014.58 86 193 140 1773 109866 3 49756431 180719 1.9 30 16 3 10 35% 10192 111035 7838 48%
c w 2014.87 87 193 140 1773 109866 3 49756431 180315 1.9 30 16 3 10 35% 10192 111035 7838 48%
c
c  seconds     switched         rate             size/glue  tier1     binary          remaining
c          MB      reductions      conflicts           size   tier2       irredundant
c            level        restarts         redundant      glue    trail          variables
c
c t 2014.89 87 193 140 1773 109866 3 49756431 180315 1.9 30 16 3 10 35% 10191 111035 7838 48%
c - 2016.19 85 186 140 1774 109971 2 49792576 180755 1.9 29 15 3 10 32% 10191 111035 7838 48%
c - 2017.61 84 200 140 1775 110142 2 49834694 183614 1.9 29 15 3 10 35% 10193 111035 7838 48%
c - 2019.39 86 196 140 1776 110415 3 49876824 184596 1.9 31 17 3 10 34% 10194 111034 7838 48%
c - 2020.59 83 158 140 1777 110416 2 49918967 187450 1.9 26 14 3 10 28% 10194 111034 7838 48%
c i 2021.18 74 166 140 1777 110512 2 49935190 202703 1.9 27 14 3 10 29% 10197 111034 7834 48%
c - 2021.98 86 165 140 1778 110541 2 49961121 189854 1.9 26 14 3 10 30% 10167 111034 7834 48%
c - 2023.72 85 181 140 1779 110851 3 50003287 188627 1.8 30 16 3 10 33% 10168 111034 7834 48%
c - 2025.48 85 173 140 1780 111024 3 50045465 189172 1.8 30 16 3 10 31% 10168 111034 7834 48%
c - 2027.52 87 158 140 1781 111177 3 50087655 193140 1.9 29 16 3 10 29% 10169 111034 7834 48%
c s 2029.55 81 178 140 1781 111513 3 50128091 231674 1.8 33 18 3 10 32% 10173 110776 7834 48%
c e 2029.58 70 178 140 1781 111513 3 50128091 231674 1.8 33 18 3 10 32% 10026 111644 7765 47%
c s 2029.58 70 178 140 1781 111513 3 50128091 231674 1.8 33 18 3 10 32% 10026 111571 7765 47%
c e 2029.60 70 178 140 1781 111513 3 50128091 231674 1.8 33 18 3 10 32% 10024 111586 7764 47%
c - 2029.73 82 179 140 1782 111545 3 50129856 185158 1.8 34 19 3 10 33% 10024 111586 7764 47%
c - 2031.99 82 202 140 1783 111766 3 50172069 186027 1.8 34 19 3 10 37% 10024 111586 7764 47%
c i 2033.11 85 203 140 1783 111919 3 50205397 217375 1.8 34 18 3 10 37% 10025 111586 7749 47%
c - 2033.67 82 205 140 1784 111995 3 50214295 179840 1.8 34 19 3 10 37% 9985 111586 7749 47%
c - 2035.46 86 207 140 1785 112283 3 50256532 184100 1.8 35 19 3 10 37% 9986 111586 7749 47%
c - 2037.56 74 216 140 1786 112599 3 50298782 191205 1.8 37 21 3 10 39% 9986 111586 7749 47%
c
c  seconds     switched         rate             size/glue  tier1     binary         remaining
c          MB      reductions      conflicts           size   tier2      irredundant
c            level        restarts         redundant      glue    trail         variables
c
c - 2038.94 85 226 140 1787 112696 3 50341044 197746 1.9 33 18 3 10 37% 9986 111586 7749 47%
c o 2039.00 77 226 140 1787 112697 3 50342584 199168 1.9 33 18 3 10 37% 9986 111586 7749 47%
c - 2040.57 77 227 140 1788 112782 2 50383316 203364 1.9 30 16 3 10 37% 9987 111586 7749 47%
c } 2041.60 86 229 141 1788 112911 2 50410965 230069 1.9 31 16 3 10 37% 9988 111586 7749 47%
c [ 2041.60 86 271 141 1788 112911 1 50410965 230069 1.9 77 41 3 35 53% 9988 111586 7749 47%
c W 2041.65 66 271 141 1788 112911 1 50410965 230069 1.9 77 41 3 35 53% 9988 111187 7749 47%
c - 2042.32 88 272 141 1789 112920 1 50425602 202946 1.9 75 39 3 35 53% 9988 111187 7749 47%
c - 2044.19 86 265 141 1790 112939 1 50467899 199818 1.9 65 35 3 35 52% 9988 111187 7749 47%
c - 2045.92 76 264 141 1791 112952 1 50510208 192352 1.9 69 37 3 35 53% 9988 111187 7749 47%
c u 2047.19 84 258 141 1791 112960 1 50530931 204680 1.8 65 36 3 35 53% 9999 111184 7749 47%
c v 2047.84 89 258 141 1791 112960 1 50530931 203555 1.8 65 36 3 35 53% 9999 111184 7749 47%
c w 2048.14 90 258 141 1791 112960 1 50530931 203079 1.8 65 36 3 35 53% 9999 111184 7749 47%
c x 2048.60 84 258 141 1791 112960 1 50530931 203057 1.8 65 36 3 35 53% 10004 110865 7748 47%
c t 2048.63 84 258 141 1791 112960 1 50530931 202982 1.8 65 36 3 35 53% 9999 110861 7748 47%
c u 2049.45 90 258 141 1791 112960 1 50530931 196400 1.8 65 36 3 35 53% 10005 110861 7748 47%
c v 2050.37 91 258 141 1791 112960 1 50530931 194452 1.8 65 36 3 35 53% 10003 110861 7748 47%
c w 2050.72 93 258 141 1791 112960 1 50530931 193758 1.8 65 36 3 35 53% 10003 110861 7748 47%
c t 2050.75 93 258 141 1791 112960 1 50530931 193758 1.8 65 36 3 35 53% 10001 110861 7748 47%
c i 2050.76 93 258 141 1791 112960 1 50530931 193758 1.8 65 36 3 35 53% 10001 110861 7748 47%
c - 2051.63 87 256 141 1792 112971 1 50552528 170455 1.8 69 38 3 35 53% 9980 110861 7748 47%
c
c  seconds     switched         rate             size/glue  tier1     binary         remaining
c          MB      reductions      conflicts           size   tier2      irredundant
c            level        restarts         redundant      glue    trail         variables
c
c - 2053.85 60 259 141 1793 112973 1 50594861 170243 1.9 84 44 3 35 54% 9980 110861 7748 47%
c - 2055.87 71 263 141 1794 112988 1 50637204 165700 1.9 93 49 3 35 54% 9980 110861 7748 47%
c - 2057.77 70 257 141 1795 113004 1 50679559 165445 1.9 96 50 3 35 54% 9980 110861 7748 47%
c - 2059.49 86 249 141 1796 113019 1 50721927 168250 1.9 93 49 3 35 52% 9980 110861 7748 47%
c - 2061.04 87 254 141 1797 113035 1 50764307 175726 1.9 82 42 3 35 54% 9980 110861 7748 47%
c - 2063.68 69 246 141 1798 113037 1 50806698 167963 2.0 111 55 3 35 52% 9980 110861 7748 47%
c - 2065.92 65 257 141 1799 113037 1 50849101 155091 2.1 118 57 3 35 53% 9980 110860 7748 47%
c - 2067.97 63 256 141 1800 113050 1 50891516 156515 2.1 117 56 3 35 51% 9980 110860 7748 47%
c - 2069.63 70 247 141 1801 113067 1 50933943 163708 2.0 112 55 3 35 51% 9981 110860 7748 47%
c - 2071.80 85 263 141 1802 113082 1 50976382 169863 2.0 103 51 3 35 52% 9981 110860 7748 47%
c - 2073.50 85 267 141 1803 113098 1 51018831 175663 2.0 95 47 3 35 52% 9981 110860 7748 47%
c - 2075.27 85 260 141 1804 113100 1 51061293 177980 2.1 94 45 3 35 52% 9981 110860 7748 47%
c - 2077.38 86 260 141 1805 113117 1 51103767 178021 2.1 94 44 3 35 52% 9981 110860 7748 47%
c - 2079.30 88 254 141 1806 113131 1 51146253 179408 2.1 89 43 3 35 51% 9981 110860 7748 47%
c - 2080.97 88 251 141 1807 113150 1 51188750 185235 2.0 78 38 3 35 49% 9981 110860 7748 47%
c - 2083.02 87 250 141 1808 113162 1 51231259 188270 2.1 82 38 3 35 52% 9981 110860 7748 47%
c - 2085.61 70 257 141 1809 113164 1 51273779 171451 1.9 119 64 3 35 54% 9981 110860 7748 47%
c u 2088.93 97 263 141 1809 113164 1 51311883 202065 1.7 142 85 3 35 54% 9983 110860 7748 47%
c v 2089.74 100 263 141 1809 113164 1 51311883 198089 1.7 142 85 3 35 54% 9983 110860 7748 47%
c w 2090.49 137 263 141 1809 113164 1 51311883 197326 1.7 142 85 3 35 54% 9983 110860 7748 47%
c
c  seconds     switched         rate             size/glue   tier1     binary         remaining
c          MB      reductions      conflicts           size    tier2      irredundant
c            level        restarts         redundant       glue    trail         variables
c
c - 2090.79 64 262 141 1810 113164 1 51316312 143650 1.7 141 85 3 35 54% 9983 110860 7748 47%
c - 2092.49 69 249 141 1811 113165 1 51358857 144526 1.8 141 78 3 35 57% 9983 110860 7748 47%
c ] 2094.04 78 241 142 1811 113165 1 51388519 173849 1.9 143 77 3 35 58% 9983 110860 7748 47%
c { 2094.04 78 229 142 1811 113165 2 51388519 173849 1.9 31 16 3 10 37% 9983 110860 7748 47%
c o 2094.05 79 229 142 1811 113166 2 51388574 173902 1.9 31 16 3 10 37% 9983 110860 7748 47%
c - 2094.51 70 222 142 1812 113196 2 51401412 152887 1.9 30 16 3 10 36% 9984 110860 7748 47%
c - 2095.86 73 213 142 1813 113257 2 51443980 176342 2.0 27 14 3 10 36% 9984 110860 7748 47%
c - 2097.56 77 202 142 1814 113337 2 51486560 197047 2.0 26 13 3 10 31% 9984 110860 7748 47%
c - 2099.59 80 177 142 1815 113502 2 51529151 202549 2.0 25 13 3 10 29% 9986 110860 7748 47%
c - 2101.95 79 184 142 1816 113752 3 51571753 203618 1.9 26 14 3 10 29% 9987 110860 7748 47%
c i 2102.18 69 180 142 1816 113752 3 51576755 207659 1.9 26 14 3 10 28% 9992 110860 7738 47%
c - 2104.07 78 182 142 1817 113855 2 51614367 201123 1.9 25 13 3 10 29% 9968 110860 7738 47%
c - 2106.56 74 177 142 1818 114015 3 51656993 206060 1.9 24 13 3 10 28% 9968 110860 7738 47%
c - 2108.78 82 166 142 1819 114177 3 51699632 210096 2.0 25 13 3 10 28% 9968 110860 7738 47%
c - 2111.54 80 182 142 1820 114486 3 51742282 210181 1.9 27 14 3 10 32% 9969 110860 7738 47%
c - 2113.68 80 181 142 1821 114649 3 51784943 208710 1.9 26 14 3 10 31% 9969 110860 7738 47%
c - 2114.88 72 190 142 1822 114649 2 51827616 212472 2.0 25 12 3 10 38% 9969 110860 7738 47%
c - 2116.89 72 194 142 1823 114833 2 51870301 214519 2.0 25 12 3 10 36% 9969 110860 7738 47%
c - 2118.78 79 199 142 1824 114998 2 51912998 215682 2.0 26 13 3 10 34% 9969 110860 7738 47%
c - 2121.50 83 200 142 1825 115166 3 51955707 217096 2.0 26 13 3 10 33% 9972 110860 7738 47%
c
c  seconds     switched         rate             size/glue  tier1     binary         remaining
c          MB      reductions      conflicts           size   tier2      irredundant
c            level        restarts         redundant      glue    trail         variables
c
c i 2123.52 77 202 142 1825 115350 3 51990790 250329 1.9 27 14 3 10 32% 9981 110860 7737 47%
c - 2123.86 82 206 142 1826 115367 3 51998428 217354 1.9 27 14 3 10 33% 9975 110860 7737 47%
c - 2125.52 84 223 142 1827 115422 2 52041160 219517 1.9 25 13 3 10 37% 9975 110860 7737 47%
c - 2126.91 82 221 142 1828 115446 2 52083904 220950 2.0 23 12 3 10 40% 9975 110860 7737 47%
c u 2128.34 83 205 142 1828 115446 2 52099318 231179 2.0 23 11 3 10 37% 9977 110407 7737 47%
c v 2129.43 87 205 142 1828 115446 2 52099318 230633 2.0 23 11 3 10 37% 9977 110407 7737 47%
c w 2129.83 87 205 142 1828 115446 2 52099318 230325 2.0 23 11 3 10 37% 9977 110407 7737 47%
c t 2136.08 89 205 142 1828 115446 2 52099318 230325 2.0 23 11 3 10 37% 9974 110407 7737 47%
c i 2137.45 79 210 142 1828 115654 2 52125464 255565 2.0 25 13 3 10 38% 9979 110407 7726 47%
c - 2137.54 79 209 142 1829 115671 2 52126659 215065 1.9 25 13 3 10 38% 9955 110407 7726 47%
c - 2139.53 75 208 142 1830 115820 2 52169426 214891 1.9 25 13 3 10 38% 9955 110407 7726 47%
c - 2141.49 83 192 142 1831 115885 2 52212206 218192 2.0 25 12 3 10 35% 9955 110407 7726 47%
c - 2143.57 81 203 142 1832 116143 3 52254996 220367 1.9 26 13 3 10 36% 9956 110407 7726 47%
c - 2144.95 73 195 142 1833 116143 2 52297798 219366 2.0 24 12 3 10 33% 9956 110407 7726 47%
c } 2145.83 80 192 143 1833 116187 2 52319831 240253 2.0 24 12 3 10 32% 9956 110407 7726 47%
c [ 2145.83 80 241 143 1833 116187 1 52319831 240253 1.9 143 77 3 35 58% 9956 110407 7726 47%
c I 2145.83 80 241 143 1833 116187 1 52319831 240253 1.9 143 77 3 35 58% 9956 110407 7726 47%
c - 2146.82 88 244 143 1834 116200 1 52340611 216756 1.9 134 72 3 36 58% 9956 110407 7726 47%
c s 2148.47 88 250 143 1834 116215 1 52373808 249100 1.9 126 66 3 36 59% 9957 109871 7726 47%
c e 2148.53 73 250 143 1834 116215 1 52373808 249100 1.9 126 66 3 36 59% 9839 110565 7665 47%
c
c  seconds     switched         rate             size/glue   tier1     binary         remaining
c          MB      reductions      conflicts           size    tier2      irredundant
c            level        restarts         redundant       glue    trail         variables
c
c s 2148.54 73 250 143 1834 116215 1 52373808 249100 1.9 126 66 3 36 59% 9839 110381 7665 47%
c e 2148.57 73 250 143 1834 116215 1 52373808 249100 1.9 126 66 3 36 59% 9835 110422 7662 47%
c - 2149.26 90 251 143 1835 116216 1 52383438 196929 1.9 129 67 3 36 59% 9835 110422 7662 47%
c o 2151.33 93 246 143 1835 116224 1 52410256 223338 1.9 143 75 3 36 61% 9835 110422 7662 47%
c - 2152.09 96 246 143 1836 116231 1 52426274 181441 1.9 136 71 3 36 61% 9835 110422 7662 47%
c - 2154.25 97 243 143 1837 116248 1 52469124 179422 2.0 132 66 3 36 59% 9835 110422 7662 47%
c - 2157.31 94 233 143 1838 116249 1 52511986 181688 2.1 129 62 3 36 57% 9835 110422 7662 47%
c - 2159.41 95 232 143 1839 116268 1 52554857 184039 2.1 121 58 3 36 56% 9835 110422 7662 47%
c - 2161.37 100 227 143 1840 116280 1 52597741 185684 2.1 121 57 3 36 55% 9835 110422 7662 47%
c - 2163.46 100 225 143 1841 116302 1 52640636 186734 2.1 114 54 3 36 54% 9835 110422 7662 47%
c - 2165.11 97 231 143 1842 116312 1 52683542 192284 2.1 107 51 3 36 56% 9835 110422 7662 47%
c - 2167.25 100 248 143 1843 116313 1 52726461 185483 2.0 120 59 3 36 56% 9835 110422 7662 47%
c - 2170.12 68 234 143 1844 116313 1 52769392 172633 1.9 134 70 3 36 56% 9835 110422 7662 47%
c - 2172.65 69 234 143 1845 116328 1 52812334 173316 2.0 134 68 3 36 57% 9835 110422 7662 47%
c - 2174.56 82 228 143 1846 116344 1 52855287 182556 2.0 122 61 3 36 55% 9835 110422 7662 47%
c u 2177.90 93 231 143 1846 116359 1 52893221 214459 2.0 120 59 3 36 55% 9835 110422 7662 47%
c v 2178.85 94 231 143 1846 116359 1 52893221 211498 2.0 120 59 3 36 55% 9835 110422 7662 47%
c w 2179.74 103 231 143 1846 116359 1 52893221 211423 2.0 120 59 3 36 55% 9835 110422 7662 47%
c - 2180.09 87 231 143 1847 116362 1 52898252 179600 2.0 117 58 3 36 55% 9835 110422 7662 47%
c - 2182.54 95 228 143 1848 116375 1 52941228 176399 2.0 126 64 3 36 55% 9835 110422 7662 47%
c
c  seconds     switched         rate             size/glue   tier1     binary         remaining
c          MB      reductions      conflicts           size    tier2      irredundant
c            level        restarts         redundant       glue    trail         variables
c
c - 2185.06 69 222 143 1849 116382 1 52984216 166700 2.0 138 70 3 36 56% 9835 110422 7662 47%
c - 2187.40 70 228 143 1850 116402 1 53027218 169776 2.0 128 65 3 36 55% 9835 110422 7662 47%
c - 2189.79 89 225 143 1851 116414 1 53070230 178240 2.0 120 59 3 36 57% 9835 110422 7662 47%
c - 2191.93 89 228 143 1852 116436 1 53113254 183162 2.0 110 54 3 36 55% 9835 110422 7662 47%
c - 2194.05 95 240 143 1853 116439 1 53156288 182063 2.1 120 58 3 36 56% 9835 110422 7662 47%
c - 2195.85 93 252 143 1854 116440 1 53199334 181436 2.1 110 53 3 36 57% 9835 110422 7662 47%
c - 2197.11 97 239 143 1855 116441 1 53242393 195556 2.1 83 39 3 36 55% 9835 110422 7662 47%
c - 2200.35 105 265 143 1856 116441 1 53285463 185315 2.1 134 63 3 36 61% 9835 110422 7662 47%
c B 2202.61 106 277 143 1856 116441 1 53317532 217153 2.2 159 74 3 36 65% 9835 110422 7662 47%
c - 2203.14 72 272 143 1857 116441 1 53328544 159222 2.1 156 74 3 36 64% 9835 110422 7662 47%
c - 2205.77 65 253 143 1858 116441 1 53371636 158120 2.0 151 75 3 36 62% 9835 110422 7662 47%
c - 2207.60 79 263 143 1859 116463 1 53414740 168565 1.9 128 66 3 36 60% 9835 110422 7662 47%
c o 2209.68 88 263 143 1859 116473 1 53454747 207673 1.9 124 65 3 36 58% 9835 110422 7662 47%
c - 2209.82 84 265 143 1860 116475 1 53457856 174119 1.9 123 65 3 36 59% 9835 110422 7662 47%
c - 2211.72 90 258 143 1861 116495 1 53500983 175133 1.9 111 57 3 36 57% 9836 110422 7662 47%
c ] 2212.54 86 264 144 1861 116503 1 53521695 195497 2.0 111 55 3 36 57% 9836 110422 7662 47%
c { 2212.54 86 192 144 1861 116503 2 53521695 195497 2.0 24 12 3 10 32% 9836 110422 7662 47%
c - 2213.58 89 192 144 1862 116650 2 53544122 182510 2.0 25 13 3 10 32% 9836 110422 7662 47%
c - 2215.13 85 159 144 1863 116650 2 53587273 193283 2.0 22 11 3 10 26% 9836 110422 7662 47%
c - 2217.47 92 179 144 1864 117134 3 53630435 200301 1.9 31 16 3 10 31% 9840 110422 7662 47%
c
c  seconds     switched         rate             size/glue  tier1     binary         remaining
c          MB      reductions      conflicts           size   tier2      irredundant
c            level        restarts         redundant      glue    trail         variables
c
c - 2219.75 90 197 144 1865 117369 3 53673609 200308 1.8 31 17 3 10 34% 9840 110422 7662 47%
c u 2221.17 84 184 144 1865 117430 3 53693596 216130 1.9 30 16 3 10 31% 9842 110422 7662 47%
c v 2221.82 89 184 144 1865 117430 3 53693596 214624 1.9 30 16 3 10 31% 9842 110422 7662 47%
c w 2222.08 92 184 144 1865 117430 3 53693596 214246 1.9 30 16 3 10 31% 9842 110422 7662 47%
c x 2222.61 81 184 144 1865 117430 3 53693596 214229 1.9 30 16 3 10 31% 9865 110155 7662 47%
c t 2222.63 81 184 144 1865 117430 3 53693596 214229 1.9 30 16 3 10 31% 9859 110155 7662 47%
c - 2223.81 89 191 144 1866 117542 3 53716795 203400 1.8 31 17 3 10 32% 9861 110155 7662 47%
c - 2225.80 89 209 144 1867 117622 2 53759992 208677 1.9 29 15 3 10 38% 9861 110155 7662 47%
c - 2228.59 91 213 144 1868 117812 3 53803201 210977 1.9 30 16 3 10 40% 9862 110155 7662 47%
c - 2230.28 81 219 144 1869 117977 2 53846421 215118 1.9 30 16 3 10 40% 9863 110155 7662 47%
c - 2232.58 88 227 144 1870 118260 3 53889652 213862 1.9 33 17 3 10 43% 9867 110155 7662 47%
c - 2235.14 91 229 144 1871 118602 3 53932896 212288 1.9 36 20 3 10 43% 9870 110155 7662 47%
c - 2237.79 92 230 144 1872 118918 3 53976151 212824 1.8 38 21 3 10 43% 9870 110155 7662 47%
c - 2240.61 81 229 144 1873 119197 3 54019417 216393 1.8 38 21 3 10 46% 9870 110155 7662 47%
c - 2242.25 86 219 144 1874 119197 2 54062696 224538 1.9 32 17 3 10 47% 9870 110155 7662 47%
c - 2243.98 89 213 144 1875 119197 2 54105986 229252 2.1 29 14 3 10 48% 9870 110155 7662 47%
c i 2245.72 91 210 144 1875 119231 2 54143309 264450 2.1 27 13 3 10 48% 9872 110155 7661 47%
c - 2246.05 93 213 144 1876 119304 2 54149288 233576 2.1 29 14 3 10 48% 9869 110155 7661 47%
c - 2247.40 83 229 144 1877 119304 2 54192600 233270 2.1 25 12 3 10 46% 9869 110155 7661 47%
c - 2249.93 93 225 144 1878 119724 3 54235924 222535 1.9 32 17 3 10 44% 9872 110155 7661 47%
c
c  seconds     switched         rate             size/glue  tier1     binary         remaining
c          MB      reductions      conflicts           size   tier2      irredundant
c            level        restarts         redundant      glue    trail         variables
c
c i 2250.21 89 224 144 1878 119782 3 54240273 226645 1.9 33 17 3 10 44% 9877 110155 7650 46%
c - 2252.55 94 224 144 1879 120029 3 54279259 218560 1.9 35 19 3 10 43% 9856 110154 7650 46%
c - 2254.20 91 227 144 1880 120036 2 54322606 225619 1.9 31 16 3 10 44% 9856 110154 7650 46%
c - 2255.87 92 241 144 1881 120109 2 54365966 230483 2.0 28 14 3 10 44% 9857 110154 7650 46%
c - 2257.88 92 253 144 1882 120137 2 54409336 233650 2.0 26 13 3 10 44% 9857 110154 7650 46%
c - 2259.46 86 249 144 1883 120137 2 54452719 234883 2.1 24 11 3 10 45% 9857 110154 7650 46%
c i 2259.71 92 248 144 1883 120161 2 54457371 239360 2.1 24 11 3 10 45% 9857 110154 7643 46%
c i 2260.56 88 248 144 1883 120316 2 54471997 253584 2.0 27 13 3 10 45% 9857 110154 7631 46%
c } 2260.82 91 247 145 1883 120379 2 54476881 258335 2.0 28 14 3 10 45% 9858 110154 7631 46%
c [ 2260.82 91 264 145 1883 120379 1 54476881 258335 2.0 111 55 3 36 57% 9858 110154 7631 46%
c W 2261.14 71 264 145 1883 120379 1 54476881 258335 2.0 111 55 3 36 57% 9774 109055 7631 46%
c o 2261.83 93 250 145 1883 120387 1 54490263 270718 2.0 107 54 3 36 54% 9774 109055 7631 46%
c - 2262.01 81 241 145 1884 120391 1 54496113 225524 2.0 102 52 3 36 52% 9774 109055 7631 46%
c u 2263.13 95 234 145 1884 120392 1 54500459 222770 2.0 99 50 3 36 50% 9786 109043 7631 46%
c v 2264.26 98 234 145 1884 120392 1 54500459 221645 2.0 99 50 3 36 50% 9786 109043 7631 46%
c w 2264.71 98 234 145 1884 120392 1 54500459 220983 2.0 99 50 3 36 50% 9786 109043 7631 46%
c t 2264.73 98 234 145 1884 120392 1 54500459 220983 2.0 99 50 3 36 50% 9784 109043 7631 46%
c - 2266.12 90 227 145 1885 120408 1 54539521 210091 1.9 81 43 3 36 48% 9784 109043 7631 46%
c - 2268.02 87 238 145 1886 120423 1 54582937 209735 1.9 71 37 3 36 51% 9784 109043 7631 46%
c - 2270.50 93 246 145 1887 120440 1 54626365 209352 1.9 69 35 3 36 52% 9785 109043 7631 46%
c
c  seconds     switched         rate             size/glue  tier1     binary         remaining
c          MB      reductions      conflicts           size   tier2      irredundant
c            level        restarts         redundant      glue    trail         variables
c
c - 2272.94 82 255 145 1888 120441 1 54669805 210156 2.0 66 34 3 36 53% 9785 109043 7631 46%
c s 2273.27 86 256 145 1888 120444 1 54677119 217395 2.0 72 36 3 36 53% 9786 108836 7631 46%
c e 2273.29 75 256 145 1888 120444 1 54677119 217395 2.0 72 36 3 36 53% 9679 109397 7583 46%
c s 2273.30 75 256 145 1888 120444 1 54677119 217395 2.0 72 36 3 36 53% 9679 109232 7583 46%
c e 2273.31 75 256 145 1888 120444 1 54677119 217395 2.0 72 36 3 36 53% 9675 109256 7581 46%
c - 2275.33 94 254 145 1889 120461 1 54713256 200690 2.0 81 41 3 36 54% 9675 109256 7581 46%
c - 2277.13 92 251 145 1890 120472 1 54756719 189837 1.9 93 48 3 36 55% 9675 109256 7581 46%
c - 2279.00 91 250 145 1891 120494 1 54800194 183260 1.9 102 53 3 36 56% 9675 109256 7581 46%
c - 2280.78 94 242 145 1892 120504 1 54843679 186776 2.0 102 50 3 36 56% 9675 109256 7581 46%
c - 2283.02 96 239 145 1893 120505 1 54887177 184243 2.0 120 59 3 36 57% 9675 109256 7581 46%
c - 2286.93 60 250 145 1894 120505 1 54930685 168599 1.8 158 87 3 37 58% 9675 109256 7581 46%
c - 2289.06 70 253 145 1895 120523 1 54974205 169337 1.8 145 79 3 37 57% 9675 109256 7581 46%
c - 2291.03 90 256 145 1896 120536 1 55017736 180378 1.9 137 72 3 37 56% 9676 109256 7581 46%
c - 2292.90 90 252 145 1897 120557 1 55061280 182891 1.9 127 66 3 37 56% 9676 109256 7581 46%
c - 2294.75 91 251 145 1898 120568 1 55104834 185048 2.0 122 60 3 37 56% 9676 109256 7581 46%
c - 2297.91 98 248 145 1899 120576 1 55148401 180633 2.1 135 65 3 37 58% 9676 109256 7581 46%
c - 2299.72 98 242 145 1900 120597 1 55191978 181558 2.0 121 60 3 37 56% 9676 109256 7581 46%
c - 2301.79 101 238 145 1901 120611 1 55235566 181043 1.9 126 67 3 37 56% 9676 109256 7581 46%
c - 2303.79 99 229 145 1902 120629 1 55279166 178534 1.9 117 63 3 37 56% 9676 109256 7581 46%
c u 2306.08 96 231 145 1902 120631 1 55313757 205414 1.9 125 67 3 37 56% 9682 109256 7581 46%
c
c  seconds     switched         rate             size/glue   tier1     binary         remaining
c          MB      reductions      conflicts           size    tier2      irredundant
c            level        restarts         redundant       glue    trail         variables
c
c v 2306.67 98 231 145 1902 120631 1 55313757 201965 1.9 125 67 3 37 56% 9682 109256 7581 46%
c w 2308.02 117 231 145 1902 120631 1 55313757 201737 1.9 125 67 3 37 56% 9682 109256 7581 46%
c t 2308.05 117 231 145 1902 120631 1 55313757 201737 1.9 125 67 3 37 56% 9681 109256 7581 46%
c - 2308.42 64 229 145 1903 120631 1 55322778 166712 1.9 124 67 3 37 56% 9681 109256 7581 46%
c - 2310.67 67 222 145 1904 120632 1 55366402 159735 1.9 139 73 3 37 57% 9681 109256 7581 46%
c - 2312.91 69 216 145 1905 120633 1 55410037 156280 1.9 148 77 3 37 58% 9681 109256 7581 46%
c - 2315.61 65 211 145 1906 120633 1 55453683 154275 2.0 160 79 3 37 59% 9681 109256 7581 46%
c - 2318.33 68 209 145 1907 120633 1 55497341 154334 2.1 164 78 3 37 60% 9681 109256 7581 46%
c O 2318.69 71 209 145 1907 120633 1 55503115 160058 2.1 165 79 3 37 60% 9681 109256 7581 46%
c o 2319.41 71 216 145 1907 120636 1 55532131 186557 2.1 132 64 3 37 51% 9681 109256 7581 46%
c - 2319.69 74 200 145 1908 120640 1 55541011 172782 2.1 122 59 3 37 47% 9681 109256 7581 46%
c - 2320.81 79 164 145 1909 120662 1 55584692 191442 2.0 90 44 3 37 37% 9681 109256 7581 46%
c - 2322.15 87 177 145 1910 120674 1 55628384 187195 2.0 87 44 3 37 36% 9682 109256 7581 46%
c - 2323.09 86 161 145 1911 120693 1 55672087 184604 1.9 66 35 3 37 29% 9682 109256 7581 46%
c - 2324.13 85 144 145 1912 120696 1 55715802 190328 1.8 54 31 3 37 25% 9682 109256 7581 46%
c ] 2324.42 86 141 146 1912 120696 1 55727223 200297 1.7 52 30 3 37 24% 9682 109256 7581 46%
c { 2324.42 86 247 146 1912 120696 2 55727223 200297 2.0 28 14 3 10 45% 9682 109256 7581 46%
c - 2325.36 87 189 146 1913 120702 2 55759529 192613 1.9 25 13 3 10 34% 9683 109256 7581 46%
c - 2326.86 86 146 146 1914 120712 2 55803266 199094 1.9 23 12 3 10 25% 9684 109256 7581 46%
c - 2328.56 82 111 146 1915 120821 2 55847015 199464 1.8 22 12 3 10 19% 9686 109256 7581 46%
c
c  seconds    switched         rate             size/glue  tier1     binary         remaining
c          MB     reductions      conflicts           size   tier2      irredundant
c           level        restarts         redundant      glue    trail         variables
c
c - 2330.74 84 87 146 1916 121009 2 55890775 201081 1.8 21 12 3 10 15% 9688 109256 7581 46%
c i 2330.74 84 87 146 1916 121009 2 55890791 201084 1.8 21 12 3 10 15% 9692 109256 7580 46%
c i 2331.63 86 78 146 1916 121159 2 55912725 220375 1.8 20 11 3 10 13% 9698 109256 7579 46%
c - 2332.49 76 69 146 1917 121188 2 55934549 203061 1.8 20 11 3 10 12% 9690 109256 7579 46%
c - 2334.47 76 53 146 1918 121346 1 55978333 199251 1.7 19 11 3 10 9% 9691 109256 7579 46%
c i 2334.93 86 50 146 1918 121392 1 55989345 207424 1.7 18 11 3 10 9% 9695 109256 7578 46%
c - 2336.36 86 41 146 1919 121440 1 56022127 194403 1.7 18 10 3 10 8% 9689 109256 7578 46%
c i 2337.09 85 38 146 1919 121445 1 56038244 206295 1.7 17 10 3 10 7% 9699 109256 7577 46%
c i 2337.68 78 36 146 1919 121538 1 56052848 217925 1.7 17 10 3 10 7% 9710 109256 7570 46%
c i 2337.80 86 36 146 1919 121585 1 56055493 220196 1.7 17 10 3 10 7% 9714 109256 7569 46%
c - 2338.22 87 35 146 1920 121748 1 56065934 159621 1.7 17 10 3 10 7% 9679 109256 7569 46%
c i 2339.16 83 38 146 1920 121988 2 56092577 183295 1.7 17 10 3 10 7% 9687 109256 7566 46%
c - 2339.86 85 39 146 1921 122152 2 56109752 178840 1.7 18 10 3 10 7% 9662 109256 7566 46%
c u 2341.60 88 36 146 1921 122416 2 56133571 193357 1.7 18 11 3 10 7% 9682 108367 7566 46%
c v 2342.37 88 36 146 1921 122416 2 56133571 190726 1.7 18 11 3 10 7% 9682 108367 7566 46%
c w 2342.70 91 36 146 1921 122416 2 56133571 188612 1.7 18 11 3 10 7% 9682 108367 7566 46%
c t 2342.72 91 36 146 1921 122416 2 56133571 188612 1.7 18 11 3 10 7% 9677 108367 7566 46%
c i 2342.81 85 36 146 1921 122422 2 56135611 190462 1.7 18 11 3 10 7% 9682 108367 7563 46%
c i 2343.21 83 35 146 1921 122473 2 56143007 196694 1.7 18 11 3 10 6% 9687 108367 7562 46%
c - 2343.67 86 38 146 1922 122504 2 56153581 186610 1.7 18 11 3 10 7% 9670 108367 7562 46%
c
c  seconds    switched         rate             size/glue  tier1    binary         remaining
c          MB     reductions      conflicts           size   tier2     irredundant
c           level        restarts         redundant      glue   trail         variables
c
c - 2345.95 84 37 146 1923 122760 2 56197422 194153 1.7 18 11 3 10 7% 9684 108367 7562 46%
c i 2346.66 85 34 146 1923 122834 2 56213650 207529 1.7 18 10 3 10 6% 9684 108367 7555 46%
c i 2346.77 86 33 146 1923 122845 2 56216714 210118 1.7 18 10 3 10 6% 9685 108367 7554 46%
c - 2348.34 88 36 146 1924 123016 2 56241277 198390 1.7 18 10 3 10 7% 9662 108366 7554 46%
c i 2348.68 81 35 146 1924 123032 2 56248559 204849 1.7 18 10 3 10 7% 9662 108366 7553 46%
c i 2348.95 81 35 146 1924 123052 2 56252438 208283 1.7 18 10 3 10 7% 9667 108365 7552 46%
c i 2349.44 83 41 146 1924 123099 2 56262119 217087 1.8 18 10 3 10 8% 9668 108365 7547 46%
c i 2350.41 79 43 146 1924 123180 2 56274859 228330 1.8 18 10 3 10 8% 9669 108365 7546 46%
c i 2350.57 86 44 146 1924 123182 2 56278514 231758 1.8 18 10 3 10 9% 9670 108365 7545 46%
c - 2351.03 82 45 146 1925 123247 2 56285140 202067 1.8 18 10 3 10 9% 9643 108365 7545 46%
c - 2353.20 80 40 146 1926 123476 2 56329016 202779 1.8 18 10 3 10 8% 9645 108364 7545 46%
c - 2355.73 88 36 146 1927 123721 2 56372902 202297 1.8 18 10 3 10 7% 9650 108364 7545 46%
c - 2358.40 89 42 146 1928 123958 2 56416800 201684 1.8 18 10 3 10 8% 9653 108364 7545 46%
c - 2361.16 85 42 146 1929 124240 2 56460708 202799 1.8 18 10 3 10 8% 9654 108364 7545 46%
c i 2361.53 79 41 146 1929 124314 2 56466978 208167 1.8 18 10 3 10 8% 9654 108364 7544 46%
c i 2361.67 86 41 146 1929 124336 2 56469116 209999 1.8 18 10 3 10 8% 9654 108364 7543 46%
c i 2361.75 87 41 146 1929 124341 2 56471372 211960 1.8 18 10 3 10 8% 9654 108364 7542 46%
c - 2363.72 84 43 146 1930 124519 2 56504628 203752 1.8 18 10 3 10 9% 9646 108364 7542 46%
c i 2365.41 83 43 146 1930 124704 2 56529420 225653 1.8 18 10 3 10 9% 9648 108364 7541 46%
c i 2365.42 84 43 146 1930 124704 2 56529424 225653 1.8 18 10 3 10 9% 9649 108364 7540 46%
c
c  seconds    switched         rate             size/glue  tier1    binary         remaining
c          MB     reductions      conflicts           size   tier2     irredundant
c           level        restarts         redundant      glue   trail         variables
c
c - 2366.70 79 39 146 1931 124793 2 56548559 204345 1.8 18 10 3 10 8% 9642 108363 7540 46%
c o 2368.86 89 39 146 1931 125046 2 56582369 233936 1.8 18 10 3 10 8% 9644 108363 7540 46%
c - 2369.73 81 39 146 1932 125086 2 56592503 205630 1.8 18 10 3 10 8% 9646 108363 7540 46%
c - 2372.69 77 45 146 1933 125287 2 56636458 201821 1.9 18 9 3 10 9% 9659 108363 7540 46%
c i 2373.04 86 43 146 1933 125300 2 56642433 207141 1.9 18 9 3 10 8% 9659 108363 7539 46%
c i 2373.54 77 40 146 1933 125307 2 56653882 215107 1.9 17 9 3 10 8% 9667 108362 7527 46%
c i 2374.12 88 40 146 1933 125369 2 56662579 222501 1.9 17 9 3 10 8% 9686 108362 7526 46%
c i 2375.08 88 41 146 1933 125523 2 56676140 234254 1.9 17 9 3 10 8% 9700 108362 7525 46%
c - 2375.35 85 40 146 1934 125558 2 56680423 183138 1.9 17 9 3 10 8% 9655 108362 7525 46%
c } 2376.98 82 41 147 1934 125860 2 56706536 206025 1.8 18 10 3 10 8% 9672 108362 7525 46%
c [ 2376.98 82 141 147 1934 125860 1 56706536 206025 1.7 52 30 3 37 24% 9672 108362 7525 46%
c B 2376.98 82 141 147 1934 125860 1 56706536 206025 1.7 52 30 3 37 24% 9672 108362 7525 46%
c - 2377.76 81 157 147 1935 125871 1 56724400 185452 1.7 56 32 3 37 27% 9672 108362 7525 46%
c - 2379.73 90 192 147 1936 125889 1 56768388 178742 1.8 69 39 3 37 36% 9672 108362 7525 46%
c - 2381.23 89 200 147 1937 125904 1 56812388 174114 1.8 58 33 3 37 39% 9672 108362 7525 46%
c - 2383.06 88 220 147 1938 125921 1 56856402 180800 1.8 63 34 3 37 42% 9672 108362 7525 46%
c - 2385.21 95 259 147 1939 125922 1 56900424 171610 2.1 95 46 3 37 48% 9672 108362 7525 46%
c i 2386.84 96 255 147 1939 125941 1 56941560 212171 2.0 103 50 3 37 48% 9672 108362 7520 46%
c - 2386.99 70 254 147 1940 125943 1 56944459 161975 2.0 104 51 3 37 48% 9647 108362 7520 46%
c d 2387.58 70 249 147 1940 125951 1 56959844 177010 2.0 105 52 3 37 48% 9674 106573 7517 46%
c
c  seconds     switched         rate             size/glue   tier1     binary         remaining
c          MB      reductions      conflicts           size    tier2      irredundant
c            level        restarts         redundant       glue    trail         variables
c
c u 2388.73 73 249 147 1940 125951 1 56959844 161567 2.0 105 52 3 37 48% 9683 106573 7517 46%
c v 2390.01 76 249 147 1940 125951 1 56959844 158776 2.0 105 52 3 37 48% 9680 106573 7517 46%
c w 2390.66 83 249 147 1940 125951 1 56959844 157694 2.0 105 52 3 37 48% 9680 106573 7517 46%
c t 2390.69 83 249 147 1940 125951 1 56959844 157694 2.0 105 52 3 37 48% 9664 106573 7517 46%
c u 2391.90 74 249 147 1940 125951 1 56959844 148022 2.0 105 52 3 37 48% 9673 106573 7517 46%
c v 2393.20 76 249 147 1940 125951 1 56959844 141477 2.0 105 52 3 37 48% 9673 106573 7517 46%
c w 2393.96 81 249 147 1940 125951 1 56959844 140579 2.0 105 52 3 37 48% 9673 106573 7517 46%
c t 2404.94 82 249 147 1940 125951 1 56959844 140579 2.0 105 52 3 37 48% 9669 106573 7517 46%
c - 2406.08 65 240 147 1941 125955 1 56988504 127344 2.1 113 55 3 37 48% 9642 106573 7517 46%
c - 2407.93 67 221 147 1942 125976 1 57032560 128161 1.8 111 60 3 37 47% 9642 106573 7517 46%
c s 2408.14 59 218 147 1942 125981 1 57038429 133939 1.8 110 60 3 37 47% 9645 106267 7517 46%
c e 2408.16 61 218 147 1942 125981 1 57038429 133939 1.8 110 60 3 37 47% 9433 107707 7406 45%
c s 2408.17 61 218 147 1942 125981 1 57038429 133939 1.8 110 60 3 37 47% 9434 106680 7406 45%
c e 2408.19 61 218 147 1942 125981 1 57038429 133939 1.8 110 60 3 37 47% 9390 107012 7382 45%
c - 2410.39 64 200 147 1943 125985 1 57076629 118513 1.6 114 69 3 37 44% 9390 107012 7382 45%
c - 2412.80 67 187 147 1944 125986 1 57120708 112867 1.6 120 77 3 38 43% 9390 107012 7382 45%
c - 2415.16 63 202 147 1945 125986 1 57164798 125228 1.9 124 64 3 38 51% 9390 107012 7382 45%
c - 2416.99 83 214 147 1946 126008 1 57208901 138360 1.9 116 60 3 38 51% 9390 107012 7382 45%
c - 2418.75 67 215 147 1947 126020 1 57253015 147063 2.0 102 52 3 38 49% 9390 107012 7382 45%
c - 2421.24 69 235 147 1948 126041 1 57297139 150635 2.0 103 53 3 38 51% 9390 107012 7382 45%
c
c  seconds     switched         rate             size/glue   tier1     binary         remaining
c          MB      reductions      conflicts           size    tier2      irredundant
c            level        restarts         redundant       glue    trail         variables
c
c - 2423.76 60 242 147 1949 126049 1 57341276 146750 1.9 109 57 3 38 52% 9390 107012 7382 45%
c - 2425.53 67 244 147 1950 126062 1 57385423 145854 1.9 111 57 3 38 53% 9390 107012 7382 45%
c - 2427.30 68 244 147 1951 126079 1 57429581 147032 1.9 112 59 3 38 51% 9391 107012 7382 45%
c - 2429.27 71 238 147 1952 126095 1 57473752 157584 1.9 96 50 3 38 50% 9391 107012 7382 45%
c - 2431.07 84 235 147 1953 126111 1 57517934 165420 2.0 94 47 3 38 50% 9391 107012 7382 45%
c - 2432.93 94 235 147 1954 126112 1 57562126 152825 2.0 116 57 3 38 53% 9391 107012 7382 45%
c - 2434.53 63 226 147 1955 126113 1 57606331 143646 2.0 118 59 3 38 53% 9391 107012 7382 45%
c - 2436.54 86 221 147 1956 126114 1 57650546 151372 2.1 108 52 3 38 52% 9391 107012 7382 45%
c - 2438.54 85 222 147 1957 126114 1 57694773 164596 2.0 86 42 3 38 49% 9391 107012 7382 45%
c - 2440.36 67 225 147 1958 126114 1 57739010 163745 2.2 97 45 3 38 51% 9391 107012 7382 45%
c o 2441.50 67 226 147 1958 126116 1 57761277 183954 2.1 92 43 3 38 51% 9391 107012 7382 45%
c W 2441.61 59 226 147 1958 126116 1 57761576 184250 2.1 92 43 3 38 51% 9391 107012 7382 45%
c - 2442.19 79 204 147 1959 126128 1 57783259 162807 2.1 79 38 3 38 45% 9391 107012 7382 45%
c u 2443.19 77 215 147 1959 126129 1 57792536 170249 2.1 81 39 3 38 48% 9392 107012 7382 45%
c v 2443.91 78 215 147 1959 126129 1 57792536 167741 2.1 81 39 3 38 48% 9392 107012 7382 45%
c w 2444.31 79 215 147 1959 126129 1 57792536 167073 2.1 81 39 3 38 48% 9392 107012 7382 45%
c x 2444.77 74 215 147 1959 126129 1 57792536 166901 2.1 81 39 3 38 48% 9412 106449 7381 45%
c t 2444.79 74 215 147 1959 126129 1 57792536 166894 2.1 81 39 3 38 48% 9408 106448 7381 45%
c u 2445.61 79 215 147 1959 126129 1 57792536 163779 2.1 81 39 3 38 48% 9408 106448 7381 45%
c v 2446.45 81 215 147 1959 126129 1 57792536 160512 2.1 81 39 3 38 48% 9408 106448 7381 45%
c
c  seconds     switched         rate             size/glue  tier1     binary         remaining
c          MB      reductions      conflicts           size   tier2      irredundant
c            level        restarts         redundant      glue    trail         variables
c
c w 2446.82 84 215 147 1959 126129 1 57792536 159883 2.1 81 39 3 38 48% 9408 106448 7381 45%
c i 2446.84 84 215 147 1959 126129 1 57792536 159883 2.1 81 39 3 38 48% 9408 106448 7381 45%
c - 2448.20 69 226 147 1960 126145 1 57827520 155210 2.0 87 43 3 38 50% 9403 106448 7381 45%
c - 2449.76 66 217 147 1961 126160 1 57871791 145821 1.8 93 52 3 38 50% 9403 106448 7381 45%
c - 2451.23 82 207 147 1962 126176 1 57916074 140622 1.7 91 55 3 38 47% 9403 106448 7381 45%
c - 2453.71 66 224 147 1963 126179 1 57960368 138377 1.7 106 62 3 38 49% 9403 106448 7381 45%
c - 2455.36 84 213 147 1964 126200 1 58004675 137981 1.6 102 63 3 38 47% 9403 106448 7381 45%
c - 2457.15 67 213 147 1965 126214 1 58048992 140174 1.7 106 63 3 38 48% 9403 106448 7381 45%
c - 2459.27 64 217 147 1966 126236 1 58093320 134835 1.6 113 69 3 38 49% 9403 106448 7381 45%
c - 2461.11 85 237 147 1967 126240 1 58137659 136747 1.7 108 64 3 38 49% 9403 106448 7381 45%
c - 2462.76 67 254 147 1968 126241 1 58182009 141067 1.7 110 65 3 38 48% 9403 106448 7381 45%
c - 2465.46 69 269 147 1969 126245 1 58226371 132777 1.7 134 79 3 38 49% 9403 106448 7381 45%
c - 2467.29 81 274 147 1970 126266 1 58270746 137785 1.7 117 68 3 38 49% 9403 106448 7381 45%
c ] 2468.03 78 272 148 1970 126271 1 58287265 153797 1.7 113 65 3 38 49% 9403 106448 7381 45%
c { 2468.03 78 41 148 1970 126271 2 58287265 153797 1.8 18 10 3 10 8% 9403 106448 7381 45%
c - 2469.38 82 81 148 1971 126606 3 58315131 155784 1.8 23 13 3 10 15% 9404 106448 7381 45%
c - 2471.44 73 113 148 1972 126878 3 58359527 173053 1.8 26 14 3 10 20% 9404 106448 7381 45%
c - 2473.98 82 135 148 1973 127090 3 58403934 185036 1.9 27 14 3 10 25% 9405 106448 7381 45%
c - 2476.62 84 158 148 1974 127461 3 58448352 190377 1.8 30 17 3 10 28% 9408 106448 7381 45%
c - 2479.39 85 176 148 1975 127912 4 58492782 192128 1.8 35 19 3 10 32% 9409 106447 7381 45%
c
c  seconds     switched         rate             size/glue  tier1     binary         remaining
c          MB      reductions      conflicts           size   tier2      irredundant
c            level        restarts         redundant      glue    trail         variables
c
c - 2481.93 85 181 148 1976 128150 3 58537223 197089 1.8 33 18 3 10 32% 9409 106447 7381 45%
c - 2484.14 84 174 148 1977 128361 3 58581676 203005 1.8 32 18 3 10 30% 9409 106447 7381 45%
c - 2486.76 74 183 148 1978 128567 3 58626140 206410 1.8 31 17 3 10 32% 9409 106447 7381 45%
c u 2487.77 80 183 148 1978 128567 3 58631729 207134 1.9 30 16 3 10 31% 9414 106447 7381 45%
c v 2488.94 86 183 148 1978 128567 3 58631729 204434 1.9 30 16 3 10 31% 9414 106447 7381 45%
c w 2489.38 87 183 148 1978 128567 3 58631729 203736 1.9 30 16 3 10 31% 9414 106447 7381 45%
c t 2489.40 87 183 148 1978 128567 3 58631729 203736 1.9 30 16 3 10 31% 9408 106447 7381 45%
c - 2491.86 85 185 148 1979 128789 3 58670615 204105 1.8 30 16 3 10 32% 9408 106447 7381 45%
c - 2495.28 83 190 148 1980 129130 3 58715101 209236 1.8 32 18 3 10 33% 9408 106447 7381 45%
c - 2498.36 82 197 148 1981 129429 3 58759599 210731 1.8 32 18 3 10 36% 9409 106447 7381 45%
c - 2500.86 76 202 148 1982 129616 3 58804109 215234 1.8 30 17 3 10 36% 9410 106447 7381 45%
c o 2502.28 85 198 148 1982 129739 3 58835241 244816 1.9 29 15 3 10 35% 9410 106447 7381 45%
c - 2503.33 86 199 148 1983 129906 3 58848628 218304 1.8 31 17 3 10 35% 9410 106447 7381 45%
c - 2506.63 86 205 148 1984 130218 3 58893158 219031 1.9 33 18 3 10 37% 9411 106446 7381 45%
c - 2509.27 84 206 148 1985 130462 3 58937700 221612 1.8 31 17 3 10 37% 9411 106446 7381 45%
c - 2511.29 86 201 148 1986 130666 3 58982255 224297 1.8 31 17 3 10 36% 9411 106446 7381 45%
c - 2513.08 78 181 148 1987 130714 2 59026819 227051 1.9 28 15 3 10 32% 9411 106446 7381 45%
c - 2515.50 86 188 148 1988 130922 2 59071394 228766 1.9 28 15 3 10 35% 9411 106446 7381 45%
c - 2518.89 80 191 148 1989 131343 3 59115980 225053 1.8 32 18 3 10 36% 9412 106446 7381 45%
c - 2522.03 86 201 148 1990 131712 3 59160579 221736 1.8 33 19 3 10 37% 9413 106446 7381 45%
c
c  seconds     switched         rate             size/glue  tier1     binary         remaining
c          MB      reductions      conflicts           size   tier2      irredundant
c            level        restarts         redundant      glue    trail         variables
c
c - 2525.11 86 211 148 1991 132105 3 59205189 226294 1.8 36 20 3 10 39% 9414 106446 7381 45%
c - 2527.83 78 209 148 1992 132363 3 59249809 232112 1.8 34 19 3 10 39% 9414 106446 7381 45%
c } 2531.47 84 212 149 1992 132768 3 59290961 271358 1.8 37 21 3 10 40% 9415 106446 7381 45%
c [ 2531.47 84 272 149 1992 132768 1 59290961 271358 1.7 113 65 3 38 49% 9415 106446 7381 45%
c I 2531.47 84 272 149 1992 132768 1 59290961 271358 1.7 113 65 3 38 49% 9415 106446 7381 45%
c - 2531.75 89 273 149 1993 132770 1 59294440 233451 1.7 114 65 3 38 50% 9415 106446 7381 45%
c - 2534.09 99 275 149 1994 132792 1 59339088 222600 1.8 114 62 3 38 53% 9415 106446 7381 45%
c - 2536.01 99 270 149 1995 132805 1 59383743 203002 1.9 118 61 3 38 56% 9415 106446 7381 45%
c - 2538.04 98 260 149 1996 132827 1 59428408 199210 2.0 120 60 3 38 58% 9415 106446 7381 45%
c 2 2539.94 92 248 149 1996 132830 1 59457850 228429 2.0 128 65 3 38 58% 9415 106446 7380 45%
c s 2539.95 92 248 149 1996 132830 1 59457850 228429 2.0 128 65 3 38 58% 9415 106218 7380 45%
c e 2539.97 82 248 149 1996 132830 1 59457850 228429 2.0 128 65 3 38 58% 9384 106417 7367 45%
c s 2539.98 82 248 149 1996 132830 1 59457850 228429 2.0 128 65 3 38 58% 9384 106377 7367 45%
c - 2541.09 96 245 149 1997 132830 1 59473084 194517 1.9 131 68 3 38 58% 9383 106377 7367 45%
c u 2542.67 98 244 149 1997 132830 1 59477477 185925 1.9 132 69 3 38 58% 9402 106377 7365 45%
c v 2543.31 100 244 149 1997 132830 1 59477477 179871 1.9 132 69 3 38 58% 9402 106377 7365 45%
c w 2544.84 106 244 149 1997 132830 1 59477477 172602 1.9 132 69 3 38 58% 9402 106377 7365 45%
c t 2544.86 106 244 149 1997 132830 1 59477477 172539 1.9 132 69 3 38 58% 9402 106351 7365 45%
c u 2546.44 93 244 149 1997 132830 1 59477477 167566 1.9 132 69 3 38 58% 9408 106351 7365 45%
c v 2546.93 92 244 149 1997 132830 1 59477477 165100 1.9 132 69 3 38 58% 9410 106351 7365 45%
c
c  seconds      switched         rate             size/glue   tier1     binary         remaining
c           MB      reductions      conflicts           size    tier2      irredundant
c             level        restarts         redundant       glue    trail         variables
c
c w 2548.16 100 244 149 1997 132830 1 59477477 158596 1.9 132 69 3 38 58% 9410 106351 7365 45%
c t 2548.18 100 244 149 1997 132830 1 59477477 158596 1.9 132 69 3 38 58% 9407 106351 7365 45%
c i 2548.18 100 244 149 1997 132830 1 59477477 158596 1.9 132 69 3 38 58% 9407 106351 7365 45%
c - 2550.04 69 236 149 1998 132845 1 59517771 164284 1.9 129 67 3 38 59% 9384 106351 7365 45%
c - 2552.21 93 235 149 1999 132861 1 59562470 178174 2.0 131 64 3 38 59% 9384 106351 7365 45%
c - 2555.26 97 237 149 2000 132879 1 59607181 182403 2.0 137 67 3 38 59% 9384 106351 7365 45%
c - 2557.28 96 239 149 2001 132892 1 59651903 184728 2.1 136 64 3 38 60% 9384 106351 7365 45%
c - 2560.36 103 239 149 2002 132894 1 59696636 180250 2.0 148 74 3 38 60% 9384 106351 7365 45%
c - 2562.60 96 226 149 2003 132894 1 59741380 173585 2.2 156 72 3 38 62% 9384 106351 7365 45%
c - 2564.90 99 229 149 2004 132912 1 59786135 177844 2.1 148 69 3 38 62% 9384 106351 7365 45%
c - 2567.48 102 232 149 2005 132925 1 59830901 181674 2.1 145 69 3 38 62% 9384 106351 7365 45%
c - 2569.64 101 229 149 2006 132947 1 59875678 182964 2.1 136 64 3 38 61% 9384 106351 7365 45%
c - 2572.06 101 235 149 2007 132957 1 59920466 182793 2.1 140 67 3 38 60% 9384 106351 7365 45%
c o 2573.79 91 224 149 2007 132961 1 59952502 214328 2.2 146 68 3 38 59% 9384 106351 7365 45%
c - 2574.29 100 220 149 2008 132968 1 59965265 179032 2.1 137 65 3 38 58% 9385 106351 7365 45%
c - 2575.90 103 193 149 2009 132987 1 60010076 191100 2.1 103 50 3 38 49% 9386 106351 7365 45%
c - 2577.38 97 189 149 2010 133002 1 60054897 206279 2.1 87 42 3 38 44% 9386 106351 7365 45%
c - 2579.60 100 196 149 2011 133019 1 60099731 202871 2.0 91 45 3 38 45% 9386 106351 7365 45%
c - 2582.29 103 190 149 2012 133020 1 60144575 189826 1.9 104 54 3 38 46% 9386 106351 7365 45%
c - 2585.14 102 196 149 2013 133021 1 60189433 179751 1.9 113 60 3 38 52% 9386 106351 7365 45%
c
c  seconds     switched         rate             size/glue   tier1     binary         remaining
c          MB      reductions      conflicts           size    tier2      irredundant
c            level        restarts         redundant       glue    trail         variables
c
c - 2588.19 68 201 149 2014 133022 1 60234299 171537 1.8 131 72 3 38 56% 9386 106351 7365 45%
c - 2592.26 70 204 149 2015 133022 1 60279176 160772 1.8 158 87 3 39 59% 9386 106351 7365 45%
c - 2595.89 62 206 149 2016 133022 1 60324064 153080 1.8 174 96 3 39 60% 9386 106351 7365 45%
c u 2597.14 64 206 149 2016 133022 1 60329773 154010 1.8 175 96 3 39 61% 9394 106351 7365 45%
c v 2597.17 67 206 149 2016 133022 1 60329773 153009 1.8 175 96 3 39 61% 9394 106351 7365 45%
c w 2598.37 75 206 149 2016 133022 1 60329773 149705 1.8 175 96 3 39 61% 9394 106351 7365 45%
c t 2598.39 75 206 149 2016 133022 1 60329773 149705 1.8 175 96 3 39 61% 9379 106351 7365 45%
c - 2599.82 78 184 149 2017 133037 1 60368965 162474 1.8 133 74 3 39 51% 9379 106351 7365 45%
c B 2600.01 73 178 149 2017 133037 1 60375072 167533 1.8 127 71 3 39 48% 9379 106351 7365 45%
c - 2601.66 88 195 149 2018 133053 1 60413876 177428 1.8 129 70 3 39 50% 9379 106351 7365 45%
c - 2603.89 69 219 149 2019 133069 1 60458798 170014 1.8 132 72 3 39 51% 9379 106351 7365 45%
c - 2605.93 61 211 149 2020 133084 1 60503731 162607 1.7 130 76 3 39 49% 9379 106351 7365 45%
c - 2608.00 71 224 149 2021 133092 1 60548676 162730 1.8 126 70 3 39 50% 9379 106351 7365 45%
c - 2609.82 71 227 149 2022 133114 1 60593632 167807 1.8 120 65 3 39 50% 9379 106351 7365 45%
c - 2611.89 69 219 149 2023 133126 1 60638600 168840 1.8 114 62 3 39 47% 9379 106351 7365 45%
c - 2614.07 68 217 149 2024 133146 1 60683578 159810 1.8 123 67 3 39 50% 9379 106351 7365 45%
c - 2616.49 65 207 149 2025 133148 1 60728567 145456 1.8 138 78 3 39 48% 9379 106351 7365 45%
c - 2618.96 68 198 149 2026 133149 1 60773567 138819 1.8 145 80 3 39 48% 9379 106351 7365 45%
c - 2621.38 65 193 149 2027 133159 1 60818578 139170 1.8 149 82 3 39 48% 9379 106351 7365 45%
c - 2623.82 67 191 149 2028 133179 1 60863600 140305 1.7 143 84 3 39 47% 9379 106351 7365 45%
c
c  seconds     switched         rate             size/glue   tier1     binary         remaining
c          MB      reductions      conflicts           size    tier2      irredundant
c            level        restarts         redundant       glue    trail         variables
c
c - 2626.70 61 189 149 2029 133194 1 60908633 137488 1.6 141 87 3 39 46% 9379 106351 7365 45%
c - 2629.11 66 195 149 2030 133211 1 60953677 138285 1.7 146 87 3 39 48% 9379 106351 7365 45%
c ] 2630.86 84 195 150 2030 133212 1 60984804 169119 1.7 150 87 3 39 49% 9379 106351 7365 45%
c { 2630.86 84 212 150 2030 133212 3 60984804 169119 1.8 37 21 3 10 40% 9379 106351 7365 45%
c - 2631.32 67 214 150 2031 133218 3 60998732 147142 1.8 35 19 3 10 37% 9380 106351 7365 45%
c - 2632.89 73 207 150 2032 133238 3 61043799 173053 1.9 30 16 3 10 30% 9380 106351 7365 45%
c - 2634.52 73 145 150 2033 133238 2 61088876 194306 2.1 26 13 3 10 21% 9381 106350 7365 45%
c - 2636.29 77 99 150 2034 133238 2 61133964 203674 2.2 23 11 3 10 15% 9381 106350 7365 45%
c o 2638.24 79 72 150 2034 133239 2 61171910 238397 2.4 22 9 3 10 12% 9383 106350 7365 45%
c - 2638.78 78 84 150 2035 133246 2 61179063 206479 2.4 21 9 3 10 13% 9383 106350 7365 45%
c u 2640.15 83 97 150 2035 133355 2 61188647 212480 2.3 22 10 3 10 16% 9387 106349 7365 45%
c v 2641.27 88 97 150 2035 133355 2 61188647 211245 2.3 22 10 3 10 16% 9387 106349 7365 45%
c w 2641.65 89 97 150 2035 133355 2 61188647 211177 2.3 22 10 3 10 16% 9387 106349 7365 45%
c - 2643.34 75 118 150 2036 133403 2 61224173 209459 2.3 21 9 3 10 20% 9388 106349 7365 45%
c - 2646.03 79 121 150 2037 133552 2 61269295 206630 2.3 21 9 3 10 20% 9389 106349 7365 45%
c - 2648.40 71 137 150 2038 133666 2 61314430 209527 2.3 21 9 3 10 24% 9391 106349 7365 45%
c - 2650.87 77 156 150 2039 133849 3 61359574 211241 2.3 22 9 3 10 27% 9392 106349 7365 45%
c - 2653.20 72 152 150 2040 133906 2 61404729 214119 2.3 21 9 3 10 25% 9395 106349 7365 45%
c - 2656.07 77 163 150 2041 134084 3 61449895 216763 2.3 21 9 3 10 27% 9395 106349 7365 45%
c - 2658.48 81 185 150 2042 134187 2 61495072 219676 2.3 21 9 3 10 27% 9397 106349 7365 45%
c
c  seconds     switched         rate             size/glue tier1     binary         remaining
c          MB      reductions      conflicts           size  tier2      irredundant
c            level        restarts         redundant     glue    trail         variables
c
c - 2661.18 76 168 150 2043 134290 2 61540260 222822 2.3 20 9 3 10 26% 9397 106349 7365 45%
c - 2664.32 82 151 150 2044 134495 3 61585459 224365 2.3 21 9 3 10 24% 9398 106349 7365 45%
c - 2667.79 80 170 150 2045 134698 3 61630669 228234 2.2 21 10 3 10 27% 9399 106349 7365 45%
c - 2670.88 75 188 150 2046 134807 3 61675892 230758 2.3 22 9 3 10 31% 9399 106349 7365 45%
c - 2673.48 79 162 150 2047 134876 2 61721124 233834 2.4 22 9 3 10 28% 9399 106349 7365 45%
c - 2676.66 74 146 150 2048 134982 2 61766371 240975 2.4 22 9 3 10 25% 9401 106349 7365 45%
c - 2679.28 80 129 150 2049 135121 3 61811625 242102 2.3 22 9 3 10 24% 9401 106349 7365 45%
c - 2682.03 84 137 150 2050 135182 2 61856890 236483 2.3 21 9 3 10 24% 9405 106349 7365 45%
c - 2684.91 82 143 150 2051 135189 2 61902168 238810 2.5 20 8 3 10 24% 9405 106349 7365 45%
c s 2687.02 77 130 150 2051 135339 2 61936228 270862 2.4 21 9 3 10 22% 9408 106284 7365 45%
c e 2687.03 65 130 150 2051 135339 2 61936228 270862 2.4 21 9 3 10 22% 9402 106320 7363 45%
c s 2687.04 65 130 150 2051 135339 2 61936228 270862 2.4 21 9 3 10 22% 9403 106307 7363 45%
c - 2688.07 82 128 150 2052 135415 2 61947455 230984 2.3 21 9 3 10 22% 9404 106307 7363 45%
c - 2691.02 76 160 150 2053 135459 2 61992755 237759 2.4 21 9 3 10 24% 9404 106307 7363 45%
c } 2693.23 84 173 151 2053 135573 2 62013137 256828 2.4 21 9 3 10 26% 9405 106307 7363 45%
c [ 2693.23 84 195 151 2053 135573 1 62013137 256828 1.7 150 87 3 39 49% 9405 106307 7363 45%
c W 2693.27 61 195 151 2053 135573 1 62013137 256828 1.7 150 87 3 39 49% 9405 106307 7363 45%
c - 2694.21 87 196 151 2054 135587 1 62038065 228733 1.7 144 86 3 39 48% 9405 106307 7363 45%
c u 2696.28 98 196 151 2054 135593 1 62054075 237456 1.6 144 89 3 39 48% 9405 106307 7363 45%
c v 2697.55 101 196 151 2054 135593 1 62054075 236306 1.6 144 89 3 39 48% 9405 106307 7363 45%
c
c  seconds      switched         rate             size/glue   tier1     binary         remaining
c           MB      reductions      conflicts           size    tier2      irredundant
c             level        restarts         redundant       glue    trail         variables
c
c w 2698.05 102 196 151 2054 135593 1 62054075 236085 1.6 144 89 3 39 48% 9405 106307 7363 45%
c x 2698.54 91 196 151 2054 135593 1 62054075 236025 1.6 144 89 3 39 48% 9433 105738 7363 45%
c t 2711.53 91 196 151 2054 135593 1 62054075 236025 1.6 144 89 3 39 48% 9419 105738 7363 45%
c - 2712.95 97 198 151 2055 135603 1 62083386 196662 1.6 139 87 3 39 48% 9419 105738 7363 45%
c - 2715.32 100 202 151 2056 135619 1 62128719 178088 1.6 137 86 3 39 47% 9419 105738 7363 45%
c - 2717.69 94 204 151 2057 135634 1 62174062 177390 1.7 142 84 3 39 49% 9419 105738 7363 45%
c - 2720.64 98 213 151 2058 135642 1 62219417 183074 1.9 138 74 3 39 53% 9419 105738 7363 45%
c - 2723.33 94 221 151 2059 135664 1 62264783 191448 1.9 126 68 3 39 52% 9419 105738 7363 45%
c o 2724.14 95 220 151 2059 135666 1 62276004 202424 1.9 127 67 3 39 52% 9419 105738 7363 45%
c - 2725.58 99 231 151 2060 135678 1 62310160 193439 1.7 122 72 3 40 54% 9419 105738 7363 45%
c - 2727.63 100 217 151 2061 135696 1 62355547 193860 1.7 110 64 3 40 52% 9419 105738 7363 45%
c - 2730.40 99 226 151 2062 135698 1 62400945 194339 1.9 120 64 3 40 52% 9419 105738 7363 45%
c - 2732.61 99 226 151 2063 135699 1 62446355 196915 2.0 116 57 3 40 56% 9419 105738 7363 45%
c - 2734.75 100 232 151 2064 135711 1 62491777 202243 2.2 115 53 3 40 59% 9419 105738 7363 45%
c - 2737.34 90 241 151 2065 135729 1 62537208 208147 2.1 103 48 3 40 58% 9419 105738 7363 45%
c - 2739.89 96 245 151 2066 135745 1 62582650 207109 2.1 106 50 3 40 57% 9419 105738 7363 45%
c - 2742.50 99 244 151 2067 135761 1 62628103 205434 2.1 102 49 3 40 56% 9419 105738 7363 45%
c - 2745.67 99 240 151 2068 135765 1 62673567 200249 1.9 115 62 3 40 54% 9419 105738 7363 45%
c - 2749.15 92 239 151 2069 135787 1 62719042 197681 1.9 111 59 3 40 54% 9419 105738 7363 45%
c - 2751.71 100 244 151 2070 135800 1 62764531 195903 2.0 122 62 3 40 56% 9419 105738 7363 45%
c
c  seconds     switched         rate             size/glue   tier1     binary         remaining
c          MB      reductions      conflicts           size    tier2      irredundant
c            level        restarts         redundant       glue    trail         variables
c
c - 2753.76 98 236 151 2071 135822 1 62810028 190615 1.9 119 62 3 40 54% 9419 105738 7363 45%
c - 2756.42 100 230 151 2072 135825 1 62855538 187031 2.0 130 64 3 40 55% 9419 105738 7363 45%
c - 2758.80 102 224 151 2073 135826 1 62901059 178629 2.2 154 70 3 40 58% 9419 105738 7363 45%
c u 2761.24 107 220 151 2073 135826 1 62926040 193890 2.3 165 72 3 40 60% 9433 105738 7363 45%
c v 2761.42 108 220 151 2073 135826 1 62926040 191849 2.3 165 72 3 40 60% 9431 105738 7363 45%
c w 2763.87 136 220 151 2073 135826 1 62926040 191730 2.3 165 72 3 40 60% 9431 105738 7363 45%
c t 2763.90 136 220 151 2073 135826 1 62926040 191730 2.3 165 72 3 40 60% 9425 105738 7363 45%
c - 2764.79 102 220 151 2074 135827 1 62946590 166314 2.2 154 69 3 40 58% 9425 105738 7363 45%
c - 2766.89 106 209 151 2075 135827 1 62992132 173477 2.2 149 66 3 40 59% 9425 105738 7363 45%
c - 2769.78 102 200 151 2076 135827 1 63037684 167736 2.1 152 73 3 40 58% 9425 105738 7363 45%
c - 2772.41 71 202 151 2077 135839 1 63083248 164883 2.0 150 73 3 40 57% 9425 105738 7363 45%
c O 2774.34 89 208 151 2077 135857 1 63126587 207583 2.0 141 69 3 40 56% 9425 105738 7363 45%
c - 2774.40 89 208 151 2078 135857 1 63128822 172276 2.0 139 68 3 40 55% 9425 105738 7363 45%
c - 2775.78 91 184 151 2079 135873 1 63174409 181356 2.0 110 55 3 40 45% 9425 105738 7363 45%
c - 2777.49 93 171 151 2080 135889 1 63220006 191890 1.9 87 45 3 40 39% 9425 105738 7363 45%
c - 2779.32 91 184 151 2081 135893 1 63265614 200391 2.0 69 35 3 40 38% 9425 105738 7363 45%
c - 2780.70 95 184 151 2082 135915 1 63311232 203133 1.8 60 32 3 40 35% 9425 105738 7363 45%
c - 2782.36 93 188 151 2083 135928 1 63356861 200472 1.8 52 30 3 40 34% 9425 105738 7363 45%
c o 2783.06 92 189 151 2083 135943 1 63387567 229897 1.7 50 30 3 40 34% 9425 105738 7363 45%
c - 2783.52 95 199 151 2084 135950 1 63402501 195427 1.6 53 33 3 40 35% 9425 105738 7363 45%
c
c  seconds     switched         rate             size/glue  tier1     binary         remaining
c          MB      reductions      conflicts           size   tier2      irredundant
c            level        restarts         redundant      glue    trail         variables
c
c - 2786.15 98 215 151 2085 135953 1 63448151 171738 1.3 85 64 3 40 40% 9425 105738 7363 45%
c - 2788.91 67 220 151 2086 135954 1 63493812 145298 1.3 113 89 3 40 42% 9425 105738 7363 45%
c - 2790.71 82 224 151 2087 135961 1 63539484 148310 1.3 108 85 3 40 43% 9425 105738 7363 45%
c - 2792.30 85 227 151 2088 135983 1 63585170 168514 1.4 94 68 3 40 45% 9426 105738 7363 45%
c - 2794.48 90 226 151 2089 135999 1 63630864 172512 1.5 97 63 3 40 48% 9426 105738 7363 45%
c ] 2794.71 82 225 152 2089 136000 1 63636577 178173 1.5 97 63 3 40 48% 9426 105738 7363 45%
c { 2794.71 82 173 152 2089 136000 2 63636577 178173 2.4 21 9 3 10 26% 9426 105738 7363 45%
c - 2796.99 88 187 152 2090 136655 4 63676570 175839 1.9 31 16 3 10 31% 9427 105738 7363 45%
c - 2799.82 80 196 152 2091 137187 4 63722286 186832 1.8 36 19 3 10 35% 9428 105738 7363 45%
c - 2802.45 91 199 152 2092 137626 4 63768014 196935 1.8 38 21 3 10 37% 9431 105738 7363 45%
c i 2804.27 90 198 152 2092 137889 4 63802656 230427 1.8 38 21 3 10 37% 9434 105738 7351 45%
c i 2804.37 91 198 152 2092 137907 4 63804026 231725 1.8 38 21 3 10 37% 9434 105738 7340 45%
c u 2805.32 92 199 152 2092 137917 4 63804586 224672 1.8 38 21 3 10 37% 9462 105048 7339 45%
c v 2806.54 94 199 152 2092 137917 4 63804586 220627 1.8 38 21 3 10 37% 9461 105048 7339 45%
c w 2807.27 98 199 152 2092 137917 4 63804586 219697 1.8 38 21 3 10 37% 9461 105048 7339 45%
c t 2807.29 98 199 152 2092 137917 4 63804586 219694 1.8 38 21 3 10 37% 9444 105036 7339 45%
c u 2808.09 100 199 152 2092 137917 4 63804586 213695 1.8 38 21 3 10 37% 9444 105036 7339 45%
c v 2809.01 86 199 152 2092 137917 4 63804586 211967 1.8 38 21 3 10 37% 9445 105036 7339 45%
c w 2809.47 95 199 152 2092 137917 4 63804586 211509 1.8 38 21 3 10 37% 9445 105036 7339 45%
c t 2809.50 95 199 152 2092 137917 4 63804586 211509 1.8 38 21 3 10 37% 9443 105036 7339 45%
c
c  seconds     switched         rate             size/glue  tier1     binary         remaining
c          MB      reductions      conflicts           size   tier2      irredundant
c            level        restarts         redundant      glue    trail         variables
c
c i 2809.50 95 199 152 2092 137917 4 63804586 211509 1.8 38 21 3 10 37% 9443 105036 7339 45%
c - 2810.10 79 201 152 2093 138041 4 63813753 186986 1.8 40 22 3 10 38% 9396 105036 7339 45%
c - 2813.08 90 208 152 2094 138471 4 63859502 197094 1.8 41 23 3 10 41% 9399 105036 7339 45%
c i 2814.40 89 207 152 2094 138634 4 63882102 217876 1.8 40 22 3 10 41% 9401 105035 7338 45%
c - 2815.97 83 210 152 2095 138869 4 63905262 201087 1.8 42 23 3 10 43% 9399 105035 7338 45%
c - 2817.61 90 216 152 2096 138869 3 63951034 208742 1.9 34 18 3 10 51% 9399 105035 7338 45%
c - 2819.96 91 216 152 2097 139192 3 63996817 212288 1.9 36 19 3 10 50% 9399 105035 7338 45%
c - 2822.96 83 209 152 2098 139645 3 64042610 212107 1.8 39 21 3 10 46% 9400 105035 7338 45%
c - 2825.31 92 211 152 2099 140036 3 64088413 209697 1.8 40 22 3 10 46% 9400 105035 7338 45%
c - 2828.97 91 210 152 2100 140691 4 64134227 207146 1.8 47 27 3 10 45% 9405 105035 7338 45%
c - 2831.53 93 202 152 2101 140973 4 64180053 209480 1.8 43 24 3 10 41% 9407 105035 7338 45%
c - 2834.82 90 207 152 2102 141573 4 64225889 212852 1.7 49 28 3 10 43% 9409 105035 7338 45%
c i 2834.91 90 208 152 2102 141590 4 64228458 215319 1.7 48 28 3 10 43% 9409 105035 7325 45%
c i 2835.30 89 206 152 2102 141633 4 64237281 223385 1.7 47 27 3 10 42% 9416 105035 7305 44%
c - 2837.43 90 208 152 2103 142006 4 64271736 209916 1.7 49 28 3 10 43% 9373 104307 7305 44%
c - 2839.63 90 211 152 2104 142250 4 64317595 217003 1.8 45 25 3 10 42% 9373 104307 7305 44%
c i 2840.04 88 211 152 2104 142350 4 64323708 223018 1.8 46 26 3 10 43% 9374 104307 7286 44%
c i 2841.50 92 210 152 2104 142703 4 64346625 245544 1.7 50 29 3 10 43% 9378 104307 7258 44%
c - 2842.63 88 212 152 2105 142889 4 64363465 215284 1.7 50 29 3 10 43% 9248 104307 7258 44%
c - 2845.45 89 217 152 2106 143349 4 64409345 212719 1.7 50 29 3 10 46% 9251 104307 7258 44%
c
c  seconds     switched         rate             size/glue  tier1     binary         remaining
c          MB      reductions      conflicts           size   tier2      irredundant
c            level        restarts         redundant      glue    trail         variables
c
c - 2848.48 93 219 152 2107 143850 4 64455236 217017 1.7 52 30 3 10 46% 9253 104307 7258 44%
c i 2850.03 92 219 152 2107 144066 4 64473593 235034 1.7 54 31 3 10 47% 9253 104307 7254 44%
c s 2850.06 92 220 152 2107 144066 4 64474065 235469 1.7 54 31 3 10 47% 9255 103102 7254 44%
c e 2850.08 75 220 152 2107 144066 4 64474065 235469 1.7 54 31 3 10 47% 9106 103884 7184 44%
c s 2850.09 75 220 152 2107 144066 4 64474065 235469 1.7 54 31 3 10 47% 9106 103573 7184 44%
c e 2850.11 75 220 152 2107 144066 4 64474065 235469 1.7 54 31 3 10 47% 9096 103632 7179 44%
c - 2852.16 90 220 152 2108 144418 4 64501139 213049 1.7 56 32 3 10 47% 9091 103632 7179 44%
c o 2852.55 89 220 152 2108 144480 4 64507700 219435 1.7 56 32 3 10 47% 9091 103632 7179 44%
c - 2854.80 84 219 152 2109 144738 4 64547051 217503 1.7 51 29 3 10 45% 9091 103632 7179 44%
c - 2856.26 90 197 152 2110 144738 3 64592974 227160 1.8 39 22 3 10 38% 9091 103632 7179 44%
c - 2859.00 91 176 152 2111 144738 2 64638908 230018 1.9 32 17 3 10 32% 9091 103632 7179 44%
c i 2861.29 92 161 152 2111 144738 2 64674497 261425 2.0 28 14 3 10 28% 9103 103632 7178 44%
c i 2861.30 93 161 152 2111 144738 2 64674650 261538 2.0 28 14 3 10 28% 9108 103632 7177 44%
c - 2861.99 91 166 152 2112 144925 2 64684854 224045 1.9 31 16 3 10 30% 9088 103632 7177 44%
c u 2863.42 96 169 152 2112 144987 2 64689686 225069 1.9 32 17 3 10 30% 9101 103580 7177 44%
c v 2864.52 85 169 152 2112 144987 2 64689686 221669 1.9 32 17 3 10 30% 9102 103580 7177 44%
c w 2864.90 86 169 152 2112 144987 2 64689686 220954 1.9 32 17 3 10 30% 9102 103580 7177 44%
c x 2865.37 86 169 152 2112 144987 2 64689686 220889 1.9 32 17 3 10 30% 9125 103033 7167 44%
c t 2865.40 86 169 152 2112 144987 2 64689686 220810 1.9 32 17 3 10 30% 9126 102968 7167 44%
c u 2866.81 94 169 152 2112 144987 2 64689686 212397 1.9 32 17 3 10 30% 9126 102968 7167 44%
c
c  seconds     switched         rate             size/glue  tier1     binary         remaining
c          MB      reductions      conflicts           size   tier2      irredundant
c            level        restarts         redundant      glue    trail         variables
c
c v 2868.29 98 169 152 2112 144987 2 64689686 210322 1.9 32 17 3 10 30% 9126 102968 7167 44%
c w 2868.86 98 169 152 2112 144987 2 64689686 209903 1.9 32 17 3 10 30% 9126 102968 7167 44%
c i 2868.88 98 169 152 2112 144987 2 64689686 209903 1.9 32 17 3 10 30% 9126 102968 7167 44%
c } 2868.89 81 169 153 2112 144989 2 64689800 210016 1.9 32 17 3 10 30% 9126 102968 7167 44%
c [ 2868.89 81 225 153 2112 144989 1 64689800 210016 1.5 97 63 3 40 48% 9126 102968 7167 44%
c B 2868.89 81 225 153 2112 144989 1 64689800 210016 1.5 97 63 3 40 48% 9126 102968 7167 44%
c - 2870.86 94 232 153 2113 145009 1 64730811 202336 1.6 98 60 3 40 50% 9072 102968 7167 44%
c - 2873.29 96 240 153 2114 145023 1 64776779 189724 1.6 103 63 3 40 52% 9072 102968 7167 44%
c - 2875.47 94 241 153 2115 145046 1 64822757 188176 1.7 101 59 3 40 54% 9072 102968 7167 44%
c - 2877.40 92 225 153 2116 145051 1 64868747 188937 1.7 98 58 3 40 53% 9072 102968 7167 44%
c - 2879.45 95 221 153 2117 145066 1 64914747 182438 1.7 112 64 3 41 54% 9072 102968 7167 44%
c - 2881.81 89 218 153 2118 145082 1 64960757 176465 1.7 116 69 3 41 53% 9073 102968 7167 44%
c - 2883.77 97 218 153 2119 145100 1 65006778 184572 1.7 107 62 3 41 53% 9073 102968 7167 44%
c - 2885.70 96 229 153 2120 145114 1 65052811 197838 1.8 94 53 3 41 53% 9073 102968 7167 44%
c - 2887.68 95 233 153 2121 145115 1 65098855 191446 1.8 105 58 3 41 54% 9073 102968 7167 44%
c - 2890.43 96 235 153 2122 145115 1 65144911 199624 1.8 82 45 3 41 49% 9073 102968 7167 44%
c - 2893.37 92 238 153 2123 145136 1 65190976 209952 1.9 84 45 3 41 51% 9073 102968 7167 44%
c - 2897.45 100 234 153 2124 145149 1 65237052 202884 1.9 95 50 3 41 53% 9073 102968 7167 44%
c - 2900.13 97 235 153 2125 145172 1 65283138 202608 1.9 89 47 3 41 51% 9073 102968 7167 44%
c - 2902.86 99 240 153 2126 145178 1 65329236 199277 1.9 99 53 3 41 50% 9073 102968 7167 44%
c
c  seconds     switched         rate             size/glue  tier1     binary         remaining
c          MB      reductions      conflicts           size   tier2      irredundant
c            level        restarts         redundant      glue    trail         variables
c
c - 2905.47 95 234 153 2127 145193 1 65375344 199794 1.8 88 48 3 41 48% 9074 102968 7167 44%
c - 2907.96 97 231 153 2128 145209 1 65421464 204907 1.9 90 48 3 41 49% 9074 102968 7167 44%
c - 2910.42 99 226 153 2129 145227 1 65467595 202834 1.9 89 47 3 41 50% 9075 102968 7167 44%
c - 2912.90 91 227 153 2130 145241 1 65513737 199696 1.9 92 49 3 41 48% 9075 102968 7167 44%
c - 2915.03 99 223 153 2131 145242 1 65559888 197485 1.9 92 47 3 41 48% 9075 102968 7167 44%
c u 2917.39 97 219 153 2131 145242 1 65581232 203294 1.9 97 50 3 41 48% 9083 102968 7166 44%
c v 2918.67 99 219 153 2131 145242 1 65581232 202161 1.9 97 50 3 41 48% 9083 102968 7166 44%
c w 2919.28 104 219 153 2131 145242 1 65581232 201315 1.9 97 50 3 41 48% 9083 102968 7166 44%
c t 2919.30 104 219 153 2131 145242 1 65581232 201312 1.9 97 50 3 41 48% 9081 102966 7166 44%
c u 2920.39 91 219 153 2131 145242 1 65581232 196796 1.9 97 50 3 41 48% 9087 102966 7166 44%
c v 2921.74 97 219 153 2131 145242 1 65581232 193866 1.9 97 50 3 41 48% 9084 102966 7166 44%
c w 2922.34 100 219 153 2131 145242 1 65581232 193527 1.9 97 50 3 41 48% 9084 102966 7166 44%
c i 2922.38 100 219 153 2131 145242 1 65581232 193527 1.9 97 50 3 41 48% 9084 102966 7166 44%
c - 2923.54 94 226 153 2132 145242 1 65606050 168586 1.8 104 56 3 41 49% 9069 102966 7166 44%
c - 2925.75 95 217 153 2133 145243 1 65652224 180184 1.8 83 45 3 41 45% 9069 102966 7166 44%
c - 2928.55 95 210 153 2134 145243 1 65698409 187806 1.8 82 46 3 41 43% 9069 102966 7166 44%
c - 2931.60 98 207 153 2135 145244 1 65744605 180356 1.6 92 56 3 41 43% 9069 102966 7166 44%
c o 2931.61 86 207 153 2135 145245 1 65744662 180412 1.6 92 56 3 41 43% 9069 102966 7166 44%
c - 2933.91 94 219 153 2136 145267 1 65790811 175806 1.7 92 53 3 41 47% 9069 102966 7166 44%
c ] 2934.56 91 226 154 2136 145273 1 65801860 186669 1.7 92 53 3 41 48% 9069 102966 7166 44%
c
c  seconds     switched         rate             size/glue  tier1     binary         remaining
c          MB      reductions      conflicts           size   tier2      irredundant
c            level        restarts         redundant      glue    trail         variables
c
c { 2934.56 91 169 154 2136 145273 2 65801860 186669 1.9 32 17 3 10 30% 9069 102966 7166 44%
c - 2936.43 96 186 154 2137 145778 3 65837028 179812 1.8 39 22 3 10 34% 9070 102966 7166 44%
c - 2937.74 96 181 154 2138 145789 3 65883255 193044 1.9 32 17 3 10 32% 9070 102966 7166 44%
c - 2939.73 93 163 154 2139 145789 2 65929493 202555 2.0 27 14 3 10 27% 9070 102966 7166 44%
c - 2942.49 95 164 154 2140 145995 2 65975742 207736 2.0 28 14 3 10 28% 9070 102966 7166 44%
c - 2944.87 96 199 154 2141 146357 3 66022002 204778 1.9 33 18 3 10 36% 9070 102966 7166 44%
c - 2947.11 92 218 154 2142 146782 3 66068274 198573 1.8 38 21 3 10 41% 9071 102966 7166 44%
c - 2949.66 91 230 154 2143 147031 3 66114555 201622 1.8 39 21 3 10 45% 9072 102966 7166 44%
c - 2952.29 94 226 154 2144 147450 3 66160847 204671 1.8 41 23 3 10 43% 9072 102966 7166 44%
c - 2954.98 98 227 154 2145 148080 4 66207152 198656 1.7 50 29 3 10 42% 9072 102966 7166 44%
c - 2957.90 96 235 154 2146 148545 4 66253466 197698 1.7 52 30 3 10 44% 9072 102966 7166 44%
c - 2960.88 99 238 154 2147 149113 4 66299790 200963 1.7 57 34 3 10 45% 9072 102966 7166 44%
c - 2964.07 99 239 154 2148 149540 4 66346126 201585 1.7 61 35 3 10 46% 9073 102966 7166 44%
c - 2966.42 99 244 154 2149 149554 3 66392473 211261 1.7 48 28 3 10 41% 9074 102966 7166 44%
c - 2969.79 96 238 154 2150 149820 3 66438830 215181 1.7 47 28 3 10 39% 9074 102966 7166 44%
c u 2973.36 103 241 154 2150 150326 4 66479379 251760 1.7 53 31 3 10 42% 9074 102966 7166 44%
c v 2974.85 105 241 154 2150 150326 4 66479379 250833 1.7 53 31 3 10 42% 9074 102966 7166 44%
c w 2975.68 111 241 154 2150 150326 4 66479379 248616 1.7 53 31 3 10 42% 9074 102966 7166 44%
c t 2975.71 111 241 154 2150 150326 4 66479379 248616 1.7 53 31 3 10 42% 9071 102966 7166 44%
c - 2976.12 94 240 154 2151 150396 4 66485198 211444 1.7 54 32 3 10 42% 9071 102966 7166 44%
c
c  seconds     switched         rate             size/glue  tier1     binary         remaining
c          MB      reductions      conflicts           size   tier2      irredundant
c            level        restarts         redundant      glue    trail         variables
c
c - 2978.56 98 223 154 2152 150680 4 66531577 207396 1.7 51 30 3 10 40% 9072 102966 7166 44%
c - 2981.57 92 186 154 2153 150685 3 66577967 216218 1.7 39 22 3 10 32% 9072 102966 7166 44%
c - 2983.95 93 161 154 2154 150691 2 66624368 220256 1.8 31 17 3 10 26% 9072 102966 7166 44%
c - 2987.67 100 161 154 2155 150956 2 66670779 224057 1.8 33 18 3 10 27% 9073 102966 7166 44%
c - 2990.81 97 142 154 2156 151088 2 66717200 226043 1.8 31 17 3 10 24% 9073 102966 7166 44%
c - 2993.67 95 141 154 2157 151249 2 66763634 230157 1.8 30 16 3 10 23% 9073 102966 7166 44%
c - 2997.26 98 189 154 2158 151495 2 66810077 231413 1.9 32 17 3 10 34% 9073 102966 7166 44%
c - 3000.49 98 216 154 2159 151669 2 66856532 231178 1.9 33 17 3 10 40% 9073 102966 7166 44%
c } 3002.31 100 219 155 2159 151837 3 66880225 253819 1.9 33 18 3 10 40% 9073 102966 7166 44%
c [ 3002.31 100 226 155 2159 151837 1 66880225 253819 1.7 92 53 3 41 48% 9073 102966 7166 44%
c W 3002.69 78 226 155 2159 151837 1 66880225 253819 1.7 92 53 3 41 48% 9073 102966 7166 44%
c o 3003.23 100 227 155 2159 151841 1 66885370 258829 1.8 92 53 3 41 48% 9073 102966 7166 44%
c - 3004.00 99 232 155 2160 151850 1 66902997 226170 1.7 95 57 3 41 49% 9073 102966 7166 44%
c - 3006.23 97 223 155 2161 151867 1 66949472 208270 1.6 95 59 3 41 49% 9073 102966 7166 44%
c - 3008.69 97 224 155 2162 151883 1 66995958 195781 1.7 103 62 3 41 51% 9073 102966 7166 44%
c - 3011.29 98 230 155 2163 151898 1 67042456 191872 1.7 112 66 3 41 52% 9073 102966 7166 44%
c s 3012.64 89 237 155 2163 151899 1 67071158 220352 1.8 125 69 3 41 55% 9074 102798 7166 44%
c e 3012.66 82 237 155 2163 151899 1 67071158 220352 1.8 125 69 3 41 55% 8960 103261 7130 43%
c s 3012.67 82 237 155 2163 151899 1 67071158 220352 1.8 125 69 3 41 55% 8960 103193 7130 43%
c - 3013.86 100 233 155 2164 151906 1 67088964 179204 1.8 125 70 3 41 54% 8960 103193 7130 43%
c
c  seconds     switched         rate             size/glue   tier1     binary         remaining
c          MB      reductions      conflicts           size    tier2      irredundant
c            level        restarts         redundant       glue    trail         variables
c
c - 3016.32 99 230 155 2165 151929 1 67135482 176215 1.8 129 74 3 41 56% 8960 103193 7130 43%
c - 3018.98 98 224 155 2166 151944 1 67182012 175403 1.7 133 77 3 41 56% 8960 103193 7130 43%
c - 3021.09 99 228 155 2167 151961 1 67228552 179878 1.8 128 72 3 41 56% 8960 103193 7130 43%
c - 3023.91 99 227 155 2168 151963 1 67275103 191345 1.8 107 60 3 41 57% 8960 103193 7130 43%
c - 3026.94 98 239 155 2169 151963 1 67321664 189785 2.0 129 65 3 41 58% 8960 103193 7130 43%
c - 3029.72 100 238 155 2170 151978 1 67368237 181057 2.0 129 64 3 41 57% 8960 103193 7130 43%
c u 3031.27 101 238 155 2170 151985 1 67384128 193353 2.0 127 65 3 41 57% 8960 103193 7130 43%
c v 3032.18 102 238 155 2170 151985 1 67384128 191669 2.0 127 65 3 41 57% 8960 103193 7130 43%
c w 3032.78 109 238 155 2170 151985 1 67384128 191462 2.0 127 65 3 41 57% 8960 103193 7130 43%
c x 3033.23 96 238 155 2170 151985 1 67384128 191423 2.0 127 65 3 41 57% 8962 103049 7129 43%
c = 3039.16 99 238 155 2170 151985 1 67384128 191423 2.0 127 65 3 41 57% 8962 103036 7118 43%
c u 3040.36 106 238 155 2170 151985 1 67384128 187208 2.0 127 65 3 41 57% 8972 102764 7118 43%
c v 3041.63 108 238 155 2170 151985 1 67384128 181983 2.0 127 65 3 41 57% 8972 102764 7118 43%
c w 3042.36 114 238 155 2170 151985 1 67384128 181265 2.0 127 65 3 41 57% 8972 102764 7118 43%
c i 3042.39 114 238 155 2170 151985 1 67384128 181265 2.0 127 65 3 41 57% 8972 102764 7118 43%
c - 3043.91 105 234 155 2171 151994 1 67414821 170983 1.9 125 64 3 41 56% 8935 102764 7118 43%
c - 3046.08 104 233 155 2172 152014 1 67461415 172752 2.0 121 62 3 41 57% 8935 102764 7118 43%
c - 3048.15 105 230 155 2173 152026 1 67508020 173208 2.0 126 62 3 41 57% 8935 102764 7118 43%
c - 3050.64 106 232 155 2174 152037 1 67554635 167326 2.0 137 67 3 41 58% 8935 102764 7118 43%
c - 3053.23 99 244 155 2175 152056 1 67601262 167299 2.0 129 65 3 41 57% 8935 102764 7118 43%
c
c  seconds      switched         rate             size/glue   tier1     binary         remaining
c           MB      reductions      conflicts           size    tier2      irredundant
c             level        restarts         redundant       glue    trail         variables
c
c - 3055.66 104 258 155 2176 152072 1 67647898 170722 2.0 130 65 3 41 61% 8935 102764 7118 43%
c - 3059.19 100 256 155 2177 152088 1 67694546 170459 2.0 132 67 3 41 61% 8935 102764 7118 43%
c - 3062.57 74 256 155 2178 152090 1 67741204 162123 1.9 153 82 3 41 59% 8935 102764 7118 43%
c - 3066.25 71 246 155 2179 152090 1 67787873 154485 1.7 150 88 3 41 55% 8935 102764 7118 43%
c - 3068.90 69 235 155 2180 152091 1 67834552 159945 1.8 149 81 3 41 58% 8935 102764 7118 43%
c - 3071.49 102 227 155 2181 152091 1 67881243 164199 2.0 158 79 3 41 61% 8935 102764 7118 43%
c - 3074.40 105 221 155 2182 152091 1 67927944 159006 2.1 167 80 3 41 62% 8935 102764 7118 43%
c - 3076.14 108 215 155 2183 152113 1 67974655 164679 2.0 137 69 3 41 58% 8935 102764 7118 43%
c - 3079.20 108 208 155 2184 152128 1 68021377 165723 1.8 129 72 3 41 54% 8935 102764 7118 43%
c I 3080.03 105 211 155 2184 152136 1 68038175 182304 1.8 126 70 3 41 54% 8935 102764 7118 43%
c o 3080.04 105 211 155 2184 152136 1 68038175 182304 1.8 126 70 3 41 54% 8935 102764 7118 43%
c - 3081.28 110 237 155 2185 152151 1 68068111 167623 1.9 121 65 3 41 56% 8935 102764 7118 43%
c - 3083.69 106 245 155 2186 152154 1 68114856 166532 1.9 138 71 3 41 58% 8935 102764 7118 43%
c - 3085.94 74 246 155 2187 152169 1 68161611 161463 2.0 139 71 3 41 59% 8935 102764 7118 43%
c - 3088.40 98 246 155 2188 152185 1 68208376 162056 2.0 143 71 3 41 60% 8935 102764 7118 43%
c - 3090.90 100 247 155 2189 152207 2 68255153 162639 2.0 144 72 3 41 60% 8935 102764 7118 43%
c u 3094.21 97 253 155 2189 152217 1 68295485 193556 2.0 148 75 3 41 61% 8938 102764 7116 43%
c v 3094.64 99 253 155 2189 152217 1 68295485 188565 2.0 148 75 3 41 61% 8938 102764 7116 43%
c w 3096.88 118 253 155 2189 152217 1 68295485 188365 2.0 148 75 3 41 61% 8938 102764 7116 43%
c u 3097.89 120 253 155 2189 152217 1 68295485 182976 2.0 148 75 3 41 61% 8938 102754 7116 43%
c
c  seconds      switched         rate             size/glue   tier1     binary         remaining
c           MB      reductions      conflicts           size    tier2      irredundant
c             level        restarts         redundant       glue    trail         variables
c
c v 3098.22 120 253 155 2189 152217 1 68295485 180908 2.0 148 75 3 41 61% 8938 102754 7116 43%
c w 3100.53 123 253 155 2189 152217 1 68295485 180782 2.0 148 75 3 41 61% 8938 102754 7116 43%
c i 3100.56 123 253 155 2189 152217 1 68295485 180782 2.0 148 75 3 41 61% 8938 102754 7116 43%
c - 3101.00 66 254 155 2190 152217 1 68301939 142560 2.0 149 75 3 41 61% 8929 102754 7116 43%
c - 3104.17 70 246 155 2191 152218 1 68348738 137534 2.1 166 80 3 41 61% 8929 102754 7116 43%
c ] 3106.23 93 234 156 2191 152218 1 68383334 171789 2.1 168 81 3 41 62% 8929 102754 7116 43%
c { 3106.23 93 219 156 2191 152218 3 68383334 171789 1.9 33 18 3 10 40% 8929 102754 7116 43%
c - 3107.10 73 226 156 2192 152397 3 68395546 139159 1.8 36 20 3 10 41% 8929 102754 7116 43%
c - 3109.81 82 243 156 2193 152968 4 68442366 158003 1.8 44 24 3 10 45% 8929 102754 7116 43%
c - 3113.10 87 258 156 2194 153604 5 68489196 173769 1.8 52 29 3 10 48% 8929 102754 7116 43%
c - 3116.26 88 259 156 2195 154063 5 68536036 182686 1.8 53 30 3 10 49% 8929 102754 7116 43%
c - 3119.38 83 267 156 2196 154490 5 68582886 191017 1.8 54 30 3 10 52% 8929 102754 7116 43%
c - 3121.11 88 205 156 2197 154539 4 68629747 200439 1.8 42 23 3 10 40% 8929 102754 7116 43%
c - 3123.35 86 157 156 2198 154539 3 68676619 206015 1.9 34 18 3 10 31% 8929 102754 7116 43%
c - 3126.29 88 192 156 2199 155169 4 68723502 204782 1.8 44 24 3 10 37% 8929 102754 7116 43%
c - 3129.31 86 211 156 2200 155610 4 68770395 197809 1.8 48 26 3 10 40% 8929 102754 7116 43%
c - 3132.72 92 227 156 2201 156201 5 68817300 198889 1.8 56 31 3 10 44% 8930 102754 7116 43%
c - 3134.33 86 222 156 2202 156228 4 68864214 207183 1.9 42 23 3 10 40% 8930 102754 7116 43%
c - 3136.56 82 209 156 2203 156232 3 68911139 214562 1.9 34 18 3 10 35% 8930 102754 7116 43%
c - 3139.03 90 152 156 2204 156260 2 68958075 216803 1.9 28 15 3 10 25% 8930 102754 7116 43%
c
c  seconds     switched         rate             size/glue  tier1     binary         remaining
c          MB      reductions      conflicts           size   tier2      irredundant
c            level        restarts         redundant      glue    trail         variables
c
c - 3141.96 93 196 156 2205 156926 4 69005021 207906 1.8 40 22 3 10 35% 8930 102754 7116 43%
c - 3145.16 90 224 156 2206 157479 4 69051978 204387 1.8 47 26 3 10 41% 8930 102754 7116 43%
c - 3148.85 90 245 156 2207 158104 5 69098946 206558 1.8 56 31 3 10 46% 8931 102753 7116 43%
c - 3152.90 93 256 156 2208 158730 5 69145925 207181 1.8 62 35 3 10 49% 8932 102753 7116 43%
c - 3154.76 90 242 156 2209 158773 4 69192915 219601 1.9 48 26 3 10 45% 8932 102753 7116 43%
c o 3154.95 91 245 156 2209 158774 4 69198358 224519 1.9 46 25 3 10 45% 8932 102753 7116 43%
c u 3156.96 93 240 156 2209 158849 4 69213442 234519 1.9 45 24 3 10 44% 8932 102753 7116 43%
c v 3158.38 96 240 156 2209 158849 4 69213442 233491 1.9 45 24 3 10 44% 8932 102753 7116 43%
c w 3158.92 98 240 156 2209 158849 4 69213442 233064 1.9 45 24 3 10 44% 8932 102753 7116 43%
c - 3160.89 93 247 156 2210 159083 4 69239916 222367 1.9 46 25 3 10 46% 8932 102753 7116 43%
c - 3164.43 92 242 156 2211 159570 4 69286927 219929 1.8 51 28 3 10 45% 8932 102753 7116 43%
c - 3168.28 95 253 156 2212 160185 5 69333949 215470 1.8 60 33 3 10 49% 8932 102753 7116 43%
c - 3172.18 89 261 156 2213 160748 5 69380981 214586 1.8 65 36 3 10 52% 8932 102753 7116 43%
c - 3175.45 94 265 156 2214 161101 5 69428025 221523 1.8 62 34 3 10 53% 8932 102753 7116 43%
c - 3179.15 94 264 156 2215 161603 5 69475080 226282 1.8 64 35 3 10 55% 8932 102753 7116 43%
c } 3180.16 93 265 157 2215 161732 5 69487085 238096 1.8 65 36 3 10 55% 8932 102753 7116 43%
c [ 3180.16 93 234 157 2215 161732 1 69487085 238096 2.1 168 81 3 41 62% 8932 102753 7116 43%
c B 3180.16 93 234 157 2215 161732 1 69487085 238096 2.1 168 81 3 41 62% 8932 102753 7116 43%
c - 3181.69 101 226 157 2216 161749 1 69522144 214490 1.9 153 79 3 41 58% 8932 102753 7116 43%
c - 3183.93 101 218 157 2217 161763 1 69569219 193479 1.8 146 81 3 41 54% 8932 102753 7116 43%
c
c  seconds     switched         rate             size/glue   tier1     binary         remaining
c          MB      reductions      conflicts           size    tier2      irredundant
c            level        restarts         redundant       glue    trail         variables
c
c - 3185.96 75 216 157 2218 161786 1 69616304 178891 1.6 134 82 3 41 52% 8932 102753 7116 43%
c - 3188.49 70 209 157 2219 161794 1 69663399 172674 1.5 136 90 3 42 51% 8932 102753 7116 43%
c - 3191.25 72 205 157 2220 161809 1 69710505 168956 1.4 139 97 3 42 50% 8932 102753 7116 43%
c s 3192.05 73 205 157 2220 161816 1 69728373 186640 1.4 136 97 3 42 49% 8932 102657 7116 43%
c e 3192.07 67 205 157 2220 161816 1 69728373 186640 1.4 136 97 3 42 49% 8880 103055 7089 43%
c s 3192.08 67 205 157 2220 161816 1 69728373 186640 1.4 136 97 3 42 49% 8880 102982 7089 43%
c e 3192.09 67 205 157 2220 161816 1 69728373 186640 1.4 136 97 3 42 49% 8876 103044 7085 43%
c - 3193.57 70 203 157 2221 161825 1 69757621 169201 1.4 136 97 3 42 49% 8876 103044 7085 43%
c - 3197.09 72 204 157 2222 161845 1 69804749 169342 1.4 143 104 3 42 49% 8876 103044 7085 43%
c - 3200.44 74 202 157 2223 161857 1 69851887 166649 1.3 150 113 3 42 48% 8876 103044 7085 43%
c - 3204.03 69 197 157 2224 161858 1 69899035 162000 1.3 155 118 3 42 46% 8876 103044 7085 43%
c - 3208.07 72 194 157 2225 161858 1 69946195 156802 1.3 159 123 3 43 44% 8876 103044 7085 43%
c - 3210.85 68 195 157 2226 161881 1 69993364 158870 1.3 153 118 3 43 45% 8876 103044 7085 43%
c - 3213.60 72 197 157 2227 161896 1 70040544 162524 1.3 151 114 3 43 46% 8876 103044 7085 43%
c - 3216.99 73 200 157 2228 161919 1 70087735 161812 1.3 151 116 3 43 46% 8876 103044 7085 43%
c - 3221.43 67 198 157 2229 161921 1 70134937 158517 1.3 161 125 3 44 47% 8876 103044 7085 43%
c u 3222.70 68 197 157 2229 161921 1 70138052 145744 1.3 161 125 3 44 47% 8878 103044 7085 43%
c v 3222.75 69 197 157 2229 161921 1 70138052 144352 1.3 161 125 3 44 47% 8878 103044 7085 43%
c w 3223.38 76 197 157 2229 161921 1 70138052 139684 1.3 161 125 3 44 47% 8878 103044 7085 43%
c f 3230.79 56 197 157 2229 161921 1 70138052 139684 1.3 161 125 3 44 47% 8878 103027 7086 43%
c
c  seconds     switched         rate             size/glue    tier1     binary         remaining
c          MB      reductions      conflicts           size     tier2      irredundant
c            level        restarts         redundant       glue     trail         variables
c
c u 3231.55 64 197 157 2229 161921 1 70138052 136575 1.3 161 125 3 44 47% 8879 103027 7086 43%
c v 3231.59 68 197 157 2229 161921 1 70138052 136177 1.3 161 125 3 44 47% 8879 103027 7086 43%
c w 3232.09 74 197 157 2229 161921 1 70138052 132197 1.3 161 125 3 44 47% 8879 103027 7086 43%
c x 3232.45 67 197 157 2229 161921 1 70138052 132158 1.3 161 125 3 44 47% 8881 102719 7086 43%
c t 3232.46 67 197 157 2229 161921 1 70138052 132158 1.3 161 125 3 44 47% 8880 102719 7086 43%
c - 3235.53 73 199 157 2230 161940 1 70182149 133266 1.3 156 121 3 44 47% 8880 102719 7086 43%
c - 3238.23 68 200 157 2231 161955 1 70229371 137021 1.3 153 121 3 44 47% 8880 102719 7086 43%
c - 3240.55 71 202 157 2232 161978 1 70276604 138872 1.3 146 114 3 44 46% 8880 102719 7086 43%
c - 3244.46 67 202 157 2233 161984 1 70323849 138610 1.3 151 120 3 44 46% 8880 102719 7086 43%
c - 3249.04 69 200 157 2234 161985 1 70371103 131795 1.3 163 128 3 45 46% 8880 102719 7086 43%
c - 3253.15 71 199 157 2235 161986 1 70418369 128761 1.3 164 128 3 45 46% 8880 102719 7086 43%
c - 3257.35 67 196 157 2236 161986 1 70465646 128240 1.3 167 129 3 45 47% 8880 102719 7086 43%
c - 3260.76 70 195 157 2237 161986 1 70512932 127799 1.4 168 124 3 45 49% 8880 102719 7086 43%
c o 3261.95 79 202 157 2237 161991 1 70544335 158779 1.5 155 103 3 45 53% 8880 102719 7086 43%
c - 3262.64 79 193 157 2238 162000 1 70560229 150536 1.5 137 90 3 45 49% 8880 102719 7086 43%
c - 3264.29 82 125 157 2239 162017 1 70607537 172349 1.5 91 60 3 45 32% 8880 102719 7086 43%
c - 3266.26 86 83 157 2240 162033 1 70654856 178966 1.5 63 41 3 45 21% 8880 102719 7086 43%
c W 3267.35 68 70 157 2240 162046 1 70675026 193381 1.6 55 35 3 45 18% 8880 102719 7086 43%
c - 3268.45 86 109 157 2241 162048 1 70702184 175549 1.7 70 41 3 45 24% 8880 102719 7086 43%
c - 3270.98 100 155 157 2242 162057 1 70749525 158690 1.8 99 56 3 45 33% 8880 102719 7086 43%
c
c  seconds     switched         rate             size/glue   tier1     binary         remaining
c          MB      reductions      conflicts           size    tier2      irredundant
c            level        restarts         redundant       glue    trail         variables
c
c - 3273.00 70 187 157 2243 162079 1 70796875 141845 1.8 111 63 3 45 38% 8880 102719 7086 43%
c - 3275.10 73 204 157 2244 162095 1 70844235 139849 1.8 116 66 3 45 41% 8880 102719 7086 43%
c - 3276.89 92 212 157 2245 162111 1 70891606 141564 1.8 112 62 3 45 45% 8880 102719 7086 43%
c ] 3278.00 88 219 158 2245 162112 1 70922694 172111 1.9 111 58 3 45 49% 8880 102719 7086 43%
c { 3278.00 88 265 158 2245 162112 5 70922694 172111 1.8 65 36 3 10 55% 8880 102719 7086 43%
c - 3278.76 93 265 158 2246 162210 5 70938988 146358 1.8 63 35 3 10 54% 8880 102719 7086 43%
c - 3280.92 91 256 158 2247 162362 4 70986380 157918 1.8 52 29 3 10 50% 8880 102719 7086 43%
c - 3282.56 89 227 158 2248 162432 3 71033782 173045 1.9 48 26 3 10 45% 8880 102719 7086 43%
c u 3284.83 91 226 158 2248 162564 3 71069284 201381 1.9 43 23 3 10 43% 8883 102719 7086 43%
c v 3286.09 96 226 158 2248 162564 3 71069284 200335 1.9 43 23 3 10 43% 8883 102719 7086 43%
c w 3286.58 98 226 158 2248 162564 3 71069284 199860 1.9 43 23 3 10 43% 8883 102719 7086 43%
c t 3286.61 98 226 158 2248 162564 3 71069284 199860 1.9 43 23 3 10 43% 8882 102719 7086 43%
c - 3287.19 94 224 158 2249 162565 3 71081196 174086 1.9 40 21 3 10 42% 8882 102719 7086 43%
c - 3289.70 92 218 158 2250 162740 3 71128619 174086 1.8 35 19 3 10 41% 8883 102719 7086 43%
c - 3291.90 85 213 158 2251 163305 3 71176053 175679 1.8 41 23 3 10 39% 8886 102719 7086 43%
c - 3294.77 95 219 158 2252 163848 4 71223497 169174 1.8 45 26 3 10 41% 8887 102719 7086 43%
c - 3296.81 88 164 158 2253 163861 3 71270952 175516 1.8 35 20 3 10 29% 8888 102719 7086 43%
c - 3299.65 92 154 158 2254 164026 3 71318418 183357 1.8 32 18 3 10 27% 8888 102719 7086 43%
c - 3301.75 95 183 158 2255 164434 3 71365895 187450 1.8 35 20 3 10 34% 8888 102719 7086 43%
c - 3304.08 89 168 158 2256 164628 3 71413381 186954 1.8 33 18 3 10 32% 8888 102719 7086 43%
c
c  seconds     switched         rate             size/glue  tier1     binary         remaining
c          MB      reductions      conflicts           size   tier2      irredundant
c            level        restarts         redundant      glue    trail         variables
c
c - 3305.97 94 135 158 2257 164628 2 71460878 193307 1.9 28 15 3 10 25% 8888 102719 7086 43%
c - 3308.11 95 112 158 2258 164628 2 71508385 200113 2.0 24 12 3 10 21% 8888 102719 7086 43%
c - 3310.46 94 96 158 2259 164628 1 71555904 202120 2.1 22 11 3 10 18% 8888 102719 7086 43%
c - 3313.61 95 120 158 2260 165135 3 71603432 203330 1.9 30 16 3 10 23% 8891 102718 7086 43%
c - 3316.19 97 157 158 2261 165333 2 71650972 204130 1.9 28 15 3 10 28% 8892 102718 7086 43%
c - 3318.25 89 153 158 2262 165446 2 71698521 203554 1.9 26 14 3 10 26% 8892 102718 7086 43%
c - 3319.73 96 121 158 2263 165446 2 71746081 207904 2.0 23 12 3 10 19% 8892 102718 7086 43%
c o 3320.08 89 118 158 2263 165447 2 71752591 213984 2.0 23 11 3 10 19% 8892 102718 7086 43%
c - 3322.22 97 131 158 2264 165799 2 71793651 209334 1.9 28 15 3 10 22% 8892 102718 7086 43%
c - 3324.75 88 153 158 2265 166021 3 71841234 209630 1.9 29 15 3 10 27% 8892 102718 7086 43%
c - 3327.33 90 171 158 2266 166276 3 71888826 211626 1.9 30 16 3 10 31% 8892 102718 7086 43%
c - 3329.79 96 165 158 2267 166288 2 71936428 215457 2.0 26 13 3 10 29% 8892 102718 7086 43%
c - 3333.24 96 172 158 2268 166732 3 71984041 216992 1.8 32 17 3 10 30% 8892 102718 7086 43%
c u 3335.77 97 163 158 2268 166823 3 72007169 230657 1.9 31 17 3 10 27% 8894 102718 7086 43%
c v 3337.27 102 163 158 2268 166823 3 72007169 228927 1.9 31 17 3 10 27% 8894 102718 7086 43%
c w 3337.82 103 163 158 2268 166823 3 72007169 228548 1.9 31 17 3 10 27% 8894 102718 7086 43%
c - 3339.33 93 164 158 2269 166873 2 72031664 211407 1.9 30 16 3 10 27% 8894 102718 7086 43%
c } 3340.84 95 162 159 2269 166873 2 72052083 230705 1.9 28 14 3 10 26% 8894 102718 7086 43%
c [ 3340.84 95 219 159 2269 166873 1 72052083 230705 1.9 111 58 3 45 49% 8894 102718 7086 43%
c O 3340.84 95 219 159 2269 166873 1 72052083 230705 1.9 111 58 3 45 49% 8894 102718 7086 43%
c
c  seconds     switched         rate             size/glue   tier1     binary         remaining
c          MB      reductions      conflicts           size    tier2      irredundant
c            level        restarts         redundant       glue    trail         variables
c
c - 3341.46 91 221 159 2270 166887 1 72079299 207496 1.8 106 57 3 45 46% 8894 102718 7086 43%
c - 3342.95 102 225 159 2271 166903 1 72126943 181879 1.7 113 68 3 45 45% 8894 102718 7086 43%
c - 3344.59 98 229 159 2272 166924 1 72174598 164002 1.7 113 68 3 45 45% 8894 102718 7086 43%
c - 3346.37 98 229 159 2273 166935 1 72222264 164327 1.7 118 68 3 45 45% 8894 102718 7086 43%
c - 3348.34 93 214 159 2274 166948 1 72269939 167604 1.8 116 65 3 45 45% 8894 102718 7086 43%
c - 3350.41 101 211 159 2275 166966 1 72317626 178570 1.8 102 57 3 45 45% 8894 102718 7086 43%
c - 3352.32 103 232 159 2276 166982 1 72365323 177317 1.8 114 63 3 45 48% 8894 102718 7086 43%
c - 3354.48 102 240 159 2277 166997 1 72413030 169498 1.8 118 64 3 46 48% 8894 102718 7086 43%
c s 3356.49 97 252 159 2277 166998 1 72446172 199761 1.9 99 53 3 45 48% 8894 102675 7086 43%
c e 3356.51 87 252 159 2277 166998 1 72446172 199761 1.9 99 53 3 45 48% 8893 102690 7085 43%
c s 3356.52 87 252 159 2277 166998 1 72446172 199761 1.9 99 53 3 45 48% 8893 102681 7085 43%
c - 3357.65 101 256 159 2278 166999 1 72460748 179479 1.9 101 54 3 45 48% 8893 102681 7085 43%
c - 3361.89 97 259 159 2279 166999 1 72508476 179794 1.9 112 59 3 45 48% 8893 102681 7085 43%
c - 3364.51 102 255 159 2280 167021 1 72556214 180185 1.9 113 61 3 45 47% 8893 102681 7085 43%
c - 3366.62 102 247 159 2281 167037 1 72603963 181445 1.9 113 60 3 46 48% 8893 102681 7085 43%
c - 3368.68 103 240 159 2282 167059 1 72651723 180761 1.8 110 60 3 46 47% 8893 102681 7085 43%
c - 3371.07 103 243 159 2283 167062 1 72699494 178890 1.9 112 60 3 46 50% 8893 102681 7085 43%
c - 3375.04 101 251 159 2284 167080 1 72747276 178117 1.9 117 62 3 46 50% 8893 102681 7085 43%
c - 3377.70 98 248 159 2285 167096 1 72795067 178274 1.8 118 64 3 46 49% 8893 102681 7085 43%
c - 3380.52 100 242 159 2286 167119 1 72842868 179357 1.8 110 61 3 46 48% 8894 102681 7085 43%
c
c  seconds      switched         rate             size/glue   tier1     binary         remaining
c           MB      reductions      conflicts           size    tier2      irredundant
c             level        restarts         redundant       glue    trail         variables
c
c - 3383.01 104 235 159 2287 167125 1 72890681 185854 1.8 104 57 3 46 48% 8894 102681 7085 43%
c - 3386.30 106 238 159 2288 167126 1 72938504 181443 2.0 122 61 3 46 52% 8894 102681 7085 43%
c u 3388.64 103 241 159 2288 167126 1 72951682 189909 2.1 131 63 3 46 53% 8894 102681 7085 43%
c v 3389.91 104 241 159 2288 167126 1 72951682 188133 2.1 131 63 3 46 53% 8894 102681 7085 43%
c w 3390.65 112 241 159 2288 167126 1 72951682 188032 2.1 131 63 3 46 53% 8894 102681 7085 43%
c o 3390.69 112 241 159 2288 167126 1 72951682 188032 2.1 131 63 3 46 53% 8894 102681 7085 43%
c - 3391.84 104 248 159 2289 167127 1 72986337 163800 1.7 133 79 3 46 55% 8894 102681 7085 43%
c - 3393.74 71 249 159 2290 167127 1 73034181 157690 1.4 140 97 3 46 56% 8894 102681 7085 43%
c - 3396.03 73 248 159 2291 167127 1 73082034 150737 1.4 144 106 3 46 57% 8894 102681 7085 43%
c - 3398.11 71 245 159 2292 167141 1 73129900 158194 1.4 133 97 3 46 56% 8894 102681 7085 43%
c - 3400.69 93 233 159 2293 167158 1 73177775 165721 1.4 124 89 3 46 52% 8894 102681 7085 43%
c - 3403.42 73 223 159 2294 167177 1 73225662 159833 1.4 127 90 3 46 50% 8894 102681 7085 43%
c B 3405.28 87 232 159 2294 167189 1 73270270 203059 1.5 109 73 3 46 49% 8894 102681 7085 43%
c - 3405.47 88 232 159 2295 167190 1 73273559 167539 1.5 108 72 3 46 49% 8894 102681 7085 43%
c - 3407.87 88 230 159 2296 167202 1 73321466 179007 1.6 101 63 3 46 47% 8894 102681 7085 43%
c - 3410.49 95 225 159 2297 167221 1 73369382 177288 1.7 97 59 3 46 46% 8894 102681 7085 43%
c ] 3411.11 88 225 160 2297 167221 1 73384804 192520 1.7 102 59 3 46 48% 8894 102681 7085 43%
c { 3411.11 88 162 160 2297 167221 2 73384804 192520 1.9 28 14 3 10 26% 8894 102681 7085 43%
c - 3412.96 87 179 160 2298 167505 3 73417310 181719 1.9 30 16 3 10 30% 8895 102681 7085 43%
c - 3415.63 90 183 160 2299 167737 3 73465247 193451 1.9 31 16 3 10 32% 8895 102681 7085 43%
c
c  seconds     switched         rate             size/glue  tier1     binary         remaining
c          MB      reductions      conflicts           size   tier2      irredundant
c            level        restarts         redundant      glue    trail         variables
c
c - 3418.25 96 189 160 2300 168097 3 73513195 202019 1.8 33 18 3 10 34% 8895 102681 7085 43%
c - 3421.38 95 198 160 2301 168344 3 73561154 205189 1.8 33 18 3 10 35% 8895 102681 7085 43%
c - 3424.65 96 195 160 2302 168600 3 73609122 209940 1.8 33 18 3 10 36% 8895 102681 7085 43%
c - 3427.34 97 200 160 2303 168917 3 73657102 213121 1.8 34 19 3 10 39% 8895 102681 7085 43%
c - 3430.70 96 200 160 2304 169009 3 73705092 215905 1.9 31 16 3 10 38% 8895 102681 7085 43%
c - 3433.94 98 194 160 2305 169263 3 73753093 220720 1.9 32 17 3 10 37% 8895 102681 7085 43%
c - 3437.02 97 206 160 2306 169699 3 73801103 219746 1.8 37 20 3 10 39% 8895 102681 7085 43%
c - 3440.11 96 214 160 2307 170274 4 73849124 215524 1.8 43 25 3 10 40% 8896 102681 7085 43%
c - 3443.33 94 227 160 2308 170708 4 73897156 216348 1.8 44 25 3 10 42% 8896 102681 7085 43%
c u 3444.93 101 227 160 2308 170801 4 73902871 218426 1.8 46 26 3 10 42% 8896 102681 7085 43%
c v 3446.31 102 227 160 2308 170801 4 73902871 217173 1.8 46 26 3 10 42% 8896 102681 7085 43%
c w 3446.89 103 227 160 2308 170801 4 73902871 217007 1.8 46 26 3 10 42% 8896 102681 7085 43%
c t 3446.91 103 227 160 2308 170801 4 73902871 217007 1.8 46 26 3 10 42% 8894 102681 7085 43%
c - 3449.63 94 226 160 2309 170923 3 73945199 218130 1.8 40 22 3 10 40% 8894 102681 7085 43%
c - 3452.33 90 226 160 2310 171025 3 73993254 225265 1.8 36 20 3 10 41% 8894 102681 7085 43%
c - 3455.49 90 224 160 2311 171521 3 74041316 224075 1.8 40 23 3 10 40% 8894 102681 7085 43%
c - 3458.56 96 223 160 2312 171752 3 74089388 224905 1.8 38 21 3 10 42% 8894 102681 7085 43%
c - 3461.38 98 223 160 2313 171891 3 74137471 230676 1.8 34 19 3 10 39% 8894 102681 7085 43%
c o 3463.44 95 229 160 2313 171918 2 74174757 266177 1.9 31 17 3 10 37% 8894 102681 7085 43%
c - 3464.05 97 228 160 2314 172016 3 74185564 235959 1.9 33 18 3 10 37% 8894 102681 7085 43%
c
c  seconds     switched         rate             size/glue  tier1     binary         remaining
c          MB      reductions      conflicts           size   tier2      irredundant
c            level        restarts         redundant      glue    trail         variables
c
c - 3467.04 96 230 160 2315 172391 3 74233668 235170 1.8 37 20 3 10 42% 8894 102681 7085 43%
c - 3470.24 96 214 160 2316 172645 3 74281783 235222 1.8 36 19 3 10 41% 8894 102681 7085 43%
c - 3473.37 89 186 160 2317 172982 3 74329907 236275 1.8 37 20 3 10 35% 8894 102681 7085 43%
c - 3476.64 99 202 160 2318 173311 3 74378042 236097 1.8 38 21 3 10 36% 8894 102681 7085 43%
c - 3479.70 98 228 160 2319 173372 2 74426187 240887 1.8 33 18 3 10 40% 8894 102681 7085 43%
c - 3482.81 92 230 160 2320 173591 3 74474342 225335 1.9 33 18 2 10 42% 8894 102681 7085 43%
c - 3487.23 95 236 160 2321 173591 2 74522508 222249 2.0 29 15 2 10 43% 8894 102681 7085 43%
c } 3488.62 92 238 161 2321 173591 2 74540078 238567 2.0 27 14 2 10 43% 8894 102681 7085 43%
c [ 3488.62 92 225 161 2321 173591 1 74540078 238567 1.7 102 59 3 46 48% 8894 102681 7085 43%
c W 3489.01 75 225 161 2321 173591 1 74540078 238567 1.7 102 59 3 46 48% 8894 102681 7085 43%
c - 3490.41 98 236 161 2322 173605 1 74570684 209530 1.8 107 60 3 46 50% 8894 102681 7085 43%
c - 3492.97 104 254 161 2323 173621 1 74618872 192735 2.0 119 61 3 46 56% 8894 102681 7085 43%
c - 3495.51 105 259 161 2324 173643 1 74667069 177221 2.0 124 63 3 46 57% 8894 102681 7085 43%
c - 3497.85 101 252 161 2325 173653 1 74715276 170960 1.9 134 69 3 46 55% 8894 102681 7085 43%
c - 3500.46 105 242 161 2326 173668 1 74763494 160183 1.8 142 78 3 46 54% 8894 102681 7085 43%
c - 3502.97 104 237 161 2327 173684 1 74811723 159920 1.8 140 77 3 46 54% 8894 102681 7085 43%
c - 3505.41 102 232 161 2328 173705 1 74859961 162434 1.8 138 75 3 46 53% 8894 102681 7085 43%
c u 3506.63 106 232 161 2328 173706 1 74860713 146525 1.8 138 75 3 46 53% 8894 102681 7085 43%
c v 3506.98 97 232 161 2328 173706 1 74860713 140829 1.8 138 75 3 46 53% 8895 102681 7085 43%
c w 3508.64 105 232 161 2328 173706 1 74860713 132501 1.8 138 75 3 46 53% 8895 102681 7085 43%
c
c  seconds      switched         rate             size/glue   tier1     binary         remaining
c           MB      reductions      conflicts           size    tier2      irredundant
c             level        restarts         redundant       glue    trail         variables
c
c - 3520.47 102 238 161 2329 173716 1 74908211 144369 2.0 135 67 3 46 56% 8895 102681 7085 43%
c - 3522.91 103 253 161 2330 173717 1 74956470 155334 2.1 133 63 3 46 58% 8895 102681 7085 43%
c - 3526.18 73 258 161 2331 173721 1 75004741 149585 2.2 159 74 3 46 59% 8895 102681 7085 43%
c - 3528.67 88 254 161 2332 173745 1 75053022 156249 2.1 132 62 3 46 58% 8895 102681 7085 43%
c - 3531.14 99 248 161 2333 173761 1 75101313 162681 2.1 131 63 3 46 59% 8895 102681 7085 43%
c - 3534.02 101 244 161 2334 173779 1 75149615 158208 2.1 131 63 3 46 60% 8895 102681 7085 43%
c - 3536.47 100 239 161 2335 173781 1 75197926 160666 2.1 134 62 3 46 62% 8895 102681 7085 43%
c - 3538.90 93 242 161 2336 173805 1 75246247 163166 2.0 124 62 3 46 58% 8895 102681 7085 43%
c - 3541.41 95 222 161 2337 173821 1 75294580 163562 1.9 112 59 3 46 52% 8895 102681 7085 43%
c - 3544.18 99 229 161 2338 173841 1 75342922 163243 1.9 118 62 3 46 54% 8895 102681 7085 43%
c - 3547.42 104 231 161 2339 173843 1 75391274 159541 2.0 133 67 3 46 58% 8895 102681 7085 43%
c - 3551.76 70 228 161 2340 173844 1 75439638 145783 1.9 161 86 3 46 61% 8895 102681 7085 43%
c - 3556.26 73 230 161 2341 173845 1 75488011 131556 1.8 173 96 3 46 62% 8895 102681 7085 43%
c - 3559.79 69 229 161 2342 173845 1 75536394 132759 2.0 185 93 3 46 64% 8895 102681 7085 43%
c - 3563.16 110 226 161 2343 173845 1 75584790 137403 2.3 196 86 3 46 67% 8895 102681 7085 43%
c o 3563.41 99 226 161 2343 173846 1 75591534 144121 2.3 193 84 3 46 67% 8895 102681 7085 43%
c - 3565.01 111 218 161 2344 173867 1 75633194 144522 2.1 158 76 3 46 60% 8895 102681 7085 43%
c - 3567.30 72 204 161 2345 173882 1 75681609 146161 2.0 145 73 3 46 57% 8895 102681 7085 43%
c - 3569.49 92 228 161 2346 173905 1 75730035 151902 2.0 127 63 3 46 57% 8895 102681 7085 43%
c - 3571.60 92 231 161 2347 173908 1 75778471 167988 2.1 100 48 3 46 57% 8895 102681 7085 43%
c
c  seconds     switched         rate             size/glue  tier1     binary         remaining
c          MB      reductions      conflicts           size   tier2      irredundant
c            level        restarts         redundant      glue    trail         variables
c
c I 3572.14 87 229 161 2347 173908 1 75788766 177641 2.1 93 44 3 46 56% 8895 102681 7085 43%
c u 3575.30 90 242 161 2347 173926 1 75825232 199956 2.1 97 46 3 46 58% 8898 102681 7085 43%
c v 3576.56 97 242 161 2347 173926 1 75825232 198744 2.1 97 46 3 46 58% 8898 102681 7085 43%
c w 3577.18 101 242 161 2347 173926 1 75825232 197585 2.1 97 46 3 46 58% 8898 102681 7085 43%
c - 3577.37 87 242 161 2348 173927 1 75826916 161405 2.1 98 47 3 46 58% 8898 102681 7085 43%
c - 3580.60 69 229 161 2349 173943 1 75875372 147727 1.9 118 63 3 46 59% 8898 102681 7085 43%
c - 3582.91 73 239 161 2350 173967 1 75923838 139052 1.8 116 65 3 46 60% 8898 102681 7085 43%
c - 3585.40 71 241 161 2351 173971 1 75972315 141219 1.9 127 69 3 46 60% 8898 102681 7085 43%
c - 3587.82 84 237 161 2352 173972 1 76020803 150672 1.8 102 56 3 46 55% 8898 102681 7085 43%
c - 3590.87 76 238 161 2353 173983 1 76069301 166674 1.8 85 47 3 46 52% 8898 102681 7085 43%
c - 3593.53 100 238 161 2354 174002 1 76117808 167125 1.9 105 55 3 46 56% 8898 102681 7085 43%
c - 3596.38 72 233 161 2355 174018 1 76166326 147620 1.8 116 63 3 46 57% 8898 102681 7085 43%
c - 3598.98 72 228 161 2356 174034 1 76214854 139238 1.8 127 70 3 46 57% 8898 102681 7085 43%
c - 3601.74 69 220 161 2357 174044 1 76263392 142426 1.8 120 65 3 46 55% 8898 102681 7085 43%
c - 3604.50 72 221 161 2358 174065 1 76311940 145956 1.8 128 70 3 46 56% 8898 102681 7085 43%
c - 3607.63 72 215 161 2359 174081 1 76360499 140698 1.8 130 74 3 46 56% 8898 102681 7085 43%
c ] 3607.88 65 214 162 2359 174081 1 76363632 143819 1.8 130 74 3 46 56% 8898 102681 7085 43%
c { 3607.88 65 238 162 2359 174081 2 76363632 143819 2.0 27 14 2 10 43% 8898 102681 7085 43%
c - 3609.78 78 163 162 2360 174087 2 76409069 157117 1.9 24 13 2 10 30% 8898 102681 7085 43%
c - 3611.96 73 106 162 2361 174106 1 76457648 174947 1.9 22 12 2 10 20% 8898 102681 7085 43%
c
c  seconds    switched         rate             size/glue  tier1     binary         remaining
c          MB     reductions      conflicts           size   tier2      irredundant
c           level        restarts         redundant      glue    trail         variables
c
c - 3616.32 77 94 162 2362 174183 1 76506240 183874 1.9 21 11 2 10 16% 8900 102680 7085 43%
c - 3619.38 79 68 162 2363 174243 1 76554842 186099 1.8 19 11 2 10 11% 8900 102680 7085 43%
c i 3620.22 73 59 162 2363 174250 1 76572313 197667 1.8 18 10 2 10 10% 8909 102680 7084 43%
c - 3622.34 79 49 162 2364 174320 1 76603452 167848 1.7 17 10 2 10 9% 8900 102680 7084 43%
c i 3625.00 79 44 162 2364 174451 1 76641180 198177 1.8 17 10 2 10 8% 8909 102680 7083 43%
c i 3625.30 79 44 162 2364 174471 1 76644466 200890 1.8 17 10 2 10 8% 8910 102680 7064 43%
c - 3625.90 72 43 162 2365 174537 1 76652073 141655 1.8 17 10 2 10 8% 8867 102680 7064 43%
c i 3626.88 75 43 162 2365 174599 1 76669405 155161 1.8 17 10 2 10 8% 8875 102680 7051 43%
c - 3629.01 78 45 162 2366 174852 2 76700704 156440 1.7 17 10 2 10 8% 8842 102680 7051 43%
c i 3630.00 74 40 162 2366 174881 1 76718742 167986 1.7 16 10 2 10 7% 8852 102680 7032 43%
c - 3632.55 70 43 162 2367 175073 2 76749346 160647 1.7 16 10 2 10 7% 8809 102680 7032 43%
c i 3636.38 70 45 162 2367 175321 2 76793192 197203 1.7 17 10 2 10 8% 8816 102680 7031 43%
c u 3638.04 82 46 162 2367 175339 2 76796430 196397 1.7 17 10 2 10 8% 8822 101221 7031 43%
c v 3639.28 86 46 162 2367 175339 2 76796430 193760 1.7 17 10 2 10 8% 8822 101221 7031 43%
c w 3639.73 86 46 162 2367 175339 2 76796430 192511 1.7 17 10 2 10 8% 8822 101221 7031 43%
c x 3640.15 71 46 162 2367 175339 2 76796430 192452 1.7 17 10 2 10 8% 8823 100785 7031 43%
c t 3640.17 71 46 162 2367 175339 2 76796430 192452 1.7 17 10 2 10 8% 8816 100785 7031 43%
c - 3640.39 72 46 162 2368 175343 2 76797997 170607 1.7 17 9 2 10 8% 8808 100785 7031 43%
c o 3641.54 76 47 162 2368 175362 2 76811719 183302 1.8 17 9 2 10 8% 8809 100785 7031 43%
c i 3643.74 75 43 162 2368 175424 2 76837401 202860 1.8 16 9 2 10 8% 8816 100785 7030 43%
c
c  seconds    switched         rate             size/glue tier1    binary         remaining
c          MB     reductions      conflicts           size  tier2     irredundant
c           level        restarts         redundant     glue   trail         variables
c
c - 3644.69 77 45 162 2369 175487 2 76846660 185311 1.8 16 9 2 10 8% 8808 100785 7030 43%
c - 3649.56 81 49 162 2370 175708 2 76895332 191783 1.8 16 9 2 10 8% 8809 100785 7030 43%
c i 3650.35 77 48 162 2370 175729 2 76903491 198491 1.8 16 9 2 10 8% 8813 100785 7029 43%
c i 3651.71 80 47 162 2370 175757 2 76918253 210516 1.8 16 9 2 10 8% 8824 100785 7026 43%
c i 3652.69 80 46 162 2370 175779 2 76926981 217221 1.8 16 9 2 10 8% 8834 100785 7025 43%
c - 3654.13 78 45 162 2371 175841 2 76944014 188362 1.8 16 9 2 10 8% 8817 100785 7025 43%
c i 3654.30 74 45 162 2371 175850 2 76946367 190191 1.8 16 9 2 10 8% 8823 100785 7024 43%
c i 3654.61 78 45 162 2371 175890 2 76949850 192846 1.8 16 9 2 10 8% 8830 100785 7021 43%
c i 3655.28 79 45 162 2371 175923 2 76957383 199188 1.8 16 9 2 10 8% 8836 100785 7002 43%
c i 3655.46 76 45 162 2371 175932 2 76959496 200586 1.8 16 8 2 10 8% 8843 100785 6980 42%
c i 3656.80 72 49 162 2371 176034 2 76972525 211830 1.8 16 9 2 10 8% 8853 100784 6959 42%
c - 3658.67 80 52 162 2372 176224 2 76992706 163815 1.8 16 9 2 10 9% 8707 100784 6959 42%
c i 3659.19 75 53 162 2372 176267 2 76999784 169968 1.8 16 9 2 10 9% 8715 100784 6958 42%
c i 3660.11 72 55 162 2372 176369 2 77012054 180404 1.8 17 9 2 10 9% 8723 100784 6957 42%
c i 3660.11 72 55 162 2372 176369 2 77012055 180403 1.8 17 9 2 10 9% 8723 100784 6956 42%
c i 3662.07 77 60 162 2372 176580 2 77036230 201204 1.8 17 10 2 10 10% 8743 100783 6940 42%
c i 3662.44 78 62 162 2372 176642 2 77040441 205001 1.8 17 10 2 10 10% 8748 100783 6939 42%
c i 3662.46 78 62 162 2372 176642 2 77040533 205033 1.8 17 10 2 10 10% 8754 100783 6921 42%
c - 3662.55 79 62 162 2373 176652 2 77041410 168224 1.8 17 10 2 10 10% 8653 100783 6921 42%
c i 3663.59 72 66 162 2373 176849 3 77056035 180767 1.7 18 10 2 10 11% 8664 100783 6913 42%
c
c  seconds    switched         rate             size/glue  tier1     binary         remaining
c          MB     reductions      conflicts           size   tier2      irredundant
c           level        restarts         redundant      glue    trail         variables
c
c i 3663.90 73 68 162 2373 176902 3 77060120 184462 1.7 18 11 2 10 11% 8664 100783 6912 42%
c i 3664.27 78 69 162 2373 176970 3 77064630 188517 1.7 19 11 2 10 11% 8666 100783 6910 42%
c i 3665.77 77 73 162 2373 177223 3 77080953 202511 1.6 20 12 2 10 12% 8669 100783 6909 42%
c - 3666.70 79 75 162 2374 177351 3 77090123 171966 1.6 20 13 2 10 12% 8634 100783 6909 42%
c i 3668.50 72 78 162 2374 177596 3 77107977 187596 1.6 22 14 2 10 12% 8638 100783 6908 42%
c i 3668.88 77 79 162 2374 177648 3 77112367 191330 1.5 22 14 2 10 13% 8641 100783 6907 42%
c - 3671.59 80 87 162 2375 177975 4 77138847 176553 1.5 24 16 2 10 14% 8637 100783 6907 42%
c i 3671.68 75 89 162 2375 177985 3 77141444 178786 1.5 24 16 2 10 14% 8643 100783 6906 42%
c i 3671.74 77 89 162 2375 177990 3 77142888 180004 1.5 24 16 2 10 14% 8646 100783 6904 42%
c i 3671.80 77 90 162 2375 177996 3 77144210 181131 1.5 24 16 2 10 14% 8649 100783 6902 42%
c i 3672.00 78 90 162 2375 178019 3 77148066 184418 1.5 24 15 2 10 14% 8652 100783 6899 42%
c i 3673.31 79 94 162 2375 178091 3 77168012 202716 1.6 23 15 2 10 15% 8654 100783 6897 42%
c - 3675.03 72 94 162 2376 178189 3 77187581 184364 1.7 23 14 2 10 15% 8618 100783 6897 42%
c i 3675.52 79 94 162 2376 178220 3 77193380 189652 1.7 23 14 2 10 15% 8622 100783 6896 42%
c i 3679.97 78 91 162 2376 178659 3 77234755 226638 1.7 24 15 2 10 16% 8640 100783 6895 42%
c - 3680.29 81 91 162 2377 178680 3 77236325 185828 1.7 24 15 2 10 16% 8631 100783 6895 42%
c i 3680.60 79 91 162 2377 178721 3 77238901 188114 1.7 25 15 2 10 16% 8638 100783 6873 42%
c i 3682.23 79 91 162 2377 178902 3 77251353 199218 1.6 25 16 2 10 16% 8640 100783 6872 42%
c - 3686.14 82 92 162 2378 179333 4 77285080 185096 1.6 27 18 2 10 16% 8583 100783 6872 42%
c - 3690.66 83 96 162 2379 179959 4 77333845 185686 1.5 30 20 2 10 16% 8595 100783 6872 42%
c
c  seconds    switched         rate             size/glue  tier1     binary         remaining
c          MB     reductions      conflicts           size   tier2      irredundant
c           level        restarts         redundant      glue    trail         variables
c
c - 3695.86 85 99 162 2380 180600 4 77382619 183954 1.4 33 24 2 10 16% 8607 100783 6872 42%
c - 3699.29 82 105 162 2381 181063 4 77431404 183507 1.4 35 25 2 10 17% 8614 100783 6872 42%
c - 3702.38 82 109 162 2382 181422 4 77480199 186652 1.4 34 24 2 10 18% 8616 100783 6872 42%
c - 3704.20 82 114 162 2383 181749 4 77529004 188714 1.4 33 24 2 10 18% 8620 100783 6872 42%
c } 3705.08 81 112 163 2383 181915 4 77545037 202528 1.4 33 24 2 10 18% 8626 100783 6872 42%
c [ 3705.08 81 214 163 2383 181915 1 77545037 202528 1.8 130 74 3 46 56% 8626 100783 6872 42%
c B 3705.08 81 214 163 2383 181915 1 77545037 202528 1.8 130 74 3 46 56% 8626 100783 6872 42%
c - 3706.74 97 220 163 2384 181929 1 77577820 174807 1.7 128 74 3 46 55% 8626 100783 6872 42%
c - 3709.24 101 219 163 2385 181945 1 77626647 156641 1.7 131 77 3 46 54% 8626 100783 6872 42%
c - 3711.35 73 220 163 2386 181970 1 77675483 141420 1.6 129 79 3 46 51% 8626 100783 6872 42%
c - 3713.64 71 215 163 2387 181977 1 77724330 134914 1.6 136 83 3 46 51% 8626 100783 6872 42%
c - 3715.59 72 219 163 2388 181992 1 77773186 133443 1.6 136 83 3 46 50% 8626 100783 6872 42%
c d 3715.64 60 219 163 2388 181992 1 77774185 134440 1.6 136 83 3 46 50% 8658 97896 6871 42%
c d 3715.65 60 219 163 2388 181992 1 77774185 134439 1.6 136 83 3 46 50% 8656 97896 6870 42%
c b 3715.65 60 219 163 2388 181992 1 77774185 134439 1.6 136 83 3 46 50% 8656 97896 6869 42%
c u 3717.44 64 219 163 2388 181992 1 77774185 116307 1.6 136 83 3 46 50% 8729 97896 6853 42%
c v 3717.86 67 219 163 2388 181992 1 77774185 113545 1.6 136 83 3 46 50% 8727 97896 6853 42%
c w 3718.87 72 219 163 2388 181992 1 77774185 105937 1.6 136 83 3 46 50% 8727 97896 6853 42%
c t 3718.89 72 219 163 2388 181992 1 77774185 105758 1.6 136 83 3 46 50% 8707 97540 6853 42%
c u 3720.44 67 219 163 2388 181992 1 77774185 90610 1.6 136 83 3 46 50% 8732 97540 6853 42%
c
c  seconds     switched         rate            size/glue   tier1     binary        remaining
c          MB      reductions      conflicts          size    tier2      irredundant
c            level        restarts         redundant      glue    trail        variables
c
c v 3720.80 67 219 163 2388 181992 1 77774185 88662 1.6 136 83 3 46 50% 8731 97540 6853 42%
c w 3721.56 71 219 163 2388 181992 1 77774185 82768 1.6 136 83 3 46 50% 8731 97540 6853 42%
c t 3721.58 71 219 163 2388 181992 1 77774185 82768 1.6 136 83 3 46 50% 8722 97540 6853 42%
c i 3721.58 71 219 163 2388 181992 1 77774185 82768 1.6 136 83 3 46 50% 8722 97540 6853 42%
c - 3723.35 68 225 163 2389 182008 1 77822054 96678 1.7 127 75 3 47 51% 8629 97540 6853 42%
c - 3725.21 70 229 163 2390 182032 1 77870932 105998 1.7 130 78 3 47 51% 8629 97540 6853 42%
c - 3727.78 69 233 163 2391 182040 1 77919819 104889 1.7 140 84 3 47 53% 8630 97540 6853 42%
c - 3730.55 67 225 163 2392 182041 1 77968717 101517 1.7 151 89 3 47 55% 8630 97540 6853 42%
c - 3733.28 64 221 163 2393 182049 1 78017627 99193 1.7 153 92 3 47 56% 8630 97540 6853 42%
c o 3734.34 79 228 163 2393 182060 1 78042077 123446 1.7 152 90 3 47 57% 8630 97540 6853 42%
c s 3735.20 88 230 163 2393 182071 1 78064912 146001 1.7 143 83 3 47 55% 8630 97378 6853 42%
c e 3735.22 80 230 163 2393 182071 1 78064912 146001 1.7 143 83 3 47 55% 8328 98865 6703 41%
c s 3735.24 80 230 163 2393 182071 1 78064912 146001 1.7 143 83 3 47 55% 8328 98240 6703 41%
c e 3735.25 80 230 163 2393 182071 1 78064912 146001 1.7 143 83 3 47 55% 8313 98400 6692 41%
c - 3735.37 64 229 163 2394 182071 1 78066545 103840 1.7 143 83 3 47 55% 8313 98400 6692 41%
c - 3737.71 71 238 163 2395 182087 1 78115473 106338 1.7 146 85 3 47 54% 8313 98400 6692 41%
c - 3740.05 69 241 163 2396 182103 1 78164411 100851 1.7 149 88 3 47 55% 8314 98400 6692 41%
c - 3742.51 69 232 163 2397 182111 1 78213360 98018 1.6 153 95 3 47 54% 8314 98400 6692 41%
c - 3744.68 70 231 163 2398 182134 1 78262319 98932 1.6 150 94 3 47 53% 8314 98400 6692 41%
c - 3747.11 64 239 163 2399 182150 1 78311288 104611 1.6 146 89 3 47 53% 8314 98400 6692 41%
c
c  seconds     switched         rate             size/glue   tier1     binary        remaining
c          MB      reductions      conflicts           size    tier2      irredundant
c            level        restarts         redundant       glue    trail        variables
c
c - 3749.43 70 240 163 2400 182166 1 78360267 110369 1.7 144 83 3 47 54% 8314 98400 6692 41%
c - 3752.26 70 238 163 2401 182168 1 78409257 115537 1.8 144 78 3 47 55% 8314 98400 6692 41%
c - 3756.51 69 226 163 2402 182168 1 78458259 111808 1.7 152 88 3 47 52% 8314 98400 6692 41%
c - 3760.23 70 214 163 2403 182169 1 78507269 109548 2.0 174 89 3 47 56% 8314 98400 6692 41%
c - 3764.35 68 207 163 2404 182169 1 78556290 109696 2.2 190 86 3 47 59% 8314 98400 6692 41%
c - 3768.64 104 208 163 2405 182176 1 78605321 109867 2.3 192 85 3 47 60% 8314 98400 6692 41%
c - 3770.67 103 222 163 2406 182199 1 78654361 117615 2.1 168 79 3 47 57% 8315 98400 6692 41%
c - 3772.86 71 224 163 2407 182214 1 78703413 118955 2.0 157 76 3 47 56% 8315 98400 6692 41%
c - 3774.74 70 228 163 2408 182231 1 78752475 118680 2.0 148 74 3 47 57% 8315 98400 6692 41%
c u 3775.98 71 227 163 2408 182231 1 78758459 120725 2.0 149 75 3 47 57% 8316 98400 6692 41%
c v 3776.85 68 227 163 2408 182231 1 78758459 116623 2.0 149 75 3 47 57% 8317 98400 6692 41%
c w 3778.04 80 227 163 2408 182231 1 78758459 115083 2.0 149 75 3 47 57% 8317 98400 6692 41%
c - 3780.33 63 239 163 2409 182238 1 78801547 107431 1.9 152 81 3 47 56% 8317 98400 6692 41%
c W 3781.33 65 239 163 2409 182247 1 78824474 130074 1.9 148 79 3 47 56% 8317 98400 6692 41%
c - 3782.29 55 239 163 2410 182261 1 78850628 109703 1.8 142 78 3 47 55% 8317 98400 6692 41%
c - 3784.14 55 235 163 2411 182277 1 78899720 114576 1.8 135 75 3 47 55% 8317 98400 6692 41%
c - 3786.34 55 233 163 2412 182294 1 78948821 118504 1.8 129 71 3 47 53% 8317 98400 6692 41%
c - 3789.92 55 238 163 2413 182296 1 78997935 110709 1.7 147 88 3 47 50% 8317 98400 6692 41%
c - 3792.28 55 236 163 2414 182296 1 79047057 108733 1.8 142 80 3 47 52% 8317 98400 6692 41%
c - 3794.47 55 242 163 2415 182317 1 79096190 116374 1.8 138 77 3 47 53% 8317 98400 6692 41%
c
c  seconds     switched         rate             size/glue   tier1     binary        remaining
c          MB      reductions      conflicts           size    tier2      irredundant
c            level        restarts         redundant       glue    trail        variables
c
c - 3796.71 55 234 163 2416 182333 1 79145333 111896 1.7 144 86 3 48 52% 8317 98400 6692 41%
c - 3798.76 55 242 163 2417 182356 1 79194487 112737 1.7 137 78 3 48 54% 8317 98400 6692 41%
c - 3801.98 55 235 163 2418 182359 1 79243649 110998 1.6 153 95 3 48 54% 8317 98400 6692 41%
c o 3804.08 77 230 163 2418 182375 1 79287034 153991 1.7 147 88 3 48 54% 8317 98400 6692 41%
c - 3804.36 55 230 163 2419 182379 1 79292822 106904 1.7 145 86 3 48 55% 8317 98400 6692 41%
c - 3806.50 80 224 163 2420 182395 1 79342006 117278 1.8 143 78 3 48 58% 8317 98400 6692 41%
c - 3808.95 55 232 163 2421 182419 1 79391201 116730 1.9 143 77 3 48 60% 8317 98400 6692 41%
c - 3811.97 55 228 163 2422 182422 1 79440404 115637 1.9 145 76 3 48 61% 8317 98400 6692 41%
c - 3815.71 55 218 163 2423 182423 1 79489617 115279 1.8 145 79 3 48 58% 8317 98400 6692 41%
c - 3820.26 55 210 163 2424 182424 1 79538840 113535 1.8 146 82 3 48 55% 8317 98400 6692 41%
c - 3823.94 55 205 163 2425 182424 1 79588075 112737 1.8 150 83 3 48 56% 8317 98400 6692 41%
c - 3828.63 55 203 163 2426 182424 1 79637320 109724 1.8 164 91 3 48 56% 8317 98400 6692 41%
c - 3833.20 55 195 163 2427 182425 1 79686575 106092 1.7 154 90 3 47 52% 8317 98400 6692 41%
c - 3838.21 55 189 163 2428 182425 1 79735840 103383 1.6 147 90 3 47 49% 8317 98400 6692 41%
c u 3840.69 70 187 163 2428 182425 1 79749454 110675 1.6 145 90 3 47 48% 8320 98400 6692 41%
c v 3840.89 70 187 163 2428 182425 1 79749454 108211 1.6 145 90 3 47 48% 8320 98400 6692 41%
c w 3843.58 91 187 163 2428 182425 1 79749454 108159 1.6 145 90 3 47 48% 8320 98400 6692 41%
c - 3845.38 67 186 163 2429 182425 1 79785114 103685 1.8 146 79 3 47 54% 8320 98400 6692 41%
c - 3848.72 99 181 163 2430 182425 1 79834398 111076 1.9 148 77 3 47 56% 8320 98400 6692 41%
c - 3851.94 97 176 163 2431 182425 1 79883693 110193 2.0 147 73 3 47 57% 8320 98400 6692 41%
c
c  seconds     switched         rate             size/glue   tier1     binary        remaining
c          MB      reductions      conflicts           size    tier2      irredundant
c            level        restarts         redundant       glue    trail        variables
c
c ] 3852.71 98 175 164 2431 182425 1 79893268 119679 2.0 148 74 3 47 57% 8320 98400 6692 41%
c { 3852.71 98 112 164 2431 182425 4 79893268 119679 1.4 33 24 2 10 18% 8320 98400 6692 41%
c - 3854.85 101 155 164 2432 182940 4 79932998 123474 1.5 41 27 2 10 29% 8320 98400 6692 41%
c - 3857.73 102 187 164 2433 183569 5 79982313 138434 1.6 48 30 2 10 37% 8320 98400 6692 41%
c - 3860.77 101 210 164 2434 184228 5 80031638 145847 1.6 55 34 2 10 43% 8322 98400 6692 41%
c - 3864.01 102 224 164 2435 184792 5 80080973 152310 1.7 59 36 2 10 47% 8322 98400 6692 41%
c - 3867.38 103 228 164 2436 185354 5 80130319 157802 1.7 62 37 2 10 48% 8323 98400 6692 41%
c - 3870.99 103 232 164 2437 185978 5 80179675 159728 1.7 67 40 2 10 50% 8323 98400 6692 41%
c - 3874.16 101 235 164 2438 186400 5 80229041 164410 1.7 66 39 2 10 51% 8324 98400 6692 41%
c - 3877.65 100 240 164 2439 186991 5 80278417 167015 1.7 70 41 2 10 52% 8324 98400 6692 41%
c - 3881.09 101 240 164 2440 187537 5 80327803 166228 1.7 73 43 2 10 52% 8324 98400 6692 41%
c - 3884.54 101 239 164 2441 188003 5 80377200 169816 1.7 72 41 2 10 52% 8325 98400 6692 41%
c - 3888.12 104 240 164 2442 188511 5 80426606 173335 1.7 72 42 2 10 53% 8325 98400 6692 41%
c - 3891.54 101 242 164 2443 188982 4 80476022 175594 1.7 72 41 2 10 53% 8325 98400 6692 41%
c - 3895.46 105 244 164 2444 189577 5 80525448 176839 1.7 75 43 2 10 53% 8325 98400 6692 41%
c o 3896.34 102 245 164 2444 189730 5 80537073 188344 1.7 76 44 2 10 54% 8326 98400 6692 41%
c - 3899.21 104 246 164 2445 190128 5 80574884 176520 1.7 77 45 2 10 54% 8327 98400 6692 41%
c - 3902.45 104 245 164 2446 190491 4 80624330 178365 1.8 76 43 2 10 54% 8327 98400 6692 41%
c - 3905.77 103 257 164 2447 190938 4 80673788 180799 1.8 75 42 2 10 55% 8327 98400 6692 41%
c - 3909.55 105 248 164 2448 191463 4 80723255 181954 1.8 75 42 2 10 54% 8327 98400 6692 41%
c
c  seconds      switched         rate             size/glue  tier1     binary        remaining
c           MB      reductions      conflicts           size   tier2      irredundant
c             level        restarts         redundant      glue    trail        variables
c
c u 3912.81 104 248 164 2448 191753 5 80747148 200291 1.8 77 44 2 10 54% 8328 98400 6692 41%
c v 3914.48 106 248 164 2448 191753 5 80747148 196908 1.8 77 44 2 10 54% 8328 98400 6692 41%
c w 3915.38 116 248 164 2448 191753 5 80747148 196794 1.8 77 44 2 10 54% 8328 98400 6692 41%
c t 3925.22 116 248 164 2448 191753 5 80747148 196794 1.8 77 44 2 10 54% 8318 98400 6692 41%
c - 3927.30 102 248 164 2449 191937 4 80772733 176398 1.8 76 43 2 10 55% 8318 98400 6692 41%
c - 3931.60 103 252 164 2450 192268 4 80822221 179829 1.8 75 41 2 10 55% 8319 98400 6692 41%
c - 3935.76 105 248 164 2451 192875 4 80871718 179780 1.8 77 43 2 10 54% 8319 98400 6692 41%
c - 3939.28 101 254 164 2452 193246 4 80921226 181688 1.8 75 42 2 10 55% 8319 98400 6692 41%
c s 3943.01 105 250 164 2452 193723 4 80965903 225863 1.8 77 44 2 10 55% 8321 98310 6692 41%
c - 3943.50 104 250 164 2453 193794 4 80970746 183952 1.8 78 44 2 10 55% 8321 98310 6692 41%
c - 3947.58 103 252 164 2454 194366 5 81020274 181519 1.8 81 46 2 10 55% 8321 98310 6692 41%
c - 3951.56 101 249 164 2455 194769 4 81069812 183945 1.8 78 45 2 10 54% 8321 98310 6692 41%
c } 3953.95 98 247 165 2455 195108 4 81101050 214888 1.8 80 45 2 10 54% 8321 98310 6692 41%
c [ 3953.95 98 175 165 2455 195108 1 81101050 214888 2.0 148 74 3 47 57% 8321 98310 6692 41%
c O 3953.95 98 175 165 2455 195108 1 81101050 214888 2.0 148 74 3 47 57% 8321 98310 6692 41%
c - 3954.38 101 178 165 2456 195119 1 81119360 184416 2.0 136 69 3 47 54% 8321 98310 6692 41%
c - 3956.28 104 186 165 2457 195138 1 81168918 173195 1.8 123 67 3 47 50% 8321 98310 6692 41%
c - 3958.34 102 196 165 2458 195155 1 81218486 153521 1.7 119 69 3 47 51% 8321 98310 6692 41%
c - 3959.77 100 199 165 2459 195170 1 81268064 150815 1.6 110 68 3 48 49% 8321 98310 6692 41%
c - 3961.96 97 201 165 2460 195182 1 81317653 148410 1.6 118 73 3 48 51% 8321 98310 6692 41%
c
c  seconds     switched         rate             size/glue   tier1     binary        remaining
c          MB      reductions      conflicts           size    tier2      irredundant
c            level        restarts         redundant       glue    trail        variables
c
c - 3963.65 72 204 165 2461 195201 1 81367253 147313 1.5 114 75 3 48 49% 8321 98310 6692 41%
c - 3965.21 92 206 165 2462 195219 1 81416861 150331 1.5 109 72 3 48 49% 8321 98310 6692 41%
c - 3966.85 92 206 165 2463 195233 1 81466479 151019 1.4 108 75 3 48 47% 8321 98310 6692 41%
c - 3968.97 70 207 165 2464 195234 1 81516108 145512 1.4 116 83 3 48 47% 8321 98310 6692 41%
c - 3971.67 73 210 165 2465 195237 1 81565747 135430 1.4 128 95 3 48 48% 8321 98310 6692 41%
c - 3973.29 70 211 165 2466 195262 1 81615399 138723 1.4 118 87 3 48 47% 8321 98310 6692 41%
c - 3975.53 71 209 165 2467 195278 1 81665059 143610 1.4 118 86 3 48 48% 8321 98310 6692 41%
c - 3977.79 69 207 165 2468 195296 1 81714728 139513 1.3 121 91 3 48 47% 8321 98310 6692 41%
c u 3982.14 91 201 165 2468 195297 1 81751543 167325 1.3 132 102 3 49 46% 8326 98310 6692 41%
c v 3982.63 92 201 165 2468 195297 1 81751543 160281 1.3 132 102 3 49 46% 8326 98310 6692 41%
c w 3985.24 137 201 165 2468 195297 1 81751543 158482 1.3 132 102 3 49 46% 8326 98310 6692 41%
c t 3985.27 137 201 165 2468 195297 1 81751543 158482 1.3 132 102 3 49 46% 8323 98310 6692 41%
c - 3986.28 68 200 165 2469 195301 1 81764409 119420 1.3 134 103 3 49 46% 8323 98310 6692 41%
c o 3988.07 88 204 165 2469 195321 1 81806368 160752 1.3 132 101 3 49 46% 8323 98310 6692 41%
c - 3988.32 67 208 165 2470 195326 1 81814099 122613 1.3 130 100 3 49 47% 8323 98310 6692 41%
c - 3989.93 69 218 165 2471 195342 1 81863799 133360 1.4 124 91 3 49 49% 8323 98310 6692 41%
c - 3991.47 73 216 165 2472 195359 1 81913510 136839 1.3 114 86 3 49 46% 8323 98310 6692 41%
c - 3993.35 70 212 165 2473 195361 1 81963229 131544 1.3 119 88 3 49 47% 8323 98310 6692 41%
c - 3995.15 68 206 165 2474 195361 1 82012960 126043 1.3 119 91 3 49 44% 8323 98310 6692 41%
c - 3997.76 71 200 165 2475 195362 1 82062699 119483 1.3 132 102 3 49 43% 8323 98310 6692 41%
c
c  seconds     switched         rate             size/glue    tier1     binary        remaining
c          MB      reductions      conflicts           size     tier2      irredundant
c            level        restarts         redundant       glue     trail        variables
c
c - 4000.58 68 196 165 2476 195362 1 82112450 113629 1.3 140 108 3 50 42% 8323 98310 6692 41%
c - 4003.40 63 193 165 2477 195368 1 82162210 113679 1.3 143 110 3 50 42% 8323 98310 6692 41%
c - 4004.82 84 197 165 2478 195391 1 82211979 127473 1.3 121 93 3 50 43% 8323 98310 6692 41%
c - 4006.48 89 202 165 2479 195407 1 82261758 138005 1.4 114 82 3 50 46% 8323 98310 6692 41%
c - 4008.25 94 202 165 2480 195424 1 82311547 136058 1.4 113 81 3 50 48% 8323 98310 6692 41%
c - 4010.10 96 205 165 2481 195432 1 82361346 132351 1.5 118 77 3 50 53% 8323 98310 6692 41%
c - 4011.79 97 202 165 2482 195455 1 82411155 131241 1.5 114 76 3 50 50% 8323 98310 6692 41%
c B 4011.80 86 202 165 2482 195455 1 82411488 131574 1.5 114 76 3 50 50% 8323 98310 6692 41%
c - 4014.04 98 208 165 2483 195471 1 82460974 129041 1.6 123 75 3 50 53% 8323 98310 6692 41%
c - 4016.46 70 215 165 2484 195487 1 82510805 115358 1.6 140 86 3 50 56% 8323 98310 6692 41%
c - 4019.97 68 211 165 2485 195489 1 82560645 107333 1.7 152 88 3 50 55% 8323 98310 6692 41%
c - 4022.96 67 204 165 2486 195489 1 82610495 107987 1.9 156 84 3 50 58% 8323 98310 6692 41%
c - 4025.79 69 217 165 2487 195511 1 82660356 107231 1.9 153 82 3 50 57% 8323 98310 6692 41%
c - 4028.22 70 213 165 2488 195527 1 82710225 107440 1.9 152 78 3 50 57% 8323 98310 6692 41%
c - 4030.40 70 216 165 2489 195550 1 82760104 106634 1.9 148 79 3 50 57% 8323 98310 6692 41%
c u 4031.39 67 216 165 2489 195550 1 82762635 99968 1.9 148 78 3 50 57% 8325 98310 6692 41%
c v 4031.55 68 216 165 2489 195550 1 82762635 97830 1.9 148 78 3 50 57% 8325 98310 6692 41%
c w 4033.05 76 216 165 2489 195550 1 82762635 93198 1.9 148 78 3 50 57% 8325 98310 6692 41%
c t 4033.07 76 216 165 2489 195550 1 82762635 93198 1.9 148 78 3 50 57% 8322 98310 6692 41%
c - 4035.51 67 218 165 2490 195552 1 82809993 95398 1.9 149 79 3 50 56% 8322 98310 6692 41%
c
c  seconds     switched         rate            size/glue   tier1     binary        remaining
c          MB      reductions      conflicts          size    tier2      irredundant
c            level        restarts         redundant      glue    trail        variables
c
c - 4038.01 69 221 165 2491 195576 1 82859892 99133 1.8 151 82 3 50 57% 8322 98310 6692 41%
c - 4040.16 94 218 165 2492 195593 1 82909801 104415 1.9 145 75 3 50 55% 8322 98310 6692 41%
c - 4042.90 69 213 165 2493 195613 1 82959720 106610 1.8 140 77 3 50 53% 8322 98310 6692 41%
c - 4045.40 68 220 165 2494 195615 1 83009650 104281 1.8 149 82 3 50 54% 8322 98310 6692 41%
c - 4048.52 70 216 165 2495 195616 1 83059590 100651 1.7 149 86 3 50 53% 8322 98310 6692 41%
c - 4052.13 67 212 165 2496 195617 1 83109539 100175 1.8 147 83 3 50 53% 8322 98310 6692 41%
c - 4055.03 69 210 165 2497 195617 1 83159498 102291 1.7 147 87 3 50 52% 8322 98310 6692 41%
c ] 4057.52 94 208 166 2497 195617 1 83206743 149154 1.7 146 87 3 50 51% 8322 98310 6692 41%
c { 4057.52 94 247 166 2497 195617 4 83206743 149154 1.8 80 45 2 10 54% 8322 98310 6692 41%
c o 4057.53 94 247 166 2497 195619 4 83206853 149264 1.8 80 45 2 10 54% 8322 98310 6692 41%
c - 4057.65 69 245 166 2498 195619 4 83209470 101792 1.8 79 45 2 10 55% 8322 98310 6692 41%
c - 4060.34 83 248 166 2499 195759 4 83259450 124664 2.0 75 38 2 10 59% 8323 98310 6692 41%
c - 4063.71 88 280 166 2500 196184 5 83309440 144899 2.0 70 36 2 10 60% 8325 98310 6692 41%
c - 4068.74 89 296 166 2501 196674 6 83359441 148539 1.9 66 34 2 10 60% 8325 98310 6692 41%
c - 4073.67 90 303 166 2502 197246 6 83409452 154053 1.9 65 34 2 10 60% 8326 98310 6692 41%
c - 4078.66 92 304 166 2503 197790 6 83459475 160097 1.9 63 33 2 10 60% 8326 98310 6692 41%
c - 4084.24 91 305 166 2504 198389 7 83509507 165193 1.9 64 34 2 10 60% 8327 98310 6692 41%
c - 4090.92 86 303 166 2505 199013 7 83559546 169374 1.9 65 34 2 10 60% 8328 98310 6692 41%
c - 4096.93 93 302 166 2506 199594 7 83609595 172943 1.9 65 35 2 10 60% 8328 98310 6692 41%
c - 4102.81 92 307 166 2507 200234 7 83659654 175119 1.9 68 36 2 10 61% 8328 98310 6692 41%
c
c  seconds     switched         rate             size/glue  tier1     binary        remaining
c          MB      reductions      conflicts           size   tier2      irredundant
c            level        restarts         redundant      glue    trail        variables
c
c - 4108.51 94 308 166 2508 200877 7 83709724 176340 1.9 69 37 2 10 62% 8328 98310 6692 41%
c - 4114.59 92 309 166 2509 201506 7 83759804 177419 1.9 71 38 2 10 62% 8328 98310 6692 41%
c u 4117.90 93 306 166 2509 201730 7 83780454 191175 1.9 72 38 2 10 62% 8328 98310 6692 41%
c v 4119.34 94 306 166 2509 201730 7 83780454 184169 1.9 72 38 2 10 62% 8328 98310 6692 41%
c w 4120.00 101 306 166 2509 201730 7 83780454 184115 1.9 72 38 2 10 62% 8328 98310 6692 41%
c x 4120.51 89 306 166 2509 201730 7 83780454 183993 1.9 72 38 2 10 62% 8331 97879 6692 41%
c - 4123.90 90 308 166 2510 202036 7 83809893 168093 1.9 71 38 2 10 63% 8331 97879 6692 41%
c - 4130.13 93 309 166 2511 202639 7 83859992 172627 1.9 72 38 2 10 62% 8331 97879 6692 41%
c - 4136.56 95 309 166 2512 203226 7 83910101 174991 1.9 73 39 2 10 63% 8331 97879 6692 41%
c s 4138.50 92 308 166 2512 203432 7 83928918 193613 1.9 74 39 2 10 63% 8331 97727 6692 41%
c e 4138.52 79 308 166 2512 203432 7 83928918 193613 1.9 74 39 2 10 63% 8323 97754 6689 41%
c s 4138.53 79 308 166 2512 203432 7 83928918 193613 1.9 74 39 2 10 63% 8323 97743 6689 41%
c - 4142.27 93 308 166 2513 203762 7 83960220 177770 1.9 73 38 2 10 64% 8323 97743 6689 41%
c - 4148.74 95 306 166 2514 204361 7 84010349 180239 1.9 74 39 2 10 63% 8324 97743 6689 41%
c - 4154.65 92 307 166 2515 204928 7 84060489 181701 1.9 74 39 2 10 63% 8324 97743 6689 41%
c - 4160.60 92 306 166 2516 205496 7 84110638 183597 1.9 74 39 2 10 63% 8325 97743 6689 41%
c - 4166.49 96 305 166 2517 206066 7 84160798 185028 1.9 75 39 2 10 64% 8325 97743 6689 41%
c - 4172.40 95 303 166 2518 206619 7 84210967 186349 1.9 75 40 2 10 64% 8326 97743 6689 41%
c - 4178.82 91 301 166 2519 207194 7 84261146 187937 1.9 75 40 2 10 63% 8326 97743 6689 41%
c - 4185.16 96 301 166 2520 207774 7 84311335 189038 1.9 76 40 2 11 63% 8326 97743 6689 41%
c
c  seconds     switched         rate             size/glue  tier1     binary        remaining
c          MB      reductions      conflicts           size   tier2      irredundant
c            level        restarts         redundant      glue    trail        variables
c
c - 4191.09 97 298 166 2521 208342 7 84361534 190516 1.9 76 40 2 11 63% 8326 97743 6689 41%
c - 4196.89 97 297 166 2522 208919 7 84411743 191843 1.9 76 40 2 11 63% 8326 97743 6689 41%
c } 4199.66 96 296 167 2522 209232 7 84441144 220936 1.9 76 40 2 11 63% 8326 97743 6689 41%
c [ 4199.66 96 208 167 2522 209232 1 84441144 220936 1.7 146 87 3 50 51% 8326 97743 6689 41%
c W 4199.79 77 208 167 2522 209232 1 84441144 220936 1.7 146 87 3 50 51% 8326 97743 6689 41%
c - 4200.91 98 208 167 2523 209245 1 84461963 187414 1.7 144 85 3 50 51% 8326 97743 6689 41%
c o 4202.72 100 210 167 2523 209260 1 84494476 219563 1.7 143 86 3 50 51% 8326 97743 6689 41%
c - 4203.24 107 213 167 2524 209262 1 84512193 165025 1.6 139 88 3 50 51% 8326 97743 6689 41%
c - 4205.38 73 217 167 2525 209283 1 84562433 143260 1.6 136 87 3 50 51% 8326 97743 6689 41%
c - 4207.46 96 217 167 2526 209294 1 84612683 142746 1.7 136 82 3 50 53% 8326 97743 6689 41%
c - 4210.04 98 221 167 2527 209309 1 84662942 142721 1.8 141 80 3 50 56% 8326 97743 6689 41%
c - 4212.45 102 219 167 2528 209325 1 84713211 143235 1.8 143 81 3 50 56% 8326 97743 6689 41%
c - 4214.97 101 220 167 2529 209347 1 84763490 143553 1.8 142 80 3 50 56% 8326 97743 6689 41%
c u 4218.77 103 218 167 2529 209357 1 84804981 170401 1.8 146 80 3 50 56% 8326 97743 6689 41%
c v 4219.57 95 218 167 2529 209357 1 84804981 160538 1.8 146 80 3 50 56% 8327 97743 6689 41%
c w 4222.64 127 218 167 2529 209357 1 84804981 160395 1.8 146 80 3 50 56% 8327 97743 6689 41%
c t 4222.67 127 218 167 2529 209357 1 84804981 160395 1.8 146 80 3 50 56% 8326 97743 6689 41%
c - 4223.22 66 217 167 2530 209357 1 84813780 125005 1.8 144 80 3 50 55% 8326 97743 6689 41%
c - 4226.58 70 216 167 2531 209358 1 84864080 121029 1.7 150 89 3 50 52% 8326 97743 6689 41%
c - 4229.90 71 215 167 2532 209367 1 84914389 117164 1.7 150 91 3 50 50% 8326 97743 6689 41%
c
c  seconds     switched         rate             size/glue   tier1     binary        remaining
c          MB      reductions      conflicts           size    tier2      irredundant
c            level        restarts         redundant       glue    trail        variables
c
c - 4231.83 70 209 167 2533 209388 1 84964707 124415 1.7 137 82 3 50 50% 8326 97743 6689 41%
c - 4233.81 70 206 167 2534 209404 1 85015037 130869 1.6 124 78 3 51 49% 8326 97743 6689 41%
c - 4235.63 93 201 167 2535 209420 1 85065375 134186 1.7 123 74 3 51 50% 8326 97743 6689 41%
c - 4238.38 100 207 167 2536 209432 1 85115723 133365 1.7 129 77 3 51 50% 8326 97743 6689 41%
c - 4240.35 71 211 167 2537 209452 1 85166081 130837 1.7 129 76 3 51 52% 8326 97743 6689 41%
c - 4242.44 94 207 167 2538 209470 1 85216449 133949 1.7 123 74 3 51 51% 8326 97743 6689 41%
c - 4244.71 71 203 167 2539 209484 1 85266827 132776 1.6 125 78 3 51 51% 8326 97743 6689 41%
c - 4247.37 69 200 167 2540 209485 1 85317215 125357 1.6 136 83 3 51 53% 8326 97743 6689 41%
c - 4249.94 69 197 167 2541 209486 1 85367615 119691 1.6 140 88 3 51 53% 8326 97743 6689 41%
c - 4254.38 67 196 167 2542 209486 1 85418024 110833 1.6 162 101 3 51 52% 8326 97743 6689 41%
c - 4259.04 70 194 167 2543 209486 1 85468442 97310 1.6 180 113 3 51 51% 8326 97743 6689 41%
c - 4262.13 70 196 167 2544 209501 1 85518873 103359 1.6 169 106 3 52 50% 8326 97743 6689 41%
c - 4264.73 68 195 167 2545 209517 1 85569311 112827 1.5 155 105 3 52 47% 8326 97743 6689 41%
c - 4267.35 71 196 167 2546 209539 1 85619758 115619 1.5 145 99 3 52 48% 8326 97743 6689 41%
c - 4269.82 68 194 167 2547 209549 1 85670215 118107 1.5 144 96 3 52 50% 8326 97743 6689 41%
c - 4272.82 71 193 167 2548 209564 1 85720683 116040 1.5 144 96 3 52 50% 8326 97743 6689 41%
c - 4275.87 68 193 167 2549 209580 1 85771162 112639 1.5 146 100 3 52 50% 8326 97743 6689 41%
c I 4276.46 71 192 167 2549 209587 1 85782827 124224 1.5 145 99 3 52 50% 8326 97743 6689 41%
c o 4276.60 66 195 167 2549 209590 1 85786503 127833 1.5 143 98 3 52 50% 8326 97743 6689 41%
c - 4278.09 69 205 167 2550 209606 1 85821649 122494 1.6 135 85 3 52 53% 8326 97743 6689 41%
c
c  seconds     switched         rate             size/glue   tier1     binary        remaining
c          MB      reductions      conflicts           size    tier2      irredundant
c            level        restarts         redundant       glue    trail        variables
c
c u 4279.80 76 206 167 2550 209610 1 85836228 127590 1.6 134 83 3 52 54% 8326 97743 6689 41%
c v 4280.13 76 206 167 2550 209610 1 85836228 123059 1.6 134 83 3 52 54% 8326 97743 6689 41%
c w 4281.95 86 206 167 2550 209610 1 85836228 119369 1.6 134 83 3 52 54% 8326 97743 6689 41%
c - 4283.62 94 205 167 2551 209612 1 85872146 118504 1.7 136 79 3 52 56% 8326 97743 6689 41%
c - 4286.23 100 211 167 2552 209613 1 85922653 116153 1.7 140 81 3 52 57% 8326 97743 6689 41%
c - 4289.65 64 216 167 2553 209626 1 85973170 111639 1.7 145 87 3 52 55% 8326 97743 6689 41%
c - 4292.36 71 219 167 2554 209644 1 86023697 109805 1.7 150 87 3 52 58% 8326 97743 6689 41%
c - 4295.51 68 214 167 2555 209665 1 86074234 108278 1.7 154 89 3 52 58% 8326 97743 6689 41%
c - 4299.46 67 204 167 2556 209676 1 86124782 102571 1.7 163 95 3 52 57% 8326 97743 6689 41%
c - 4301.93 68 200 167 2557 209691 1 86175338 106721 1.8 151 85 3 52 56% 8326 97743 6689 41%
c - 4304.16 98 208 167 2558 209707 1 86225905 117022 1.9 148 79 3 52 56% 8326 97743 6689 41%
c - 4306.57 98 205 167 2559 209729 1 86276482 119820 1.9 141 75 3 52 56% 8326 97743 6689 41%
c - 4308.45 97 202 167 2560 209739 1 86327069 122205 1.9 135 70 3 52 58% 8326 97743 6689 41%
c - 4310.71 99 195 167 2561 209740 1 86377665 117030 1.8 140 77 3 52 56% 8326 97743 6689 41%
c - 4314.15 71 190 167 2562 209741 1 86428272 105673 1.8 157 90 3 52 55% 8326 97743 6689 41%
c - 4316.79 67 189 167 2563 209741 1 86478888 106174 1.9 160 86 3 52 56% 8326 97743 6689 41%
c - 4319.76 104 187 167 2564 209741 1 86529515 112486 1.9 166 86 3 52 57% 8326 97743 6689 41%
c - 4322.53 68 189 167 2565 209742 1 86580150 109884 1.8 165 92 3 52 55% 8326 97743 6689 41%
c - 4325.47 70 188 167 2566 209742 1 86630795 102838 1.7 164 96 3 52 54% 8326 97743 6689 41%
c - 4328.84 68 187 167 2567 209742 1 86681450 102651 1.7 164 99 3 52 53% 8326 97743 6689 41%
c
c  seconds     switched         rate             size/glue   tier1     binary        remaining
c          MB      reductions      conflicts           size    tier2      irredundant
c            level        restarts         redundant       glue    trail        variables
c
c - 4332.07 68 188 167 2568 209742 1 86732118 104137 1.7 166 99 3 52 55% 8326 97743 6689 41%
c ] 4334.38 90 189 168 2568 209742 1 86769878 141325 1.7 166 98 3 52 55% 8326 97743 6689 41%
c { 4334.38 90 296 168 2568 209742 7 86769878 141325 1.9 76 40 2 11 63% 8326 97743 6689 41%
c - 4335.17 69 290 168 2569 209921 6 86782797 109812 1.9 77 41 2 11 62% 8327 97743 6689 41%
c - 4337.75 85 274 168 2570 210382 6 86833483 129153 1.8 76 42 2 11 60% 8327 97743 6689 41%
c u 4341.28 71 264 168 2570 210862 5 86874201 161187 1.8 78 44 2 11 58% 8328 97743 6689 41%
c v 4341.91 71 264 168 2570 210862 5 86874201 152520 1.8 78 44 2 11 58% 8328 97743 6689 41%
c w 4343.61 104 264 168 2570 210862 5 86874201 151380 1.8 78 44 2 11 58% 8328 97743 6689 41%
c t 4343.64 104 264 168 2570 210862 5 86874201 151380 1.8 78 44 2 11 58% 8324 97743 6689 41%
c - 4344.26 89 264 168 2571 210982 5 86884180 124110 1.8 78 44 2 11 58% 8324 97743 6689 41%
c - 4347.21 89 258 168 2572 211447 5 86934886 132523 1.8 79 45 2 11 57% 8324 97743 6689 41%
c s 4348.27 88 255 168 2572 211626 5 86954275 151707 1.8 79 45 2 11 57% 8326 97741 6689 41%
c - 4350.05 91 253 168 2573 211862 5 86985600 141781 1.8 78 44 2 11 57% 8326 97741 6689 41%
c - 4352.88 90 248 168 2574 212213 4 87036325 149556 1.8 75 42 2 11 55% 8326 97741 6689 41%
c o 4356.14 91 245 168 2574 212771 4 87086549 199346 1.8 77 43 2 11 55% 8326 97741 6689 41%
c - 4356.22 92 245 168 2575 212777 4 87087059 152370 1.8 77 43 2 11 55% 8326 97741 6689 41%
c - 4359.41 89 247 168 2576 213302 4 87137804 152249 1.8 78 44 2 11 56% 8327 97741 6689 41%
c - 4362.67 93 243 168 2577 213811 4 87188558 153492 1.8 81 46 2 11 55% 8327 97741 6689 41%
c - 4365.94 95 244 168 2578 214301 4 87239323 155157 1.8 82 47 2 11 55% 8327 97741 6689 41%
c - 4369.28 94 242 168 2579 214818 4 87290097 156873 1.8 83 47 2 11 55% 8327 97741 6689 41%
c
c  seconds     switched         rate             size/glue  tier1     binary        remaining
c          MB      reductions      conflicts           size   tier2      irredundant
c            level        restarts         redundant      glue    trail        variables
c
c - 4372.96 97 243 168 2580 215387 4 87340880 156973 1.7 86 50 2 11 55% 8327 97741 6689 41%
c - 4376.43 93 242 168 2581 215852 4 87391673 157797 1.7 87 50 2 11 56% 8327 97741 6689 41%
c - 4379.78 96 241 168 2582 216297 4 87442479 160296 1.8 88 50 2 11 55% 8327 97741 6689 41%
c - 4383.13 97 242 168 2583 216765 4 87493294 161417 1.8 88 50 2 11 55% 8327 97741 6689 41%
c - 4386.51 98 242 168 2584 217262 4 87544118 161803 1.8 89 51 2 11 56% 8327 97741 6689 41%
c - 4389.89 96 244 168 2585 217709 4 87594955 162965 1.8 88 50 2 11 56% 8327 97741 6689 41%
c - 4393.50 98 243 168 2586 218237 4 87645798 163835 1.8 90 51 2 11 56% 8327 97741 6689 41%
c - 4396.16 97 237 168 2587 218511 4 87696651 167760 1.9 89 47 2 11 56% 8327 97741 6689 41%
c - 4399.88 97 237 168 2588 219077 4 87747513 169177 1.8 88 49 2 11 55% 8327 97741 6689 41%
c - 4403.11 95 237 168 2589 219518 4 87798385 167118 1.8 87 49 2 11 55% 8327 97741 6689 41%
c - 4406.80 100 238 168 2590 220064 4 87849268 167612 1.8 89 51 2 11 55% 8327 97741 6689 41%
c - 4410.29 99 240 168 2591 220502 4 87900161 169862 1.8 88 49 2 11 56% 8327 97741 6689 41%
c u 4412.53 96 241 168 2591 220690 4 87918926 181762 1.8 88 50 2 11 56% 8327 97741 6689 41%
c v 4413.65 98 241 168 2591 220690 4 87918926 166248 1.8 88 50 2 11 56% 8327 97741 6689 41%
c w 4414.31 111 241 168 2591 220690 4 87918926 166220 1.8 88 50 2 11 56% 8327 97741 6689 41%
c x 4414.75 111 241 168 2591 220690 4 87918926 166192 1.8 88 50 2 11 56% 8327 97521 6689 41%
c - 4417.06 95 242 168 2592 220991 4 87951063 152557 1.8 89 50 2 11 56% 8327 97521 6689 41%
c - 4420.40 95 247 168 2593 221452 4 88001974 154812 1.8 90 51 2 11 56% 8327 97521 6689 41%
c } 4422.15 96 246 169 2593 221742 4 88031141 183730 1.7 90 52 2 11 56% 8327 97521 6689 41%
c [ 4422.15 96 189 169 2593 221742 1 88031141 183730 1.7 166 98 3 52 55% 8327 97521 6689 41%
c
c  seconds     switched         rate             size/glue   tier1     binary        remaining
c          MB      reductions      conflicts           size    tier2      irredundant
c            level        restarts         redundant       glue    trail        variables
c
c B 4422.15 96 189 169 2593 221742 1 88031141 183730 1.7 166 98 3 52 55% 8327 97521 6689 41%
c - 4423.15 99 189 169 2594 221755 1 88052895 150329 1.6 161 98 3 52 54% 8327 97521 6689 41%
c - 4425.67 103 187 169 2595 221772 1 88103826 135799 1.7 155 94 3 52 53% 8327 97521 6689 41%
c - 4428.10 104 190 169 2596 221794 1 88154767 125636 1.7 145 87 3 52 53% 8327 97521 6689 41%
c - 4430.71 102 196 169 2597 221804 1 88205718 126064 1.7 145 85 3 52 52% 8327 97521 6689 41%
c - 4432.79 69 199 169 2598 221819 1 88256678 122999 1.6 137 84 3 52 51% 8327 97521 6689 41%
c - 4435.14 69 193 169 2599 221835 1 88307649 120436 1.6 129 81 3 52 50% 8327 97521 6689 41%
c - 4437.56 95 197 169 2600 221860 1 88358629 125309 1.7 127 76 3 52 50% 8327 97521 6689 41%
c - 4440.06 68 190 169 2601 221867 1 88409619 123455 1.6 135 83 3 52 49% 8327 97521 6689 41%
c - 4444.48 71 185 169 2602 221868 1 88460620 110150 1.6 158 96 3 53 51% 8327 97521 6689 41%
c o 4447.62 95 182 169 2602 221877 1 88504681 153782 1.7 160 95 3 53 51% 8327 97521 6689 41%
c - 4447.87 71 186 169 2603 221881 1 88511630 109060 1.7 157 94 3 53 51% 8327 97521 6689 41%
c - 4449.83 69 189 169 2604 221899 1 88562649 118719 1.6 143 88 3 53 50% 8327 97521 6689 41%
c - 4451.95 70 188 169 2605 221920 1 88613678 120540 1.6 137 86 3 53 50% 8327 97521 6689 41%
c - 4454.38 69 188 169 2606 221931 1 88664717 115917 1.5 136 90 3 53 49% 8327 97521 6689 41%
c - 4457.01 71 186 169 2607 221946 1 88715767 111039 1.5 137 92 3 53 50% 8327 97521 6689 41%
c - 4459.55 69 187 169 2608 221962 1 88766826 111597 1.5 138 94 3 53 49% 8327 97521 6689 41%
c - 4461.93 70 186 169 2609 221987 1 88817896 113363 1.4 133 93 3 53 47% 8327 97521 6689 41%
c - 4464.38 69 186 169 2610 221994 1 88868974 116507 1.4 133 92 3 53 48% 8327 97521 6689 41%
c - 4467.77 68 181 169 2611 221995 1 88920062 112833 1.4 140 97 3 53 48% 8327 97521 6689 41%
c
c  seconds      switched         rate             size/glue   tier1     binary        remaining
c           MB      reductions      conflicts           size    tier2      irredundant
c             level        restarts         redundant       glue    trail        variables
c
c u 4472.02 100 178 169 2611 221996 1 88970392 154162 1.5 145 99 3 53 50% 8327 97521 6689 41%
c v 4472.52 100 178 169 2611 221996 1 88970392 147812 1.5 145 99 3 53 50% 8327 97521 6689 41%
c w 4474.93 148 178 169 2611 221996 1 88970392 147296 1.5 145 99 3 53 50% 8327 97521 6689 41%
c - 4480.17 64 178 169 2612 221996 1 88971159 96118 1.5 145 99 3 53 50% 8327 97521 6689 41%
c - 4483.38 68 176 169 2613 221996 1 89022266 95768 1.5 152 102 3 53 50% 8327 97521 6689 41%
c - 4486.21 68 178 169 2614 221996 1 89073383 100729 1.7 159 95 3 53 54% 8327 97521 6689 41%
c - 4488.54 68 180 169 2615 222018 1 89124510 104053 1.5 148 96 3 53 50% 8327 97521 6689 41%
c - 4490.97 68 190 169 2616 222034 1 89175648 101873 1.6 151 96 3 53 51% 8327 97521 6689 41%
c - 4493.31 68 187 169 2617 222057 1 89226796 101221 1.5 143 94 3 53 50% 8327 97521 6689 41%
c - 4496.13 69 201 169 2618 222059 1 89277953 102778 1.6 146 89 3 53 53% 8327 97521 6689 41%
c - 4498.19 93 209 169 2619 222084 1 89329119 111873 1.7 138 80 3 53 53% 8327 97521 6689 41%
c - 4500.37 96 208 169 2620 222102 1 89380296 115376 1.7 134 77 3 53 53% 8327 97521 6689 41%
c W 4501.71 82 205 169 2620 222112 1 89404315 139207 1.7 133 76 3 53 52% 8328 97521 6689 41%
c - 4502.92 83 213 169 2621 222121 1 89431481 114064 1.8 134 76 3 53 53% 8328 97521 6689 41%
c - 4505.93 55 231 169 2622 222123 1 89482676 105787 1.8 155 87 3 53 55% 8328 97521 6689 41%
c - 4508.49 55 231 169 2623 222123 1 89533882 94942 1.7 166 95 3 54 53% 8328 97521 6689 41%
c - 4510.52 55 230 169 2624 222145 1 89585098 98813 1.8 152 84 3 54 53% 8328 97521 6689 41%
c ] 4512.26 76 226 170 2624 222157 1 89628605 142055 1.8 145 79 3 54 53% 8328 97521 6689 41%
c { 4512.27 76 246 170 2624 222157 4 89628605 142055 1.7 90 52 2 11 56% 8328 97521 6689 41%
c - 4512.60 79 246 170 2625 222183 4 89636322 112047 1.7 88 51 2 11 55% 8328 97521 6689 41%
c
c  seconds     switched         rate             size/glue  tier1     binary        remaining
c          MB      reductions      conflicts           size   tier2      irredundant
c            level        restarts         redundant      glue    trail        variables
c
c - 4514.45 79 239 170 2626 222342 3 89687557 130431 1.8 76 43 2 11 52% 8328 97521 6689 41%
c - 4516.77 96 241 170 2627 222674 3 89738802 146683 1.8 71 40 2 11 52% 8329 97521 6689 41%
c - 4519.54 95 237 170 2628 223223 4 89790058 147568 1.8 71 40 2 11 52% 8329 97521 6689 41%
c o 4521.51 94 237 170 2628 223585 4 89824705 181698 1.8 71 41 2 11 51% 8331 97521 6689 41%
c - 4522.49 96 237 170 2629 223718 4 89841323 148440 1.8 71 41 2 11 51% 8331 97521 6689 41%
c - 4525.52 96 238 170 2630 224326 4 89892597 150232 1.7 73 43 2 11 51% 8331 97521 6689 41%
c - 4528.55 96 238 170 2631 224847 4 89943880 152849 1.7 74 43 2 11 51% 8331 97521 6689 41%
c - 4531.63 93 239 170 2632 225305 4 89995174 158438 1.8 73 41 2 11 53% 8331 97521 6689 41%
c u 4534.64 96 239 170 2632 225676 4 90028610 183915 1.8 74 42 2 11 53% 8331 97521 6689 41%
c v 4535.96 98 239 170 2632 225676 4 90028610 170022 1.8 74 42 2 11 53% 8331 97521 6689 41%
c w 4536.73 110 239 170 2632 225676 4 90028610 169999 1.8 74 42 2 11 53% 8331 97521 6689 41%
c t 4536.75 110 239 170 2632 225676 4 90028610 169999 1.8 74 42 2 11 53% 8323 97521 6689 41%
c s 4537.52 92 240 170 2632 225790 4 90042390 183617 1.8 74 42 2 11 53% 8323 97443 6689 41%
c s 4537.54 92 240 170 2632 225790 4 90042390 183617 1.8 74 42 2 11 53% 8323 97441 6689 41%
c - 4537.86 93 240 170 2633 225828 4 90046478 144649 1.8 74 41 2 11 53% 8323 97441 6689 41%
c - 4540.91 93 240 170 2634 226375 4 90097790 149202 1.7 74 42 2 11 52% 8324 97441 6689 41%
c - 4543.81 96 245 170 2635 226857 4 90149112 153724 1.8 74 42 2 11 53% 8324 97441 6689 41%
c - 4546.76 91 243 170 2636 227350 4 90200445 157142 1.7 74 42 2 11 53% 8324 97441 6689 41%
c - 4549.92 93 238 170 2637 227924 4 90251786 158704 1.7 75 44 2 11 52% 8325 97441 6689 41%
c - 4552.95 94 240 170 2638 228445 4 90303137 159480 1.7 76 44 2 11 53% 8325 97441 6689 41%
c
c  seconds     switched         rate             size/glue  tier1     binary        remaining
c          MB      reductions      conflicts           size   tier2      irredundant
c            level        restarts         redundant      glue    trail        variables
c
c - 4556.19 96 242 170 2639 228958 4 90354498 160915 1.7 77 44 2 11 53% 8325 97441 6689 41%
c - 4559.31 98 242 170 2640 229418 4 90405870 163515 1.7 77 44 2 11 53% 8325 97441 6689 41%
c - 4562.56 97 242 170 2641 229915 4 90457250 165359 1.8 77 44 2 11 53% 8325 97441 6689 41%
c - 4565.85 98 241 170 2642 230452 4 90508640 165903 1.7 78 45 2 11 52% 8326 97441 6689 41%
c - 4569.10 90 242 170 2643 230923 4 90560041 167225 1.7 79 45 2 11 53% 8326 97441 6689 41%
c - 4571.90 97 242 170 2644 231332 4 90611452 170290 1.8 76 43 2 11 53% 8327 97441 6689 41%
c - 4575.14 94 239 170 2645 231834 4 90662872 171169 1.7 77 44 2 11 52% 8328 97441 6689 41%
c - 4578.26 94 244 170 2646 232312 4 90714301 170597 1.8 78 45 2 11 53% 8328 97441 6689 41%
c - 4581.57 96 239 170 2647 232835 4 90765741 171081 1.7 79 46 2 11 52% 8328 97441 6689 41%
c - 4584.69 97 238 170 2648 233281 4 90817191 171960 1.7 79 46 2 11 52% 8328 97441 6689 41%
c - 4588.16 94 237 170 2649 233800 4 90868650 172961 1.8 81 46 2 11 52% 8328 97441 6689 41%
c } 4591.33 96 242 171 2649 234240 4 90916972 220828 1.7 82 47 2 11 53% 8328 97441 6689 41%
c [ 4591.33 96 226 171 2649 234240 1 90916972 220828 1.8 145 79 3 54 53% 8328 97441 6689 41%
c O 4591.33 96 226 171 2649 234240 1 90916972 220828 1.8 145 79 3 54 53% 8328 97441 6689 41%
c - 4591.43 96 225 171 2650 234242 1 90920118 173295 1.8 142 78 3 54 53% 8328 97441 6689 41%
c - 4593.00 98 214 171 2651 234268 1 90971596 166635 1.8 125 70 3 54 47% 8328 97441 6689 41%
c - 4594.91 99 207 171 2652 234284 1 91023084 148075 1.8 116 66 3 54 47% 8328 97441 6689 41%
c - 4596.94 98 198 171 2653 234301 1 91074582 140068 1.6 108 67 3 54 44% 8328 97441 6689 41%
c u 4599.06 97 195 171 2653 234302 1 91093580 148964 1.6 111 70 3 54 43% 8328 97441 6689 41%
c v 4599.86 98 195 171 2653 234302 1 91093580 140665 1.6 111 70 3 54 43% 8328 97441 6689 41%
c
c  seconds      switched         rate             size/glue   tier1     binary        remaining
c           MB      reductions      conflicts           size    tier2      irredundant
c             level        restarts         redundant       glue    trail        variables
c
c w 4601.60 120 195 171 2653 234302 1 91093580 140184 1.6 111 70 3 54 43% 8328 97441 6689 41%
c t 4601.62 120 195 171 2653 234302 1 91093580 140184 1.6 111 70 3 54 43% 8324 97441 6689 41%
c f 4601.63 120 195 171 2653 234302 1 91093580 140184 1.6 111 70 3 54 43% 8307 97441 6690 41%
c u 4602.93 120 195 171 2653 234302 1 91093580 133581 1.6 111 70 3 54 43% 8307 97441 6690 41%
c v 4603.50 120 195 171 2653 234302 1 91093580 130809 1.6 111 70 3 54 43% 8307 97441 6690 41%
c w 4605.09 122 195 171 2653 234302 1 91093580 124270 1.6 111 70 3 54 43% 8307 97441 6690 41%
c - 4606.47 70 195 171 2654 234309 1 91126089 103712 1.6 113 72 3 54 43% 8307 97441 6690 41%
c - 4608.39 68 186 171 2655 234332 1 91177606 102362 1.5 112 76 3 54 41% 8307 97441 6690 41%
c o 4609.81 81 183 171 2655 234341 1 91211219 135217 1.4 114 81 3 54 40% 8307 97441 6690 41%
c - 4610.20 68 193 171 2656 234348 1 91229133 108415 1.4 108 77 3 54 41% 8307 97441 6690 41%
c - 4611.70 90 200 171 2657 234364 1 91280669 123211 1.5 106 68 3 54 45% 8307 97441 6690 41%
c - 4613.70 95 200 171 2658 234366 1 91332217 126481 1.6 112 69 3 54 44% 8307 97441 6690 41%
c - 4615.62 102 195 171 2659 234369 1 91383773 120631 1.8 119 67 3 54 47% 8307 97441 6690 41%
c - 4617.28 99 197 171 2660 234395 1 91435338 123011 1.6 111 67 3 54 47% 8307 97441 6690 41%
c - 4619.15 71 196 171 2661 234411 1 91486914 113976 1.5 114 76 3 54 47% 8307 97441 6690 41%
c - 4620.90 68 194 171 2662 234428 1 91538498 106904 1.4 115 81 3 54 46% 8307 97441 6690 41%
c - 4622.94 69 192 171 2663 234436 1 91590094 106540 1.5 124 85 3 54 48% 8307 97441 6690 41%
c - 4624.97 69 196 171 2664 234459 1 91641699 106414 1.4 124 89 3 54 47% 8307 97441 6690 41%
c - 4626.98 69 197 171 2665 234476 1 91693312 105714 1.4 124 91 3 54 47% 8307 97441 6690 41%
c - 4629.16 68 200 171 2666 234492 1 91744935 106109 1.3 126 95 3 54 48% 8307 97441 6690 41%
c
c  seconds     switched         rate             size/glue   tier1     binary        remaining
c          MB      reductions      conflicts           size    tier2      irredundant
c            level        restarts         redundant       glue    trail        variables
c
c - 4631.35 69 198 171 2667 234493 1 91796568 103613 1.3 130 99 3 54 48% 8307 97441 6690 41%
c - 4633.97 69 197 171 2668 234494 1 91848212 98210 1.4 138 100 3 55 51% 8307 97441 6690 41%
c - 4636.45 67 199 171 2669 234494 1 91899864 99289 1.4 140 101 3 55 52% 8307 97441 6690 41%
c - 4639.23 71 201 171 2670 234494 1 91951528 93063 1.4 150 108 3 55 52% 8307 97441 6690 41%
c - 4641.37 70 201 171 2671 234509 1 92003200 96973 1.4 140 102 3 55 50% 8307 97441 6690 41%
c - 4643.14 69 206 171 2672 234525 1 92054881 109181 1.5 136 91 3 55 50% 8307 97441 6690 41%
c - 4644.85 92 206 171 2673 234552 1 92106573 116218 1.5 126 81 3 55 48% 8307 97441 6690 41%
c - 4646.92 96 202 171 2674 234557 1 92158274 113534 1.6 127 80 3 55 49% 8307 97441 6690 41%
c u 4647.78 95 202 171 2674 234557 1 92165320 117442 1.6 128 80 3 55 50% 8307 97441 6690 41%
c v 4648.15 96 202 171 2674 234557 1 92165320 113183 1.6 128 80 3 55 50% 8307 97441 6690 41%
c w 4648.92 109 202 171 2674 234557 1 92165320 112716 1.6 128 80 3 55 50% 8307 97441 6690 41%
c x 4649.26 110 202 171 2674 234557 1 92165320 112671 1.6 128 80 3 55 50% 8307 97280 6690 41%
c - 4650.62 70 200 171 2675 234578 1 92209984 104843 1.5 119 79 3 55 47% 8307 97280 6690 41%
c - 4652.39 70 202 171 2676 234595 1 92261704 103543 1.4 120 83 3 55 48% 8307 97280 6690 41%
c - 4654.21 69 200 171 2677 234618 1 92313435 106306 1.4 114 79 3 55 46% 8307 97280 6690 41%
c B 4654.45 66 199 171 2677 234619 1 92321876 114602 1.4 113 79 3 55 46% 8307 97280 6690 41%
c - 4656.72 68 200 171 2678 234620 1 92365174 107577 1.5 127 84 3 55 51% 8307 97280 6690 41%
c - 4659.37 98 200 171 2679 234621 1 92416924 105001 1.7 138 81 3 55 56% 8307 97279 6690 41%
c - 4662.45 100 199 171 2680 234639 1 92468686 104733 1.7 142 84 3 55 56% 8307 97279 6690 41%
c - 4664.37 101 209 171 2681 234656 1 92520454 104032 1.7 138 79 3 55 56% 8307 97279 6690 41%
c
c  seconds      switched         rate             size/glue   tier1     binary        remaining
c           MB      reductions      conflicts           size    tier2      irredundant
c             level        restarts         redundant       glue    trail        variables
c
c o 4666.19 100 219 171 2681 234678 1 92565417 148582 1.8 137 75 3 55 56% 8307 97279 6690 41%
c - 4666.49 101 220 171 2682 234681 1 92572232 105249 1.8 136 76 3 55 56% 8307 97279 6690 41%
c - 4668.74 67 190 171 2683 234684 1 92624022 104470 1.6 123 75 3 55 51% 8307 97279 6690 41%
c - 4671.31 64 165 171 2684 234706 1 92675820 99207 1.5 113 75 3 55 45% 8307 97279 6690 41%
c - 4673.44 66 171 171 2685 234723 1 92727628 103339 1.6 112 70 3 55 47% 8307 97279 6690 41%
c - 4675.08 94 198 171 2686 234745 1 92779445 108588 1.6 117 72 3 55 49% 8307 97279 6690 41%
c - 4677.22 97 197 171 2687 234748 1 92831271 113819 1.9 125 66 3 55 52% 8307 97279 6690 41%
c - 4680.15 103 214 171 2688 234748 1 92883109 110252 2.0 142 71 3 55 52% 8307 97279 6690 41%
c ] 4681.08 105 217 172 2688 234749 1 92902794 129838 2.0 145 72 3 55 52% 8307 97279 6690 41%
c { 4681.08 105 242 172 2688 234749 4 92902794 129838 1.7 82 47 2 11 53% 8307 97279 6690 41%
c - 4682.60 106 248 172 2689 234992 4 92934956 110894 1.7 80 46 2 11 53% 8307 97279 6690 41%
c - 4684.93 108 256 172 2690 235430 4 92986812 131324 1.7 77 44 2 11 54% 8307 97279 6690 41%
c - 4687.59 108 252 172 2691 235944 4 93038677 139994 1.7 77 45 2 11 54% 8307 97279 6690 41%
c - 4690.40 106 254 172 2692 236420 4 93090553 145209 1.7 77 44 2 11 54% 8307 97279 6690 41%
c - 4693.52 109 253 172 2693 237021 4 93142438 148237 1.7 79 46 2 11 54% 8307 97279 6690 41%
c s 4696.66 106 254 172 2693 237588 4 93193577 198928 1.7 81 47 2 11 54% 8307 97231 6690 41%
c e 4696.68 97 254 172 2693 237588 4 93193577 198928 1.7 81 47 2 11 54% 8301 97253 6687 41%
c - 4696.81 106 254 172 2694 237591 4 93194333 149907 1.7 81 47 2 11 54% 8301 97253 6687 41%
c u 4700.69 110 256 172 2694 238092 4 93243805 193525 1.7 82 48 2 11 54% 8302 97253 6687 41%
c v 4701.91 112 256 172 2694 238092 4 93243805 178146 1.7 82 48 2 11 54% 8302 97253 6687 41%
c
c  seconds      switched         rate             size/glue  tier1     binary        remaining
c           MB      reductions      conflicts           size   tier2      irredundant
c             level        restarts         redundant      glue    trail        variables
c
c w 4702.69 129 256 172 2694 238092 4 93243805 178136 1.7 82 48 2 11 54% 8302 97253 6687 41%
c - 4702.98 105 256 172 2695 238120 4 93246236 136329 1.7 82 48 2 11 54% 8302 97253 6687 41%
c - 4705.90 110 256 172 2696 238606 4 93298150 142387 1.7 83 48 2 11 54% 8302 97253 6687 41%
c - 4708.44 110 258 172 2697 238945 4 93350073 149799 1.8 81 46 2 11 55% 8302 97253 6687 41%
c - 4711.46 108 261 172 2698 239292 4 93402005 156954 1.8 78 44 2 11 56% 8302 97253 6687 41%
c - 4714.54 111 260 172 2699 239883 4 93453948 157222 1.7 81 46 2 11 55% 8302 97253 6687 41%
c - 4717.33 112 257 172 2700 240292 4 93505899 156705 1.8 79 45 2 11 55% 8303 97253 6687 41%
c - 4719.59 109 251 172 2701 240465 3 93557861 164694 1.8 72 41 2 11 55% 8303 97253 6687 41%
c - 4722.63 112 254 172 2702 241059 4 93609832 166252 1.7 76 44 2 11 54% 8303 97253 6687 41%
c - 4725.98 105 255 172 2703 241714 4 93661813 157679 1.7 81 48 2 11 54% 8303 97253 6687 41%
c - 4729.23 109 253 172 2704 242234 4 93713803 157166 1.7 85 49 2 11 54% 8303 97253 6687 41%
c - 4732.44 108 256 172 2705 242742 4 93765803 160813 1.7 85 49 2 11 54% 8304 97253 6687 41%
c - 4736.09 112 256 172 2706 243328 4 93817813 161833 1.7 88 51 2 11 54% 8304 97253 6687 41%
c - 4739.43 111 258 172 2707 243826 4 93869832 162298 1.8 92 52 2 11 55% 8304 97253 6687 41%
c o 4742.37 111 260 172 2707 244203 4 93915738 207762 1.8 91 51 2 11 55% 8304 97253 6687 41%
c - 4742.86 110 259 172 2708 244263 4 93921860 165081 1.8 91 51 2 11 55% 8304 97253 6687 41%
c - 4746.16 112 257 172 2709 244745 4 93973899 167174 1.8 90 51 2 11 55% 8304 97253 6687 41%
c - 4749.32 111 259 172 2710 245201 4 94025947 168657 1.8 88 50 2 11 55% 8304 97253 6687 41%
c - 4752.49 105 269 172 2711 245570 4 94078004 171708 1.8 85 48 2 11 56% 8305 97253 6687 41%
c - 4756.03 110 264 172 2712 246082 4 94130071 173037 1.8 87 49 2 11 55% 8305 97253 6687 41%
c
c  seconds      switched         rate             size/glue  tier1     binary        remaining
c           MB      reductions      conflicts           size   tier2      irredundant
c             level        restarts         redundant      glue    trail        variables
c
c - 4759.59 107 261 172 2713 246604 4 94182148 171407 1.8 90 51 2 11 55% 8305 97253 6687 41%
c } 4761.81 108 262 173 2713 246835 4 94218506 207201 1.8 87 49 2 11 55% 8305 97253 6687 41%
c [ 4761.81 108 217 173 2713 246835 1 94218506 207201 2.0 145 72 3 55 52% 8305 97253 6687 41%
c W 4761.96 93 217 173 2713 246835 1 94218506 207201 2.0 145 72 3 55 52% 8305 97253 6687 41%
c - 4762.70 93 221 173 2714 246844 1 94234235 170898 2.0 143 71 3 55 53% 8305 97253 6687 41%
c - 4764.92 112 224 173 2715 246865 1 94286331 158257 1.9 141 73 3 55 54% 8305 97253 6687 41%
c u 4768.38 111 221 173 2715 246880 1 94329064 191006 1.9 137 73 3 55 53% 8305 97253 6687 41%
c v 4769.80 112 221 173 2715 246880 1 94329064 174639 1.9 137 73 3 55 53% 8305 97253 6687 41%
c w 4771.17 134 221 173 2715 246880 1 94329064 174291 1.9 137 73 3 55 53% 8305 97253 6687 41%
c t 4771.20 134 221 173 2715 246880 1 94329064 174291 1.9 137 73 3 55 53% 8304 97253 6687 41%
c - 4771.59 106 222 173 2716 246884 1 94338436 124387 1.9 137 73 3 55 54% 8304 97253 6687 41%
c - 4773.62 109 212 173 2717 246897 1 94390552 122456 1.8 136 75 3 55 54% 8304 97253 6687 41%
c - 4775.81 107 208 173 2718 246912 1 94442677 121228 1.8 135 76 3 55 53% 8304 97253 6687 41%
c - 4778.22 108 213 173 2719 246928 1 94494813 123157 1.8 139 78 3 55 54% 8305 97253 6687 41%
c - 4780.35 108 215 173 2720 246953 1 94546957 126551 1.8 134 74 3 55 54% 8305 97253 6687 41%
c - 4782.96 107 217 173 2721 246960 1 94599110 129132 2.0 144 72 3 55 54% 8305 97253 6687 41%
c - 4785.85 104 212 173 2722 246961 1 94651273 125583 2.1 153 72 3 55 56% 8305 97253 6687 41%
c - 4788.52 109 212 173 2723 246976 1 94703446 120428 2.0 159 79 3 55 56% 8305 97253 6687 41%
c - 4790.85 107 210 173 2724 246992 1 94755628 120509 1.9 155 83 3 55 55% 8305 97253 6687 41%
c - 4793.31 109 209 173 2725 247016 1 94807819 122841 1.8 150 81 3 55 55% 8305 97253 6687 41%
c
c  seconds      switched         rate             size/glue   tier1     binary        remaining
c           MB      reductions      conflicts           size    tier2      irredundant
c             level        restarts         redundant       glue    trail        variables
c
c - 4796.01 107 209 173 2726 247024 1 94860020 128816 1.8 143 78 3 55 53% 8305 97253 6687 41%
c - 4798.54 109 211 173 2727 247042 1 94912232 129682 1.8 140 76 3 55 53% 8305 97253 6687 41%
c - 4800.99 109 212 173 2728 247061 1 94964453 132537 1.8 134 74 3 55 52% 8305 97253 6687 41%
c - 4803.50 110 213 173 2729 247085 1 95016684 136067 1.9 133 71 3 55 54% 8305 97253 6687 41%
c - 4806.38 107 210 173 2730 247087 1 95068923 133570 2.0 147 75 3 55 54% 8305 97253 6687 41%
c - 4809.97 104 208 173 2731 247088 1 95121173 124259 1.9 152 81 3 55 54% 8305 97253 6687 41%
c - 4812.74 103 205 173 2732 247089 1 95173432 120938 2.0 157 80 3 55 55% 8305 97253 6687 41%
c - 4815.66 109 205 173 2733 247089 1 95225700 123319 2.3 170 75 3 55 60% 8305 97253 6687 41%
c o 4818.80 115 208 173 2733 247095 1 95276071 173421 2.4 185 76 3 55 64% 8305 97253 6687 41%
c - 4818.86 116 209 173 2734 247095 1 95277979 122454 2.4 182 75 3 55 64% 8305 97253 6687 41%
c - 4820.85 114 215 173 2735 247119 1 95330267 124166 2.1 158 77 3 55 60% 8305 97253 6687 41%
c - 4823.01 114 228 173 2736 247135 1 95382564 126784 2.0 150 74 3 55 59% 8305 97253 6687 41%
c u 4825.90 115 223 173 2736 247151 1 95421124 158284 1.9 142 74 3 55 58% 8305 97253 6687 41%
c v 4826.59 116 223 173 2736 247151 1 95421124 152623 1.9 142 74 3 55 58% 8305 97253 6687 41%
c w 4828.31 136 223 173 2736 247151 1 95421124 152531 1.9 142 74 3 55 58% 8305 97253 6687 41%
c - 4829.18 112 221 173 2737 247152 1 95434870 120034 2.0 147 73 3 55 58% 8305 97253 6687 41%
c - 4831.24 114 212 173 2738 247165 1 95487187 123440 1.9 136 71 3 55 55% 8305 97253 6687 41%
c - 4833.56 114 210 173 2739 247183 1 95539512 125694 1.9 129 70 3 55 54% 8305 97253 6687 41%
c - 4835.99 115 206 173 2740 247205 1 95591847 124316 1.8 128 71 3 55 52% 8305 97253 6687 41%
c - 4838.51 114 212 173 2741 247215 1 95644192 127967 1.9 133 69 3 55 55% 8305 97253 6687 41%
c
c  seconds      switched         rate             size/glue   tier1     binary        remaining
c           MB      reductions      conflicts           size    tier2      irredundant
c             level        restarts         redundant       glue    trail        variables
c
c I 4839.08 108 212 173 2741 247215 1 95655382 139055 2.0 137 70 3 55 56% 8305 97253 6687 41%
c - 4841.07 114 230 173 2742 247216 1 95696546 125264 1.8 140 77 3 55 59% 8305 97253 6687 41%
c - 4843.99 116 234 173 2743 247229 1 95748911 119042 1.8 145 79 3 55 61% 8305 97253 6687 41%
c - 4846.70 114 225 173 2744 247247 1 95801285 120303 1.8 144 78 3 55 60% 8305 97253 6687 41%
c - 4849.66 113 220 173 2745 247269 1 95853668 117041 1.8 154 85 3 55 61% 8305 97253 6687 41%
c ] 4849.83 106 220 174 2745 247269 1 95857083 120403 1.8 155 86 3 55 61% 8305 97253 6687 41%
c { 4849.83 106 262 174 2745 247269 4 95857083 120403 1.8 87 49 2 11 55% 8305 97253 6687 41%
c - 4852.84 115 259 174 2746 247748 4 95906061 126892 1.8 88 49 2 11 57% 8305 97253 6687 41%
c - 4856.20 116 255 174 2747 248274 4 95958463 141896 1.8 89 49 2 11 58% 8305 97253 6687 41%
c - 4859.84 117 252 174 2748 248781 4 96010874 149301 1.8 89 50 2 11 58% 8305 97253 6687 41%
c - 4863.58 112 254 174 2749 249291 4 96063298 154329 1.8 90 50 2 11 58% 8305 97253 6687 41%
c - 4867.41 118 252 174 2750 249816 4 96115728 158436 1.8 91 50 2 11 59% 8305 97253 6687 41%
c - 4871.33 116 252 174 2751 250366 4 96168168 161325 1.8 92 51 2 11 59% 8305 97253 6687 41%
c - 4875.25 119 251 174 2752 250870 4 96220618 163255 1.8 94 52 2 11 59% 8305 97253 6687 41%
c - 4879.34 115 253 174 2753 251396 4 96273078 165243 1.8 96 53 2 11 60% 8305 97253 6687 41%
c - 4883.77 119 252 174 2754 251988 5 96325548 166387 1.8 97 54 2 11 59% 8305 97253 6687 41%
c - 4887.98 112 250 174 2755 252488 4 96378027 168555 1.8 96 54 2 11 59% 8305 97253 6687 41%
c - 4892.31 115 249 174 2756 253021 4 96430516 169962 1.8 99 55 2 11 59% 8305 97253 6687 41%
c - 4896.81 117 251 174 2757 253567 5 96483013 170578 1.8 99 56 2 11 59% 8305 97253 6687 41%
c u 4901.19 119 253 174 2757 253928 4 96519959 199593 1.8 99 56 2 11 59% 8305 97253 6687 41%
c
c  seconds      switched         rate             size/glue  tier1     binary        remaining
c           MB      reductions      conflicts           size   tier2      irredundant
c             level        restarts         redundant      glue    trail        variables
c
c v 4902.38 120 253 174 2757 253928 4 96519959 181717 1.8 99 56 2 11 59% 8305 97253 6687 41%
c w 4904.08 137 253 174 2757 253928 4 96519959 181620 1.8 99 56 2 11 59% 8305 97253 6687 41%
c - 4905.40 118 253 174 2758 254051 4 96535521 151363 1.8 99 55 2 11 59% 8305 97253 6687 41%
c - 4909.35 115 253 174 2759 254499 4 96588038 156812 1.8 97 54 2 11 59% 8305 97253 6687 41%
c - 4913.40 118 250 174 2760 254991 4 96640565 160776 1.8 97 54 2 12 59% 8305 97253 6687 41%
c o 4913.76 115 250 174 2760 255028 4 96646088 166243 1.8 97 54 2 12 59% 8305 97253 6687 41%
c - 4917.41 115 251 174 2761 255456 4 96693102 163258 1.8 97 54 2 12 59% 8305 97253 6687 41%
c - 4921.14 118 249 174 2762 255925 4 96745648 165861 1.8 98 54 2 12 59% 8305 97253 6687 41%
c - 4925.41 118 249 174 2763 256461 4 96798202 167380 1.8 99 55 2 12 59% 8305 97253 6687 41%
c - 4929.58 113 249 174 2764 256963 4 96850766 167711 1.8 100 55 2 12 59% 8306 97253 6687 41%
c - 4933.77 116 250 174 2765 257467 4 96903340 169075 1.8 99 55 2 12 59% 8306 97253 6687 41%
c - 4937.98 115 249 174 2766 257940 4 96955923 171023 1.8 100 55 2 12 59% 8306 97253 6687 41%
c - 4941.70 116 251 174 2767 258390 4 97008515 173479 1.8 99 54 2 12 59% 8306 97253 6687 41%
c - 4946.18 119 251 174 2768 258943 4 97061117 174233 1.8 100 55 2 12 59% 8306 97253 6687 41%
c - 4950.51 117 250 174 2769 259457 4 97113728 173185 1.8 102 56 2 12 59% 8306 97253 6687 41%
c - 4954.97 119 251 174 2770 259962 4 97166350 174491 1.8 101 57 2 12 59% 8306 97253 6687 41%
c } 4957.70 118 249 175 2770 260301 4 97200378 208272 1.8 103 57 2 12 59% 8306 97253 6687 41%
c [ 4957.70 118 220 175 2770 260301 1 97200378 208272 1.8 155 86 3 55 61% 8306 97253 6687 41%
c B 4957.70 118 220 175 2770 260301 1 97200378 208272 1.8 155 86 3 55 61% 8306 97253 6687 41%
c - 4958.71 117 220 175 2771 260313 1 97218981 173338 1.8 151 83 3 55 61% 8306 97253 6687 41%
c
c  seconds      switched         rate             size/glue   tier1     binary        remaining
c           MB      reductions      conflicts           size    tier2      irredundant
c             level        restarts         redundant       glue    trail        variables
c
c - 4961.34 117 215 175 2772 260331 1 97271621 162158 1.9 152 81 3 55 61% 8306 97253 6687 41%
c - 4963.71 116 217 175 2773 260353 1 97324271 144183 1.9 148 78 3 55 61% 8306 97253 6687 41%
c - 4966.50 114 209 175 2774 260363 1 97376930 139597 1.9 148 80 3 55 60% 8306 97253 6687 41%
c - 4969.14 115 208 175 2775 260378 1 97429598 138091 1.8 144 78 3 55 60% 8306 97253 6687 41%
c - 4972.26 115 210 175 2776 260397 1 97482279 140208 1.8 154 84 3 55 62% 8306 97253 6687 41%
c - 4976.14 114 212 175 2777 260423 1 97534966 130851 1.8 174 94 3 55 65% 8306 97253 6687 41%
c - 4980.50 69 212 175 2778 260426 1 97587663 123497 1.9 189 101 3 55 67% 8306 97253 6687 41%
c u 4983.77 95 204 175 2778 260427 1 97625596 150531 1.8 176 96 3 55 64% 8306 97253 6687 41%
c v 4984.33 96 204 175 2778 260427 1 97625596 141816 1.8 176 96 3 55 64% 8306 97253 6687 41%
c w 4987.54 130 204 175 2778 260427 1 97625596 140824 1.8 176 96 3 55 64% 8306 97253 6687 41%
c - 4994.67 65 204 175 2779 260427 1 97640371 111163 1.8 177 96 3 55 64% 8306 97253 6687 41%
c - 4997.99 103 208 175 2780 260443 1 97693088 116270 1.8 175 96 3 55 63% 8306 97253 6687 41%
c - 5000.60 107 210 175 2781 260461 1 97745813 121134 1.8 168 93 3 55 62% 8306 97253 6687 41%
c - 5003.32 106 206 175 2782 260487 1 97798548 122838 1.8 159 89 3 55 60% 8306 97253 6687 41%
c - 5005.85 106 219 175 2783 260490 1 97851292 124882 1.8 159 86 3 55 61% 8306 97253 6687 41%
c - 5008.72 107 216 175 2784 260514 1 97904046 125179 1.8 157 87 3 55 60% 8306 97253 6687 41%
c - 5011.48 107 218 175 2785 260533 1 97956810 124382 1.8 162 90 3 55 61% 8306 97253 6687 41%
c - 5014.51 107 214 175 2786 260552 1 98009585 122542 1.8 167 91 3 55 62% 8306 97253 6687 41%
c - 5018.16 69 201 175 2787 260554 1 98062367 118324 2.0 183 94 3 55 64% 8306 97253 6687 41%
c - 5021.81 71 191 175 2788 260554 1 98115159 109962 2.0 194 96 3 55 64% 8306 97253 6687 41%
c
c  seconds     switched         rate             size/glue   tier1     binary        remaining
c          MB      reductions      conflicts           size    tier2      irredundant
c            level        restarts         redundant       glue    trail        variables
c
c - 5025.76 68 185 175 2789 260555 1 98167961 108504 2.1 205 99 3 55 64% 8306 97253 6687 41%
c - 5029.95 70 181 175 2790 260555 1 98220772 105929 2.1 216 101 3 55 65% 8306 97253 6687 41%
c o 5033.97 112 181 175 2790 260569 1 98271497 156057 2.1 216 102 3 55 64% 8306 97253 6687 41%
c - 5034.05 71 183 175 2791 260569 1 98273593 107127 2.1 213 101 3 55 64% 8306 97253 6687 41%
c - 5036.34 95 196 175 2792 260586 1 98326422 120880 2.1 181 87 3 55 62% 8306 97253 6687 41%
c - 5039.12 102 203 175 2793 260609 1 98379261 125627 2.0 166 83 3 55 59% 8306 97253 6687 41%
c - 5041.61 103 208 175 2794 260618 1 98432111 125429 2.0 160 80 3 55 59% 8306 97253 6687 41%
c - 5044.30 105 207 175 2795 260636 1 98484969 125692 2.1 156 75 3 55 58% 8306 97253 6687 41%
c - 5047.08 105 211 175 2796 260655 1 98537837 127226 2.0 152 77 3 55 57% 8306 97253 6687 41%
c - 5049.59 104 212 175 2797 260679 1 98590714 128083 2.0 142 72 3 55 58% 8306 97253 6687 41%
c - 5052.28 104 206 175 2798 260681 1 98643601 126198 2.0 151 75 3 55 58% 8306 97253 6687 41%
c W 5053.82 91 203 175 2798 260682 1 98669462 151901 2.0 149 74 3 55 58% 8306 97253 6687 41%
c - 5055.22 91 203 175 2799 260682 1 98696499 119574 1.9 148 76 3 55 58% 8306 97253 6687 41%
c u 5058.43 108 207 175 2799 260697 1 98738032 156926 1.8 152 83 3 55 59% 8306 97253 6687 41%
c v 5058.76 109 207 175 2799 260697 1 98738032 150897 1.8 152 83 3 55 59% 8306 97253 6687 41%
c w 5060.66 145 207 175 2799 260697 1 98738032 150585 1.8 152 83 3 55 59% 8306 97253 6687 41%
c x 5061.03 146 207 175 2799 260697 1 98738032 150571 1.8 152 83 3 55 59% 8306 97163 6687 41%
c - 5061.77 68 206 175 2800 260702 1 98749404 107616 1.8 151 84 3 55 58% 8306 97163 6687 41%
c - 5064.50 70 208 175 2801 260720 1 98802319 106059 1.8 154 88 3 55 57% 8306 97163 6687 41%
c - 5066.44 94 210 175 2802 260743 1 98855243 110815 1.8 141 80 3 55 55% 8306 97163 6687 41%
c
c  seconds     switched         rate             size/glue   tier1     binary        remaining
c          MB      reductions      conflicts           size    tier2      irredundant
c            level        restarts         redundant       glue    trail        variables
c
c - 5068.84 96 205 175 2803 260745 1 98908176 119957 1.9 137 74 3 55 55% 8306 97163 6687 41%
c - 5071.54 102 208 175 2804 260773 1 98961121 122101 1.9 139 74 3 55 57% 8306 97163 6687 41%
c - 5074.49 104 211 175 2805 260790 1 99014073 118077 1.9 148 77 3 55 58% 8306 97163 6687 41%
c - 5077.17 71 208 175 2806 260807 1 99067036 113992 1.8 144 82 3 55 56% 8306 97163 6687 41%
c - 5080.26 68 204 175 2807 260809 1 99120007 107523 1.6 143 88 3 55 54% 8306 97163 6687 41%
c ] 5081.65 76 203 176 2807 260809 1 99141571 128733 1.5 145 93 3 55 52% 8306 97163 6687 41%
c { 5081.65 76 249 176 2807 260809 4 99141571 128733 1.8 103 57 2 12 59% 8306 97163 6687 41%
c - 5083.03 91 245 176 2808 260902 4 99172988 113753 1.9 100 54 2 12 59% 8306 97163 6687 41%
c - 5085.37 93 242 176 2809 261123 3 99225978 134903 1.9 95 49 2 12 58% 8306 97163 6687 41%
c - 5088.08 94 240 176 2810 261574 4 99278978 145561 1.9 90 48 2 12 56% 8306 97163 6687 41%
c - 5090.87 97 240 176 2811 261989 4 99331988 149679 1.9 87 47 2 12 56% 8306 97163 6687 41%
c - 5093.70 98 238 176 2812 262478 4 99385007 154447 1.8 85 47 2 12 55% 8306 97163 6687 41%
c - 5096.88 98 237 176 2813 262964 4 99438039 157605 1.8 84 46 2 12 54% 8306 97163 6687 41%
c - 5100.03 98 237 176 2814 263469 4 99491076 159299 1.8 85 47 2 12 54% 8306 97163 6687 41%
c - 5103.32 94 236 176 2815 263944 4 99544123 161303 1.8 84 47 2 12 54% 8306 97163 6687 41%
c - 5106.75 96 235 176 2816 264537 4 99597180 161780 1.8 87 49 2 12 54% 8306 97163 6687 41%
c - 5109.84 99 232 176 2817 264978 4 99650246 163390 1.8 87 49 2 12 53% 8306 97163 6687 41%
c o 5110.49 97 232 176 2817 265076 4 99661625 174668 1.8 87 48 2 12 53% 8306 97163 6687 41%
c s 5111.99 98 237 176 2817 265282 4 99686600 199457 1.8 85 48 2 12 54% 8306 97148 6687 41%
c - 5113.13 95 235 176 2818 265449 4 99703322 166982 1.8 85 48 2 12 53% 8306 97148 6687 41%
c
c  seconds     switched         rate             size/glue  tier1     binary        remaining
c          MB      reductions      conflicts           size   tier2      irredundant
c            level        restarts         redundant      glue    trail        variables
c
c - 5116.52 93 233 176 2819 265994 4 99756407 167751 1.8 87 49 2 12 53% 8306 97148 6687 41%
c - 5120.08 100 231 176 2820 266528 4 99809501 168228 1.8 87 49 2 12 53% 8306 97148 6687 41%
c u 5124.37 100 231 176 2820 267023 4 99857266 208858 1.8 89 50 2 12 53% 8306 97148 6687 41%
c v 5125.77 102 231 176 2820 267023 4 99857266 188206 1.8 89 50 2 12 53% 8306 97148 6687 41%
c w 5126.78 123 231 176 2820 267023 4 99857266 188173 1.8 89 50 2 12 53% 8306 97148 6687 41%
c - 5127.31 98 231 176 2821 267077 4 99862605 146353 1.8 89 50 2 12 53% 8306 97148 6687 41%
c - 5130.50 99 235 176 2822 267516 4 99915718 152727 1.8 88 49 2 12 54% 8306 97148 6687 41%
c - 5133.85 93 237 176 2823 268030 4 99968840 157404 1.8 90 51 2 12 54% 8306 97148 6687 41%
c - 5136.93 97 236 176 2824 268459 4 100021971 159155 1.8 91 51 2 12 54% 8306 97148 6687 41%
c - 5140.24 99 236 176 2825 268937 4 100075113 162086 1.8 90 51 2 12 54% 8306 97148 6687 41%
c - 5143.54 98 235 176 2826 269426 4 100128263 162937 1.8 91 51 2 12 54% 8306 97148 6687 41%
c - 5146.94 100 235 176 2827 269982 4 100181424 162699 1.7 93 53 2 12 54% 8306 97148 6687 41%
c - 5150.29 94 235 176 2828 270439 4 100234594 164684 1.8 92 52 2 12 53% 8306 97148 6687 41%
c - 5153.48 100 230 176 2829 270844 4 100287772 169236 1.8 90 51 2 12 52% 8306 97148 6687 41%
c - 5157.05 95 232 176 2830 271349 4 100340961 170044 1.8 92 52 2 12 53% 8306 97148 6687 41%
c - 5160.63 101 233 176 2831 271812 4 100394159 169090 1.8 92 53 2 12 53% 8306 97148 6687 41%
c - 5163.90 97 230 176 2832 272234 4 100447367 171012 1.8 92 52 2 12 53% 8307 97148 6687 41%
c - 5167.37 100 235 176 2833 272715 4 100500585 172222 1.8 93 52 2 12 53% 8307 97148 6687 41%
c } 5168.14 99 236 177 2833 272837 4 100512689 184247 1.8 93 52 2 12 54% 8307 97148 6687 41%
c [ 5168.14 99 203 177 2833 272837 1 100512689 184247 1.5 145 93 3 55 52% 8307 97148 6687 41%
c
c  seconds     switched         rate              size/glue   tier1     binary        remaining
c          MB      reductions       conflicts           size    tier2      irredundant
c            level        restarts          redundant       glue    trail        variables
c
c O 5168.14 99 203 177 2833 272837 1 100512689 184247 1.5 145 93 3 55 52% 8307 97148 6687 41%
c - 5168.84 102 202 177 2834 272857 1 100553810 171354 1.5 118 77 3 55 47% 8307 97148 6687 41%
c - 5169.72 98 196 177 2835 272873 1 100607049 163634 1.5 96 65 3 55 42% 8307 97148 6687 41%
c - 5171.89 103 203 177 2836 272897 1 100660294 148566 1.6 110 70 3 55 45% 8307 97148 6687 41%
c - 5173.15 102 185 177 2837 272899 2 100713549 142761 1.5 93 62 3 55 41% 8307 97148 6687 41%
c - 5174.64 103 184 177 2838 272923 2 100766812 144566 1.4 87 62 3 55 40% 8307 97148 6687 41%
c - 5176.82 102 199 177 2839 272941 2 100820084 139107 1.4 102 71 3 55 45% 8307 97148 6687 41%
c - 5178.85 101 201 177 2840 272961 2 100873366 135403 1.4 107 75 3 55 47% 8307 97148 6687 41%
c - 5181.63 104 201 177 2841 272963 1 100926657 132941 1.6 132 82 3 56 51% 8307 97148 6687 41%
c - 5184.27 73 203 177 2842 272963 1 100979958 127418 1.5 132 88 3 56 50% 8307 97148 6687 41%
c u 5185.51 69 203 177 2842 272963 1 100983300 124574 1.5 133 88 3 56 50% 8307 97148 6687 41%
c v 5186.03 71 203 177 2842 272963 1 100983300 116285 1.5 133 88 3 56 50% 8307 97148 6687 41%
c w 5187.35 84 203 177 2842 272963 1 100983300 106906 1.5 133 88 3 56 50% 8307 97148 6687 41%
c - 5189.12 69 203 177 2843 272988 1 101033268 112222 1.4 126 87 3 56 48% 8307 97148 6687 41%
c o 5190.62 85 204 177 2843 272998 1 101071152 149533 1.4 128 91 3 56 48% 8307 97148 6687 41%
c - 5191.18 70 211 177 2844 273007 1 101086587 116988 1.4 127 92 3 56 48% 8307 97148 6687 41%
c - 5193.27 70 212 177 2845 273025 1 101139916 120172 1.4 124 89 3 56 49% 8307 97148 6687 41%
c - 5195.85 71 212 177 2846 273033 1 101193254 123925 1.5 128 88 3 56 50% 8307 97148 6687 41%
c - 5198.09 70 210 177 2847 273056 1 101246601 122806 1.4 127 89 3 56 49% 8307 97148 6687 41%
c - 5199.96 69 203 177 2848 273074 2 101299958 123874 1.4 118 86 3 56 46% 8307 97148 6687 41%
c
c  seconds     switched         rate              size/glue   tier1     binary        remaining
c          MB      reductions       conflicts           size    tier2      irredundant
c            level        restarts          redundant       glue    trail        variables
c
c - 5202.03 70 199 177 2849 273089 2 101353324 126185 1.4 121 85 3 56 46% 8307 97148 6687 41%
c - 5204.59 101 206 177 2850 273090 1 101406700 126446 1.6 138 85 3 56 53% 8307 97148 6687 41%
c - 5208.00 113 214 177 2851 273091 1 101460085 120511 1.8 162 88 3 56 59% 8307 97148 6687 41%
c - 5211.50 110 217 177 2852 273091 1 101513479 120281 1.8 173 94 3 56 60% 8307 97148 6687 41%
c - 5215.62 66 222 177 2853 273091 1 101566888 115456 1.9 190 101 3 56 61% 8307 97148 6687 41%
c - 5217.66 68 221 177 2854 273113 1 101620301 118055 1.7 162 93 3 56 57% 8307 97148 6687 41%
c - 5219.64 72 219 177 2855 273130 1 101673723 120064 1.6 147 94 3 56 53% 8307 97148 6687 41%
c - 5222.32 70 219 177 2856 273153 1 101727156 115212 1.4 140 98 3 56 50% 8307 97148 6687 41%
c - 5224.11 69 223 177 2857 273158 1 101780598 115930 1.4 133 95 3 56 52% 8307 97148 6687 41%
c - 5226.02 70 220 177 2858 273183 1 101834048 117027 1.3 129 96 3 57 49% 8307 97148 6687 41%
c - 5228.75 71 214 177 2859 273200 1 101887509 114694 1.3 128 97 3 57 47% 8307 97148 6687 41%
c - 5230.64 70 205 177 2860 273216 1 101940978 119519 1.4 119 88 3 57 47% 8307 97148 6687 41%
c - 5233.13 100 209 177 2861 273218 1 101994458 122738 1.6 133 85 3 57 49% 8307 97148 6687 41%
c B 5234.33 95 220 177 2861 273218 1 102014216 142058 1.6 143 89 3 57 49% 8307 97148 6687 41%
c - 5236.52 108 218 177 2862 273224 1 102047947 112041 1.6 149 94 3 57 48% 8307 97148 6687 41%
c - 5238.63 109 216 177 2863 273248 1 102101444 112660 1.7 141 83 3 57 51% 8307 97148 6687 41%
c u 5240.34 106 220 177 2863 273249 1 102116160 120148 1.8 143 81 3 57 51% 8307 97148 6687 41%
c v 5240.45 107 220 177 2863 273249 1 102116160 117629 1.8 143 81 3 57 51% 8307 97148 6687 41%
c w 5242.51 121 220 177 2863 273249 1 102116160 116104 1.8 143 81 3 57 51% 8307 97148 6687 41%
c - 5244.58 107 212 177 2864 273264 1 102154951 107198 1.7 140 81 3 57 52% 8307 97148 6687 41%
c
c  seconds      switched         rate              size/glue   tier1     binary        remaining
c           MB      reductions       conflicts           size    tier2      irredundant
c             level        restarts          redundant       glue    trail        variables
c
c - 5247.16 107 213 177 2865 273281 1 102208467 103066 1.7 147 86 3 57 53% 8307 97148 6687 41%
c - 5250.61 68 202 177 2866 273296 1 102261993 93810 1.6 157 98 3 57 50% 8307 97148 6687 41%
c - 5253.17 69 206 177 2867 273312 1 102315532 95182 1.7 154 93 3 57 50% 8307 97148 6687 41%
c - 5255.52 97 213 177 2868 273338 1 102369077 105328 1.7 148 86 3 57 51% 8307 97148 6687 41%
c - 5258.20 104 216 177 2869 273344 1 102422630 107270 1.8 155 88 3 57 54% 8307 97148 6687 41%
c ] 5261.00 105 204 178 2869 273345 1 102475898 159799 1.7 161 96 3 57 52% 8307 97148 6687 41%
c { 5261.00 105 236 178 2869 273345 4 102475898 159799 1.8 93 52 2 12 54% 8307 97148 6687 41%
c - 5261.04 69 236 178 2870 273346 4 102476193 96178 1.8 93 52 2 12 54% 8307 97148 6687 41%
c o 5261.20 64 232 178 2870 273348 4 102483696 103358 1.8 91 51 2 12 52% 8307 97148 6687 41%
c - 5261.84 77 218 178 2871 273374 3 102529766 114579 1.8 76 43 2 12 45% 8307 97148 6687 41%
c - 5262.31 76 195 178 2872 273390 2 102583348 140166 1.7 60 35 2 12 38% 8308 97148 6687 41%
c - 5263.01 80 182 178 2873 273430 2 102636939 147974 1.7 49 29 2 12 33% 8309 97148 6687 41%
c - 5263.63 76 179 178 2874 273472 2 102690539 149219 1.7 44 26 2 12 30% 8309 97148 6687 41%
c - 5264.25 83 169 178 2875 273544 2 102744149 149688 1.7 39 23 2 12 28% 8310 97148 6687 41%
c - 5264.98 78 157 178 2876 273743 2 102797769 149451 1.6 34 21 2 12 25% 8313 97148 6687 41%
c - 5265.72 80 150 178 2877 273901 2 102851398 149611 1.6 31 20 2 12 23% 8313 97148 6687 41%
c - 5266.91 79 141 178 2878 274273 3 102905035 150846 1.5 29 19 2 12 21% 8314 97148 6687 41%
c - 5268.10 83 139 178 2879 274692 3 102958681 153729 1.5 29 19 2 12 21% 8317 97148 6687 41%
c - 5269.33 77 137 178 2880 275190 4 103012337 156454 1.4 29 20 2 12 20% 8323 97148 6687 41%
c - 5270.64 80 130 178 2881 275699 4 103066003 157528 1.4 29 21 2 12 19% 8324 97148 6687 41%
c
c  seconds     switched         rate              size/glue  tier1     binary        remaining
c          MB      reductions       conflicts           size   tier2      irredundant
c            level        restarts          redundant      glue    trail        variables
c
c - 5272.76 82 123 178 2882 276333 4 103119679 160782 1.4 32 24 2 12 18% 8325 97148 6687 41%
c - 5274.03 84 123 178 2883 276688 4 103173365 164870 1.4 32 23 2 12 18% 8327 97148 6687 41%
c - 5275.17 84 125 178 2884 277031 4 103227059 162923 1.4 31 23 2 12 18% 8328 97148 6687 41%
c u 5276.34 83 125 178 2884 277158 3 103255845 182630 1.4 30 22 2 12 18% 8329 97148 6687 41%
c v 5277.11 88 125 178 2884 277158 3 103255845 157249 1.4 30 22 2 12 18% 8329 97148 6687 41%
c w 5277.46 103 125 178 2884 277158 3 103255845 152985 1.4 30 22 2 12 18% 8329 97148 6687 41%
c t 5277.48 103 125 178 2884 277158 3 103255845 152985 1.4 30 22 2 12 18% 8314 97148 6687 41%
c - 5278.11 80 123 178 2885 277311 3 103280762 138785 1.4 30 21 2 12 18% 8314 97148 6687 41%
c - 5279.67 83 126 178 2886 277779 4 103334476 150675 1.4 31 22 2 12 19% 8317 97148 6687 41%
c - 5281.39 83 122 178 2887 278293 4 103388197 159627 1.4 32 23 2 12 18% 8318 97148 6687 41%
c - 5283.24 85 123 178 2888 278782 4 103441927 164898 1.4 33 24 2 12 19% 8319 97148 6687 41%
c - 5284.03 81 127 178 2889 278972 3 103495668 166225 1.4 31 22 2 12 19% 8320 97148 6687 41%
c - 5285.16 81 127 178 2890 279256 3 103549418 164222 1.5 31 21 2 12 19% 8320 97148 6687 41%
c - 5287.28 80 122 178 2891 279887 3 103603177 164637 1.4 33 24 2 12 18% 8321 97148 6687 41%
c - 5289.00 78 127 178 2892 280279 3 103656945 166163 1.4 33 24 2 12 19% 8321 97148 6687 41%
c - 5290.50 83 130 178 2893 280590 3 103710722 168000 1.4 32 23 2 12 20% 8321 97148 6687 41%
c - 5292.39 83 122 178 2894 281125 3 103764510 167443 1.4 34 25 2 12 19% 8323 97148 6687 41%
c - 5294.26 84 121 178 2895 281592 3 103818305 168472 1.4 35 25 2 12 19% 8325 97148 6687 41%
c - 5295.70 86 128 178 2896 281894 3 103872111 172320 1.4 34 24 2 12 20% 8325 97148 6687 41%
c } 5295.75 80 128 179 2896 281907 3 103875074 174890 1.4 33 24 2 12 20% 8325 97148 6687 41%
c
c  seconds     switched         rate              size/glue   tier1     binary        remaining
c          MB      reductions       conflicts           size    tier2      irredundant
c            level        restarts          redundant       glue    trail        variables
c
c [ 5295.75 80 204 179 2896 281907 1 103875074 174890 1.7 161 96 3 57 52% 8325 97148 6687 41%
c W 5295.83 67 204 179 2896 281907 1 103875074 174890 1.7 161 96 3 57 52% 8325 97148 6687 41%
c o 5297.34 79 208 179 2896 281923 1 103908961 208397 1.7 154 92 3 57 52% 8325 97148 6687 41%
c - 5297.96 105 211 179 2897 281933 1 103925925 154125 1.6 148 91 3 57 52% 8325 97148 6687 41%
c - 5300.00 103 215 179 2898 281951 1 103979749 131756 1.8 140 78 3 57 54% 8325 97148 6687 41%
c - 5302.49 101 209 179 2899 281968 1 104033582 127908 1.7 132 76 3 57 53% 8325 97148 6687 41%
c - 5304.78 102 197 179 2900 281979 1 104087424 123185 1.7 127 74 3 57 53% 8325 97148 6687 41%
c - 5307.20 101 201 179 2901 282000 1 104141275 125825 1.8 128 72 3 57 53% 8325 97148 6687 41%
c - 5309.74 103 205 179 2902 282021 1 104195136 126975 1.9 133 71 3 57 54% 8325 97148 6687 41%
c - 5312.60 106 211 179 2903 282032 1 104249007 123942 1.9 143 76 3 57 54% 8325 97148 6687 41%
c - 5316.36 107 218 179 2904 282033 1 104302887 116060 1.7 154 89 3 57 53% 8325 97148 6687 41%
c - 5319.35 108 218 179 2905 282047 1 104356778 117119 1.8 152 86 3 57 54% 8325 97148 6687 41%
c u 5322.47 108 214 179 2905 282064 1 104402356 154530 1.8 147 80 3 57 55% 8325 97148 6687 41%
c v 5323.25 109 214 179 2905 282064 1 104402356 146622 1.8 147 80 3 57 55% 8325 97148 6687 41%
c w 5324.64 132 214 179 2905 282064 1 104402356 146508 1.8 147 80 3 57 55% 8325 97148 6687 41%
c t 5324.66 132 214 179 2905 282064 1 104402356 146508 1.8 147 80 3 57 55% 8320 97148 6687 41%
c - 5325.16 103 213 179 2906 282064 1 104410676 112429 1.8 148 80 3 57 56% 8320 97148 6687 41%
c - 5327.52 104 210 179 2907 282089 1 104464585 117773 1.8 142 77 3 57 55% 8320 97148 6687 41%
c - 5330.71 109 214 179 2908 282096 1 104518501 117893 1.9 155 81 3 57 56% 8320 97148 6687 41%
c - 5333.35 109 211 179 2909 282117 1 104572427 119903 1.9 148 76 3 57 57% 8320 97148 6687 41%
c
c  seconds      switched         rate              size/glue   tier1     binary        remaining
c           MB      reductions       conflicts           size    tier2      irredundant
c             level        restarts          redundant       glue    trail        variables
c
c - 5336.22 109 206 179 2910 282135 1 104626362 123737 2.0 149 74 3 57 57% 8320 97148 6687 41%
c - 5338.80 109 210 179 2911 282158 1 104680306 124864 2.0 142 72 3 57 57% 8320 97148 6687 41%
c ] 5340.82 106 206 180 2911 282159 1 104715060 158825 2.0 150 74 3 57 57% 8320 97148 6687 41%
c { 5340.82 106 128 180 2911 282159 3 104715060 158825 1.4 33 24 2 12 20% 8320 97148 6687 41%
c - 5342.12 109 144 180 2912 282474 4 104734260 127881 1.5 40 27 2 12 25% 8320 97148 6687 41%
c - 5345.41 111 181 180 2913 283280 4 104788223 139189 1.6 54 34 2 12 36% 8321 97148 6687 41%
c - 5348.95 111 204 180 2914 284031 5 104842196 150166 1.6 64 40 2 12 42% 8321 97148 6687 41%
c - 5352.81 107 219 180 2915 284718 5 104896178 153734 1.6 73 44 2 12 46% 8321 97148 6687 41%
c - 5356.75 110 230 180 2916 285333 5 104950170 156784 1.7 78 47 2 12 49% 8321 97148 6687 41%
c - 5360.27 113 234 180 2917 285797 4 105004171 161271 1.7 80 47 2 12 52% 8322 97148 6687 41%
c - 5363.85 112 242 180 2918 286320 4 105058180 163277 1.7 83 48 2 12 53% 8322 97148 6687 41%
c - 5367.05 112 249 180 2919 286695 4 105112198 165443 1.8 82 46 2 13 54% 8322 97148 6687 41%
c - 5370.73 111 241 180 2920 287257 4 105166225 167518 1.7 83 47 2 13 53% 8322 97148 6687 41%
c - 5374.51 113 241 180 2921 287827 4 105220262 165478 1.7 87 50 2 13 54% 8322 97148 6687 41%
c - 5378.02 109 244 180 2922 288267 4 105274309 166469 1.8 87 49 2 13 54% 8322 97148 6687 41%
c - 5381.64 113 246 180 2923 288724 4 105328367 169123 1.8 87 49 2 13 54% 8322 97148 6687 41%
c o 5382.30 107 247 180 2923 288799 4 105339044 179743 1.8 87 49 2 13 55% 8322 97148 6687 41%
c - 5385.33 108 245 180 2924 289240 4 105382431 170226 1.8 88 50 2 13 55% 8322 97148 6687 41%
c - 5388.69 113 248 180 2925 289668 4 105436506 171188 1.8 88 49 2 13 55% 8322 97148 6687 41%
c - 5392.32 114 249 180 2926 290114 4 105490589 172347 1.8 89 49 2 13 55% 8322 97148 6687 41%
c
c  seconds      switched         rate              size/glue  tier1     binary        remaining
c           MB      reductions       conflicts           size   tier2      irredundant
c             level        restarts          redundant      glue    trail        variables
c
c - 5395.61 113 246 180 2927 290460 4 105544681 174133 1.8 85 47 2 13 55% 8322 97148 6687 41%
c u 5397.80 110 245 180 2927 290578 4 105555694 175728 1.8 86 48 2 13 55% 8322 97148 6687 41%
c v 5399.17 112 245 180 2927 290578 4 105555694 154920 1.8 86 48 2 13 55% 8322 97148 6687 41%
c w 5400.46 123 245 180 2927 290578 4 105555694 154653 1.8 86 48 2 13 55% 8322 97148 6687 41%
c f 5400.48 123 245 180 2927 290578 4 105555694 154653 1.8 86 48 2 13 55% 8305 97148 6688 41%
c u 5401.54 123 245 180 2927 290578 4 105555694 151816 1.8 86 48 2 13 55% 8305 97148 6688 41%
c v 5402.41 123 245 180 2927 290578 4 105555694 145661 1.8 86 48 2 13 55% 8305 97148 6688 41%
c w 5403.32 126 245 180 2927 290578 4 105555694 145013 1.8 86 48 2 13 55% 8305 97148 6688 41%
c x 5403.72 126 245 180 2927 290578 4 105555694 144996 1.8 86 48 2 13 55% 8305 97071 6688 41%
c - 5406.26 111 250 180 2928 290843 3 105598782 145753 1.8 84 46 2 13 54% 8305 97071 6688 41%
c - 5409.72 110 250 180 2929 291397 4 105652892 151070 1.8 86 49 2 13 54% 8305 97071 6688 41%
c - 5413.19 111 248 180 2930 291910 4 105707014 151427 1.7 88 51 2 13 54% 8305 97071 6688 41%
c - 5416.48 112 250 180 2931 292296 4 105761143 155455 1.8 87 50 2 13 54% 8305 97071 6688 41%
c - 5419.55 104 253 180 2932 292680 4 105815281 160484 1.8 85 48 2 13 54% 8305 97071 6688 41%
c - 5422.92 106 248 180 2933 293088 4 105869428 163095 1.8 85 48 2 13 55% 8306 97071 6688 41%
c - 5426.32 111 247 180 2934 293577 4 105923585 163909 1.8 86 49 2 13 55% 8306 97071 6688 41%
c - 5430.11 113 247 180 2935 294189 4 105977752 161975 1.7 89 51 2 13 54% 8306 97071 6688 41%
c - 5433.60 113 245 180 2936 294655 4 106031927 163264 1.8 90 51 2 13 54% 8306 97071 6688 41%
c - 5437.12 109 243 180 2937 295121 4 106086111 165325 1.8 91 52 2 13 54% 8306 97071 6688 41%
c - 5440.73 112 248 180 2938 295558 4 106140306 166193 1.8 92 52 2 13 55% 8306 97071 6688 41%
c
c  seconds      switched         rate              size/glue  tier1     binary        remaining
c           MB      reductions       conflicts           size   tier2      irredundant
c             level        restarts          redundant      glue    trail        variables
c
c } 5440.89 107 248 181 2938 295582 4 106142531 168409 1.8 92 52 2 13 55% 8306 97071 6688 41%
c [ 5440.89 107 206 181 2938 295582 1 106142531 168409 2.0 150 74 3 57 57% 8306 97071 6688 41%
c I 5440.89 107 206 181 2938 295582 1 106142531 168409 2.0 150 74 3 57 57% 8306 97071 6688 41%
c - 5443.41 112 218 181 2939 295609 1 106194510 161085 2.0 142 71 3 57 59% 8306 97071 6688 41%
c - 5446.03 111 223 181 2940 295626 1 106248723 143029 1.9 140 73 3 57 62% 8306 97071 6688 41%
c - 5448.62 109 218 181 2941 295643 1 106302944 136283 1.9 137 73 3 57 61% 8306 97071 6688 41%
c - 5451.20 111 210 181 2942 295656 1 106357174 133933 1.9 139 73 3 57 60% 8306 97071 6688 41%
c - 5453.91 109 213 181 2943 295675 1 106411416 135531 2.0 141 72 3 57 62% 8306 97071 6688 41%
c s 5455.14 107 211 181 2943 295685 1 106436051 159981 2.0 140 71 3 57 62% 8306 97052 6688 41%
c - 5456.59 110 211 181 2944 295697 1 106465665 138076 2.0 138 69 3 57 62% 8306 97052 6688 41%
c - 5460.00 108 207 181 2945 295707 1 106519924 135084 1.9 145 77 3 57 59% 8306 97052 6688 41%
c - 5464.81 70 202 181 2946 295708 1 106574191 120579 1.8 155 88 3 57 58% 8306 97052 6688 41%
c - 5468.53 104 202 181 2947 295723 1 106628470 121571 1.8 153 85 3 57 58% 8306 97052 6688 41%
c - 5471.30 102 211 181 2948 295739 1 106682756 134885 1.9 150 79 3 57 61% 8306 97052 6688 41%
c u 5474.30 103 215 181 2948 295754 1 106715855 160213 1.9 144 74 3 57 62% 8306 97052 6688 41%
c v 5474.98 104 215 181 2948 295754 1 106715855 150476 1.9 144 74 3 57 62% 8306 97052 6688 41%
c w 5477.38 122 215 181 2948 295754 1 106715855 149634 1.9 144 74 3 57 62% 8306 97052 6688 41%
c - 5478.47 103 218 181 2949 295767 1 106737052 126806 2.0 141 71 3 57 61% 8306 97052 6688 41%
c - 5482.51 108 207 181 2950 295771 1 106791356 123519 1.8 147 83 3 57 61% 8306 97052 6688 41%
c o 5483.28 103 206 181 2950 295777 1 106805186 137212 1.8 147 82 3 57 61% 8306 97052 6688 41%
c
c  seconds     switched         rate              size/glue    tier1     binary        remaining
c          MB      reductions       conflicts           size     tier2      irredundant
c            level        restarts          redundant       glue     trail        variables
c
c - 5485.84 70 208 181 2951 295795 1 106845669 108170 1.5 153 104 3 57 58% 8306 97052 6688 41%
c - 5489.12 68 207 181 2952 295815 1 106899993 99689 1.3 157 120 3 57 55% 8306 97052 6688 41%
c - 5492.07 69 198 181 2953 295833 1 106954327 105590 1.4 142 104 3 57 55% 8306 97052 6688 41%
c - 5494.46 97 217 181 2954 295835 1 107008668 123812 1.6 143 87 3 57 60% 8306 97052 6688 41%
c - 5497.87 106 222 181 2955 295836 1 107063019 131225 1.9 148 80 3 57 60% 8306 97052 6688 41%
c - 5501.03 116 217 181 2956 295836 1 107117378 129653 2.1 170 80 3 57 65% 8306 97052 6688 41%
c - 5505.67 81 210 181 2957 295836 1 107171748 118350 2.3 212 93 3 57 68% 8306 97052 6688 41%
c - 5508.30 106 215 181 2958 295851 1 107226127 119719 2.2 192 86 3 57 66% 8306 97052 6688 41%
c - 5510.85 110 221 181 2959 295872 1 107280515 129439 2.2 172 80 3 57 63% 8306 97052 6688 41%
c - 5513.51 110 220 181 2960 295897 1 107334911 132325 2.1 154 74 3 57 60% 8306 97052 6688 41%
c - 5516.20 107 206 181 2961 295899 1 107389317 131179 2.0 151 74 3 57 60% 8306 97052 6688 41%
c - 5518.94 108 209 181 2962 295928 1 107443733 130401 2.0 143 73 3 57 58% 8306 97052 6688 41%
c - 5521.55 110 217 181 2963 295945 1 107498158 132815 1.9 143 74 3 57 60% 8306 97052 6688 41%
c - 5524.05 108 207 181 2964 295961 1 107552591 134041 2.0 139 71 3 57 59% 8306 97052 6688 41%
c - 5526.42 108 210 181 2965 295963 1 107607034 134961 2.0 139 68 3 57 59% 8306 97052 6688 41%
c - 5529.62 113 205 181 2966 295970 1 107661486 134670 2.3 150 66 3 57 60% 8306 97052 6688 41%
c B 5531.11 110 216 181 2966 295984 1 107693158 166105 2.2 151 69 3 57 60% 8306 97052 6688 41%
c - 5532.18 113 216 181 2967 295993 1 107715946 134816 2.1 151 71 3 57 59% 8306 97052 6688 41%
c - 5534.73 112 213 181 2968 296012 1 107770417 129205 2.1 147 71 3 57 58% 8306 97052 6688 41%
c - 5537.27 111 213 181 2969 296026 1 107824896 128565 2.0 140 70 3 57 57% 8306 97052 6688 41%
c
c  seconds      switched         rate              size/glue   tier1     binary        remaining
c           MB      reductions       conflicts           size    tier2      irredundant
c             level        restarts          redundant       glue    trail        variables
c
c - 5540.22 113 213 181 2970 296041 1 107879384 127162 2.0 140 71 3 57 58% 8306 97052 6688 41%
c u 5541.56 109 214 181 2970 296042 1 107882865 123417 2.0 141 71 3 57 58% 8306 97052 6688 41%
c v 5542.09 110 214 181 2970 296042 1 107882865 117626 2.0 141 71 3 57 58% 8306 97052 6688 41%
c w 5543.65 119 214 181 2970 296042 1 107882865 115503 2.0 141 71 3 57 58% 8306 97052 6688 41%
c - 5551.07 111 213 181 2971 296059 1 107933881 119553 2.0 132 67 3 57 57% 8306 97052 6688 41%
c ] 5552.24 109 214 182 2971 296072 1 107961221 146714 2.0 132 67 3 57 57% 8306 97052 6688 41%
c { 5552.24 109 248 182 2971 296072 4 107961221 146714 1.8 92 52 2 13 55% 8306 97052 6688 41%
c - 5553.71 111 263 182 2972 296223 4 107988387 130384 1.9 91 49 2 13 58% 8306 97052 6688 41%
c - 5556.79 113 284 182 2973 296556 4 108042906 143171 1.9 86 44 2 13 62% 8307 97052 6688 41%
c - 5560.62 114 299 182 2974 296995 5 108097431 154417 2.0 82 41 2 13 63% 8307 97052 6688 41%
c - 5565.30 115 313 182 2975 297472 5 108151966 160259 2.0 79 40 2 13 64% 8307 97052 6688 41%
c - 5570.74 113 314 182 2976 298094 6 108206509 164088 1.9 78 40 2 13 64% 8307 97052 6688 41%
c o 5574.83 111 312 182 2976 298544 6 108255192 212247 1.9 77 40 2 13 65% 8308 97052 6688 41%
c - 5575.28 115 308 182 2977 298571 6 108261062 167770 2.0 77 39 2 13 65% 8308 97052 6688 41%
c - 5580.81 115 307 182 2978 299190 6 108315623 171277 1.9 77 40 2 13 65% 8308 97052 6688 41%
c - 5586.20 116 314 182 2979 299780 6 108370194 173261 1.9 76 40 2 13 64% 8309 97052 6688 41%
c - 5592.11 115 312 182 2980 300473 7 108424774 174965 1.9 78 41 2 13 64% 8309 97052 6688 41%
c - 5598.15 115 312 182 2981 301111 7 108479364 176656 1.9 79 42 2 13 64% 8310 97052 6688 41%
c - 5604.09 111 311 182 2982 301726 7 108533962 179414 1.9 79 42 2 13 64% 8310 97052 6688 41%
c - 5609.65 115 307 182 2983 302324 7 108588569 181451 1.9 80 42 2 13 64% 8310 97052 6688 41%
c
c  seconds      switched         rate              size/glue  tier1     binary        remaining
c           MB      reductions       conflicts           size   tier2      irredundant
c             level        restarts          redundant      glue    trail        variables
c
c - 5615.42 115 303 182 2984 302921 6 108643185 182970 1.9 80 42 2 13 65% 8310 97052 6688 41%
c - 5621.27 116 302 182 2985 303537 6 108697814 184534 1.9 81 43 2 13 65% 8311 97052 6688 41%
c - 5627.21 115 302 182 2986 304132 6 108752449 186243 1.9 81 42 2 13 65% 8311 97052 6688 41%
c - 5633.06 116 303 182 2987 304748 6 108807093 187768 1.9 81 43 2 13 65% 8311 97052 6688 41%
c - 5639.41 114 304 182 2988 305390 7 108861747 188761 1.9 82 44 2 13 65% 8311 97052 6688 41%
c - 5645.19 117 304 182 2989 305945 6 108916412 190791 1.9 80 43 2 13 64% 8311 97052 6688 41%
c - 5651.29 113 301 182 2990 306559 6 108971083 192677 1.9 81 43 2 13 64% 8311 97052 6688 41%
c - 5657.11 115 299 182 2991 307129 6 109025763 193938 1.9 81 43 2 13 65% 8311 97052 6688 41%
c u 5662.44 117 299 182 2991 307502 6 109056724 213611 1.9 82 43 2 13 65% 8311 97052 6688 41%
c v 5664.48 119 299 182 2991 307502 6 109056724 179825 1.9 82 43 2 13 65% 8311 97052 6688 41%
c w 5666.57 130 299 182 2991 307502 6 109056724 179506 1.9 82 43 2 13 65% 8311 97052 6688 41%
c t 5666.60 130 299 182 2991 307502 6 109056724 179506 1.9 82 43 2 13 65% 8293 97052 6688 41%
c - 5668.92 113 303 182 2992 307723 6 109080453 157538 1.9 81 43 2 13 65% 8293 97052 6688 41%
c - 5673.86 113 305 182 2993 308262 6 109135157 165796 1.9 80 42 2 13 65% 8293 97052 6688 41%
c - 5678.85 116 307 182 2994 308811 6 109189866 173224 1.9 79 41 2 13 65% 8293 97052 6688 41%
c - 5684.15 116 309 182 2995 309361 6 109244583 177767 1.9 78 41 2 13 66% 8293 97052 6688 41%
c - 5689.85 112 306 182 2996 309977 6 109299309 180988 1.9 79 41 2 13 65% 8293 97052 6688 41%
c - 5695.34 117 301 182 2997 310558 6 109354044 183311 1.9 79 41 2 13 65% 8293 97052 6688 41%
c - 5701.16 116 302 182 2998 311167 6 109408788 185243 1.9 79 41 2 13 65% 8293 97052 6688 41%
c } 5701.95 113 302 183 2998 311261 6 109417221 193581 1.9 80 41 2 13 65% 8293 97052 6688 41%
c
c  seconds      switched         rate              size/glue   tier1     binary        remaining
c           MB      reductions       conflicts           size    tier2      irredundant
c             level        restarts          redundant       glue    trail        variables
c
c [ 5701.95 113 214 183 2998 311261 1 109417221 193581 2.0 132 67 3 57 57% 8293 97052 6688 41%
c W 5702.49 96 214 183 2998 311261 1 109417221 193581 2.0 132 67 3 57 57% 8293 97052 6688 41%
c - 5704.97 113 210 183 2999 311284 1 109463541 174810 1.9 132 71 3 57 55% 8293 97052 6688 41%
c - 5707.70 114 212 183 3000 311304 1 109518306 153142 1.9 133 72 3 57 54% 8293 97052 6688 41%
c - 5710.53 113 215 183 3001 311322 1 109573079 145465 1.9 134 71 3 57 54% 8293 97052 6688 41%
c - 5713.45 113 213 183 3002 311332 1 109627862 145848 2.0 138 70 3 57 55% 8293 97052 6688 41%
c - 5715.69 112 203 183 3003 311354 1 109682652 146018 1.9 128 69 3 57 51% 8293 97052 6688 41%
c o 5717.12 111 209 183 3003 311367 1 109715390 178435 1.8 130 71 3 57 52% 8293 97052 6688 41%
c - 5717.98 113 208 183 3004 311375 1 109737451 144483 1.8 128 71 3 57 52% 8293 97052 6688 41%
c - 5720.57 112 209 183 3005 311386 1 109792260 143527 1.8 133 72 3 57 52% 8293 97052 6688 41%
c - 5724.23 111 198 183 3006 311387 1 109847077 133828 1.8 147 80 3 57 52% 8293 97052 6688 41%
c - 5727.39 109 197 183 3007 311401 1 109901905 128955 1.9 151 80 3 57 53% 8293 97052 6688 41%
c - 5729.71 113 201 183 3008 311418 1 109956741 137648 1.9 145 78 3 57 51% 8293 97052 6688 41%
c - 5732.10 113 201 183 3009 311446 1 110011587 144081 1.9 138 73 3 57 52% 8293 97052 6688 41%
c - 5734.83 110 194 183 3010 311450 1 110066441 142646 1.8 140 78 3 57 50% 8293 97052 6688 41%
c - 5737.47 113 197 183 3011 311474 1 110121305 139038 1.8 136 76 3 57 50% 8293 97052 6688 41%
c - 5739.95 112 202 183 3012 311494 1 110176177 146728 1.8 133 72 3 57 50% 8293 97052 6688 41%
c - 5742.75 113 209 183 3013 311512 1 110231058 149882 1.9 133 69 3 57 51% 8293 97052 6688 41%
c u 5744.65 96 210 183 3013 311512 1 110237434 145429 1.9 134 70 3 57 51% 8293 97052 6688 41%
c v 5745.30 96 210 183 3013 311512 1 110237434 135849 1.9 134 70 3 57 51% 8293 97052 6688 41%
c
c  seconds      switched         rate              size/glue   tier1     binary        remaining
c           MB      reductions       conflicts           size    tier2      irredundant
c             level        restarts          redundant       glue    trail        variables
c
c w 5747.60 121 210 183 3013 311512 1 110237434 134154 1.9 134 70 3 57 51% 8293 97052 6688 41%
c - 5750.18 110 224 183 3014 311514 1 110285948 127789 1.9 147 76 3 57 50% 8293 97052 6688 41%
c - 5753.36 106 218 183 3015 311515 1 110340847 122978 1.9 154 83 3 57 47% 8293 97052 6688 41%
c - 5756.59 110 219 183 3016 311515 1 110395757 122328 1.8 163 88 3 57 47% 8293 97052 6688 41%
c - 5760.82 68 219 183 3017 311515 1 110450675 117537 1.9 176 94 3 57 47% 8293 97052 6688 41%
c - 5763.78 102 218 183 3018 311534 1 110505603 128224 1.9 162 86 3 57 49% 8293 97052 6688 41%
c - 5766.19 102 214 183 3019 311553 1 110560540 137163 1.9 151 79 3 57 52% 8293 97052 6688 41%
c - 5768.84 107 206 183 3020 311576 1 110615485 125425 1.7 152 89 3 57 50% 8293 97052 6688 41%
c - 5771.96 108 218 183 3021 311582 1 110670439 119793 1.8 160 90 3 57 52% 8293 97052 6688 41%
c - 5774.82 108 222 183 3022 311608 1 110725402 127195 1.8 150 84 3 57 52% 8293 97052 6688 41%
c - 5777.95 108 217 183 3023 311624 1 110780374 130228 1.8 149 82 3 57 53% 8293 97052 6688 41%
c - 5780.74 108 208 183 3024 311641 1 110835355 128268 1.8 149 81 3 57 54% 8293 97052 6688 41%
c - 5783.81 107 198 183 3025 311642 1 110890345 126675 1.9 152 81 3 57 55% 8293 97052 6688 41%
c - 5787.02 108 194 183 3026 311653 1 110945345 121466 1.8 154 86 3 57 52% 8293 97052 6688 41%
c - 5789.74 108 193 183 3027 311673 1 111000355 123113 1.8 145 82 3 57 51% 8293 97052 6688 41%
c O 5789.77 99 193 183 3027 311673 1 111000872 123625 1.8 145 82 3 57 51% 8293 97052 6688 41%
c - 5791.51 108 197 183 3028 311695 1 111055373 135166 1.7 126 72 3 57 45% 8293 97052 6688 41%
c - 5793.61 108 202 183 3029 311705 1 111110400 140092 1.8 121 66 3 57 47% 8293 97052 6688 41%
c - 5796.20 110 205 183 3030 311726 1 111165437 133468 1.8 122 69 3 57 47% 8293 97052 6688 41%
c o 5797.92 108 209 183 3030 311740 1 111212278 179315 1.7 116 67 3 57 49% 8293 97052 6688 41%
c
c  seconds      switched         rate              size/glue   tier1     binary        remaining
c           MB      reductions       conflicts           size    tier2      irredundant
c             level        restarts          redundant       glue    trail        variables
c
c - 5798.15 109 211 183 3031 311743 1 111220482 131700 1.7 115 67 3 57 49% 8293 97052 6688 41%
c - 5800.56 108 213 183 3032 311767 1 111275536 131804 1.8 122 68 3 57 51% 8293 97052 6688 41%
c - 5803.49 108 211 183 3033 311769 1 111330601 123342 1.7 132 76 3 57 50% 8293 97052 6688 41%
c - 5806.27 107 200 183 3034 311769 1 111385673 124314 1.9 135 72 3 57 53% 8293 97052 6688 41%
c u 5809.74 109 198 183 3034 311770 1 111424994 155943 1.9 141 75 3 57 54% 8293 97052 6688 41%
c v 5810.01 110 198 183 3034 311770 1 111424994 151863 1.9 141 75 3 57 54% 8293 97052 6688 41%
c w 5813.32 152 198 183 3034 311770 1 111424994 151367 1.9 141 75 3 57 54% 8293 97052 6688 41%
c - 5814.14 104 197 183 3035 311770 1 111440756 117603 1.9 138 74 3 57 54% 8293 97052 6688 41%
c - 5817.20 108 193 183 3036 311770 1 111495848 114270 1.9 142 75 3 57 55% 8293 97052 6688 41%
c - 5820.55 106 191 183 3037 311771 1 111550947 114704 1.8 140 78 3 57 53% 8293 97052 6688 41%
c - 5824.57 66 190 183 3038 311771 1 111606055 111071 1.7 140 84 3 57 52% 8293 97052 6688 41%
c - 5829.30 69 188 183 3039 311771 1 111661174 108672 1.6 144 89 3 57 50% 8293 97052 6688 41%
c - 5834.76 70 187 183 3040 311771 1 111716302 109850 1.5 148 96 3 57 50% 8293 97052 6688 41%
c - 5839.99 70 186 183 3041 311771 1 111771440 110857 1.5 151 99 3 57 49% 8293 97052 6688 41%
c - 5843.68 98 194 183 3042 311793 1 111826585 116929 1.6 147 92 3 57 51% 8293 97052 6688 41%
c ] 5843.88 99 196 184 3042 311796 1 111831564 121884 1.6 147 91 3 57 51% 8293 97052 6688 41%
c { 5843.88 99 302 184 3042 311796 6 111831564 121884 1.9 80 41 2 13 65% 8293 97052 6688 41%
c - 5845.86 101 283 184 3043 312119 5 111881740 139869 1.9 71 38 2 13 61% 8294 97052 6688 41%
c - 5848.05 103 261 184 3044 312476 4 111936903 158095 1.8 64 35 2 13 55% 8294 97052 6688 41%
c - 5851.28 105 248 184 3045 313173 5 111992075 164688 1.8 65 37 2 13 53% 8294 97052 6688 41%
c
c  seconds      switched         rate              size/glue  tier1     binary        remaining
c           MB      reductions       conflicts           size   tier2      irredundant
c             level        restarts          redundant      glue    trail        variables
c
c - 5854.69 103 242 184 3046 313839 5 112047257 162888 1.7 67 38 2 13 52% 8294 97052 6688 41%
c - 5858.16 105 242 184 3047 314436 5 112102447 165584 1.8 68 39 2 13 53% 8294 97052 6688 41%
c - 5861.58 103 241 184 3048 315051 5 112157646 168806 1.7 69 39 2 13 52% 8294 97052 6688 41%
c - 5865.12 102 239 184 3049 315674 5 112212854 170935 1.7 70 40 2 13 52% 8294 97052 6688 41%
c - 5868.68 106 237 184 3050 316301 5 112268071 173040 1.7 71 41 2 13 52% 8294 97052 6688 41%
c - 5872.34 100 236 184 3051 316899 5 112323297 175622 1.7 72 41 2 13 52% 8294 97052 6688 41%
c - 5876.22 106 235 184 3052 317544 5 112378532 176903 1.7 73 42 2 13 52% 8294 97052 6688 41%
c - 5879.67 106 236 184 3053 318045 4 112433777 178816 1.7 71 41 2 13 51% 8294 97052 6688 41%
c - 5881.77 104 239 184 3054 318188 3 112489030 185638 1.8 61 34 2 13 52% 8294 97052 6688 41%
c - 5885.37 106 236 184 3055 318895 4 112544293 187039 1.7 64 37 2 13 51% 8294 97052 6688 41%
c - 5889.16 107 237 184 3056 319609 4 112599565 181313 1.7 68 39 2 13 51% 8294 97052 6688 41%
c u 5892.15 105 240 184 3056 319800 4 112619430 192322 1.7 68 39 2 13 52% 8294 97052 6688 41%
c v 5893.73 107 240 184 3056 319800 4 112619430 168163 1.7 68 39 2 13 52% 8294 97052 6688 41%
c w 5895.21 116 240 184 3056 319800 4 112619430 167742 1.7 68 39 2 13 52% 8294 97052 6688 41%
c - 5897.59 103 239 184 3057 320176 4 112654846 157394 1.7 69 40 2 13 52% 8295 97052 6688 41%
c o 5900.07 102 237 184 3057 320644 5 112692671 194862 1.7 70 41 2 13 52% 8295 97052 6688 41%
c - 5901.35 103 239 184 3058 320853 5 112710137 164360 1.7 71 41 2 13 52% 8295 97052 6688 41%
c - 5904.66 104 246 184 3059 321379 4 112765436 169211 1.7 71 41 2 13 53% 8295 97052 6688 41%
c - 5908.21 105 245 184 3060 321944 4 112820746 173621 1.7 71 41 2 13 53% 8295 97052 6688 41%
c - 5911.94 105 246 184 3061 322476 4 112876064 176853 1.8 70 40 2 13 53% 8295 97052 6688 41%
c
c  seconds      switched         rate              size/glue  tier1     binary        remaining
c           MB      reductions       conflicts           size   tier2      irredundant
c             level        restarts          redundant      glue    trail        variables
c
c - 5915.35 100 239 184 3062 322975 4 112931391 179867 1.8 70 40 2 13 52% 8295 97052 6688 41%
c - 5918.79 100 238 184 3063 323564 4 112986727 180746 1.7 70 41 2 13 51% 8295 97052 6688 41%
c - 5922.40 105 239 184 3064 324131 4 113042071 179885 1.7 71 41 2 13 52% 8295 97052 6688 41%
c - 5926.50 104 239 184 3065 324829 4 113097425 180293 1.7 74 43 2 13 52% 8295 97052 6688 41%
c - 5930.43 105 238 184 3066 325358 4 113152788 181944 1.7 74 42 2 13 52% 8295 97052 6688 41%
c - 5934.27 107 235 184 3067 325934 4 113208161 184123 1.7 74 43 2 13 51% 8295 97052 6688 41%
c - 5937.77 106 232 184 3068 326415 4 113263542 185860 1.7 73 42 2 13 51% 8295 97052 6688 41%
c } 5941.59 105 233 185 3068 327004 4 113316327 238144 1.7 74 43 2 13 51% 8295 97052 6688 41%
c [ 5941.59 105 196 185 3068 327004 1 113316327 238144 1.6 147 91 3 57 51% 8295 97052 6688 41%
c B 5941.59 105 196 185 3068 327004 1 113316327 238144 1.6 147 91 3 57 51% 8295 97052 6688 41%
c - 5941.76 106 198 185 3069 327006 1 113318932 185893 1.6 146 90 3 57 51% 8295 97052 6688 41%
c - 5944.81 108 202 185 3070 327033 1 113374331 173105 1.7 135 81 3 57 53% 8295 97052 6688 41%
c - 5947.92 108 207 185 3071 327049 1 113429738 149105 1.7 136 81 3 57 55% 8295 97052 6688 41%
c - 5951.19 107 209 185 3072 327066 1 113485154 141029 1.7 144 83 3 57 57% 8295 97052 6688 41%
c - 5954.30 107 207 185 3073 327081 1 113540579 139289 1.8 145 80 2 57 57% 8295 97052 6688 41%
c - 5957.33 107 220 185 3074 327098 1 113596013 139163 1.8 153 84 2 57 57% 8295 97052 6688 41%
c - 5960.73 108 221 185 3075 327126 1 113651456 141472 1.8 145 80 2 57 57% 8295 97052 6688 41%
c - 5963.64 106 216 185 3076 327129 1 113706908 144629 1.9 147 77 2 57 58% 8295 97052 6688 41%
c - 5968.48 110 210 185 3077 327130 1 113762369 138043 1.7 149 86 2 57 53% 8295 97052 6688 41%
c - 5971.94 108 211 185 3078 327152 1 113817839 132416 1.7 147 86 2 57 53% 8295 97052 6688 41%
c
c  seconds      switched         rate              size/glue   tier1     binary        remaining
c           MB      reductions       conflicts           size    tier2      irredundant
c             level        restarts          redundant       glue    trail        variables
c
c u 5973.66 105 210 185 3078 327152 1 113820742 125817 1.7 146 86 2 57 53% 8295 97052 6688 41%
c v 5974.32 106 210 185 3078 327152 1 113820742 116390 1.7 146 86 2 57 53% 8295 97052 6688 41%
c w 5976.20 112 210 185 3078 327152 1 113820742 110473 1.7 146 86 2 57 53% 8295 97052 6688 41%
c - 5978.81 106 206 185 3079 327171 1 113873321 124552 1.7 139 80 2 57 53% 8295 97052 6688 41%
c - 5981.48 107 203 185 3080 327192 1 113928809 133285 1.8 137 76 2 57 54% 8295 97052 6688 41%
c - 5984.85 108 195 185 3081 327200 1 113984307 128862 1.8 148 82 2 57 55% 8295 97052 6688 41%
c - 5987.35 110 201 185 3082 327224 1 114039814 128442 1.8 143 79 2 57 53% 8295 97052 6688 41%
c - 5990.27 112 205 185 3083 327245 1 114095330 131432 1.8 141 78 2 57 52% 8295 97052 6688 41%
c - 5993.10 109 202 185 3084 327256 1 114150855 131905 1.8 140 77 2 57 52% 8295 97052 6688 41%
c - 5995.88 109 202 185 3085 327257 1 114206389 133357 2.0 151 74 2 57 59% 8295 97052 6688 41%
c o 5997.33 103 197 185 3085 327258 1 114235605 162375 2.0 146 74 2 57 55% 8295 97052 6688 41%
c - 5998.22 108 209 185 3086 327258 1 114261931 128869 1.7 149 89 2 57 56% 8295 97052 6688 41%
c - 6001.76 72 225 185 3087 327258 1 114317482 111531 1.4 172 127 2 57 57% 8295 97052 6688 41%
c - 6004.62 70 234 185 3088 327262 1 114373043 98105 1.2 177 142 2 57 57% 8295 97052 6688 41%
c - 6006.70 91 228 185 3089 327288 1 114428613 117196 1.4 155 110 2 57 55% 8295 97052 6688 41%
c - 6009.06 99 217 185 3090 327305 1 114484193 132327 1.6 145 93 2 57 53% 8295 97052 6688 41%
c - 6011.68 104 212 185 3091 327321 1 114539780 132599 1.6 143 88 2 57 52% 8295 97052 6688 41%
c - 6014.23 105 208 185 3092 327336 1 114595376 131510 1.7 142 84 2 57 52% 8295 97052 6688 41%
c - 6016.98 105 208 185 3093 327355 1 114650981 136861 1.8 140 76 2 57 53% 8295 97052 6688 41%
c - 6019.77 106 203 185 3094 327382 1 114706595 140720 1.8 134 74 2 57 52% 8295 97052 6688 41%
c
c  seconds      switched         rate              size/glue   tier1     binary        remaining
c           MB      reductions       conflicts           size    tier2      irredundant
c             level        restarts          redundant       glue    trail        variables
c
c - 6022.74 106 196 185 3095 327384 1 114762218 138102 1.9 139 73 2 57 54% 8295 97052 6688 41%
c - 6025.39 107 206 185 3096 327385 1 114817850 129592 2.0 153 76 2 57 58% 8295 97052 6688 41%
c - 6027.73 114 212 185 3097 327407 1 114873491 125321 1.9 146 77 2 57 57% 8295 97052 6688 41%
c - 6030.02 112 209 185 3098 327428 1 114929141 123622 1.7 144 84 2 57 52% 8295 97052 6688 41%
c W 6030.33 96 210 185 3098 327430 1 114933226 127683 1.7 144 84 2 57 52% 8295 97052 6688 41%
c - 6032.95 96 216 185 3099 327447 1 114984801 122470 1.8 144 80 2 57 54% 8295 97052 6688 41%
c u 6036.09 96 212 185 3099 327451 1 115028930 160507 1.8 139 77 2 57 55% 8295 97052 6688 41%
c v 6036.70 113 212 185 3099 327451 1 115028930 154088 1.8 139 77 2 57 55% 8295 97052 6688 41%
c w 6037.99 145 212 185 3099 327451 1 115028930 154014 1.8 139 77 2 57 55% 8295 97052 6688 41%
c x 6038.41 146 212 185 3099 327451 1 115028930 154009 1.8 139 77 2 57 55% 8295 96997 6688 41%
c - 6039.04 110 211 185 3100 327458 1 115040469 119419 1.8 138 75 2 57 54% 8295 96997 6688 41%
c - 6041.85 111 212 185 3101 327479 1 115096147 121282 1.8 138 77 2 57 53% 8295 96997 6688 41%
c - 6044.69 111 205 185 3102 327501 1 115151833 118372 1.7 138 82 2 57 50% 8295 96997 6688 41%
c ] 6047.01 110 212 186 3102 327511 1 115199546 165745 1.8 141 79 2 57 52% 8295 96997 6688 41%
c { 6047.01 110 233 186 3102 327511 4 115199546 165745 1.7 74 43 2 13 51% 8295 96997 6688 41%
c - 6047.55 112 234 186 3103 327616 4 115207528 122509 1.7 75 43 2 13 51% 8295 96997 6688 41%
c - 6050.56 113 241 186 3104 328184 4 115263232 141021 1.7 76 44 2 13 52% 8295 96997 6688 41%
c - 6053.85 111 241 186 3105 328775 4 115318947 154241 1.7 78 45 2 13 52% 8295 96997 6688 41%
c - 6057.44 113 245 186 3106 329401 4 115374669 160170 1.7 79 46 2 13 52% 8296 96997 6688 41%
c - 6060.79 115 242 186 3107 329884 4 115430402 165687 1.7 78 45 2 13 52% 8296 96997 6688 41%
c
c  seconds      switched         rate              size/glue  tier1     binary        remaining
c           MB      reductions       conflicts           size   tier2      irredundant
c             level        restarts          redundant      glue    trail        variables
c
c - 6064.21 116 246 186 3108 330420 4 115486143 169752 1.7 79 45 2 13 53% 8296 96997 6688 41%
c - 6067.43 115 250 186 3109 330843 4 115541894 174140 1.7 74 42 2 13 52% 8296 96997 6688 41%
c - 6071.30 110 246 186 3110 331546 4 115597653 175544 1.7 78 45 2 13 52% 8296 96997 6688 41%
c - 6074.80 115 243 186 3111 332110 4 115653421 174412 1.7 79 46 2 13 52% 8296 96997 6688 41%
c - 6078.72 115 241 186 3112 332670 4 115709197 176611 1.7 81 47 2 13 52% 8296 96997 6688 41%
c o 6080.46 113 242 186 3112 332938 4 115735776 203006 1.7 82 47 2 13 52% 8296 96997 6688 41%
c - 6081.86 116 245 186 3113 333059 4 115764982 180662 1.7 75 43 2 13 53% 8296 96997 6688 41%
c - 6084.59 114 245 186 3114 333326 3 115820779 187854 1.8 70 40 2 13 54% 8296 96997 6688 41%
c - 6088.50 113 242 186 3115 334029 4 115876583 188719 1.7 75 43 2 13 53% 8296 96997 6688 41%
c - 6092.36 117 240 186 3116 334721 4 115932395 179171 1.7 80 47 2 13 52% 8296 96997 6688 41%
c - 6096.14 112 240 186 3117 335242 4 115988216 180333 1.7 81 47 2 13 52% 8296 96997 6688 41%
c - 6100.09 115 238 186 3118 335802 4 116044046 183644 1.7 83 48 2 13 52% 8296 96997 6688 41%
c - 6104.05 117 238 186 3119 336362 4 116099885 184092 1.7 84 49 2 13 51% 8296 96997 6688 41%
c - 6107.80 108 240 186 3120 336898 4 116155733 184440 1.7 86 49 2 13 51% 8296 96997 6688 41%
c - 6111.34 114 253 186 3121 337268 4 116211589 188715 1.8 82 46 2 13 54% 8296 96997 6688 41%
c u 6115.11 115 255 186 3121 337519 4 116243991 211062 1.8 79 44 2 13 54% 8296 96997 6688 41%
c v 6116.96 119 255 186 3121 337519 4 116243991 186689 1.8 79 44 2 13 54% 8296 96997 6688 41%
c w 6117.96 127 255 186 3121 337519 4 116243991 186358 1.8 79 44 2 13 54% 8296 96997 6688 41%
c - 6119.64 115 251 186 3122 337800 4 116267454 165118 1.8 80 45 2 13 53% 8296 96997 6688 41%
c - 6123.26 111 253 186 3123 338320 4 116323328 170352 1.8 81 46 2 13 54% 8296 96997 6688 41%
c
c  seconds      switched         rate              size/glue  tier1     binary        remaining
c           MB      reductions       conflicts           size   tier2      irredundant
c             level        restarts          redundant      glue    trail        variables
c
c - 6127.02 111 250 186 3124 338884 4 116379212 172275 1.8 84 48 2 13 54% 8297 96997 6688 41%
c - 6130.90 116 250 186 3125 339456 4 116435104 174362 1.8 86 49 2 13 53% 8297 96997 6688 41%
c - 6134.56 116 249 186 3126 339938 4 116491006 176419 1.8 85 49 2 13 53% 8297 96997 6688 41%
c - 6138.53 115 246 186 3127 340487 4 116546916 177425 1.7 88 50 2 13 53% 8297 96997 6688 41%
c - 6142.19 116 246 186 3128 340942 4 116602835 179485 1.8 88 50 2 13 54% 8297 96997 6688 41%
c - 6145.62 113 249 186 3129 341332 4 116658763 183234 1.8 85 48 2 13 54% 8297 96997 6688 41%
c } 6149.25 113 250 187 3129 341832 4 116713306 237351 1.8 85 48 2 13 54% 8297 96997 6688 41%
c [ 6149.25 113 212 187 3129 341832 1 116713306 237351 1.8 141 79 2 57 52% 8297 96997 6688 41%
c I 6149.25 113 212 187 3129 341832 1 116713306 237351 1.8 141 79 2 57 52% 8297 96997 6688 41%
c - 6149.40 114 213 187 3130 341833 1 116714700 183828 1.8 141 79 2 57 52% 8297 96997 6688 41%
c - 6152.28 114 214 187 3131 341860 1 116770649 173781 1.8 141 77 2 57 57% 8297 96997 6688 41%
c - 6155.37 114 211 187 3132 341877 1 116826605 153693 1.9 139 73 2 57 59% 8297 96997 6688 41%
c - 6158.19 113 216 187 3133 341894 1 116882569 149462 2.0 146 72 2 57 60% 8297 96997 6688 41%
c - 6161.96 107 226 187 3134 341909 1 116938542 145059 2.0 149 75 2 57 59% 8297 96997 6688 41%
c - 6165.26 114 225 187 3135 341928 1 116994525 143791 2.0 149 75 2 57 59% 8297 96997 6688 41%
c s 6168.06 113 225 187 3135 341954 1 117046858 195708 2.0 145 73 2 57 59% 8297 96985 6688 41%
c e 6168.08 100 225 187 3135 341954 1 117046858 195708 2.0 145 73 2 57 59% 8295 97002 6687 41%
c - 6168.37 109 226 187 3136 341955 1 117050517 147112 2.0 146 73 2 57 59% 8295 97002 6687 41%
c - 6171.74 115 218 187 3137 341957 1 117106518 146914 2.1 162 77 2 57 62% 8295 97002 6687 41%
c - 6175.00 113 204 187 3138 341958 1 117162526 142706 2.2 165 76 2 57 63% 8295 97002 6687 41%
c
c  seconds      switched         rate              size/glue   tier1     binary        remaining
c           MB      reductions       conflicts           size    tier2      irredundant
c             level        restarts          redundant       glue    trail        variables
c
c - 6178.53 114 207 187 3139 341981 1 117218543 139907 2.0 165 80 2 57 63% 8295 97002 6687 41%
c - 6181.14 116 206 187 3140 342002 1 117274570 144559 2.0 153 76 2 57 63% 8295 97002 6687 41%
c - 6184.55 115 208 187 3141 342020 1 117330605 148851 2.0 152 75 2 57 62% 8295 97002 6687 41%
c o 6185.00 108 207 187 3141 342021 1 117336922 155039 2.0 153 75 2 57 62% 8295 97002 6687 41%
c - 6187.58 116 212 187 3142 342032 1 117386650 147878 2.0 148 75 2 57 64% 8295 97002 6687 41%
c - 6190.68 115 219 187 3143 342052 1 117442703 146767 1.9 146 77 2 57 62% 8295 97002 6687 41%
c u 6193.47 114 220 187 3143 342061 1 117465928 162016 1.9 146 78 2 57 62% 8295 97002 6687 41%
c v 6194.21 115 220 187 3143 342061 1 117465928 150125 1.9 146 78 2 57 62% 8295 97002 6687 41%
c w 6196.76 135 220 187 3143 342061 1 117465928 149897 1.9 146 78 2 57 62% 8295 97002 6687 41%
c t 6196.79 135 220 187 3143 342061 1 117465928 149897 1.9 146 78 2 57 62% 8289 97002 6687 41%
c - 6198.55 114 224 187 3144 342076 1 117498765 132469 1.9 148 77 2 57 62% 8289 97002 6687 41%
c - 6202.09 114 222 187 3145 342084 1 117554836 135662 1.8 147 80 2 57 59% 8289 97002 6687 41%
c - 6205.99 113 218 187 3146 342085 1 117610918 130346 1.8 158 89 2 57 60% 8289 97002 6687 41%
c - 6210.16 70 214 187 3147 342086 1 117667008 124784 1.7 163 95 2 57 61% 8289 97002 6687 41%
c - 6214.42 69 212 187 3148 342086 1 117723106 124218 1.7 170 100 2 57 62% 8289 97002 6687 41%
c - 6218.45 108 210 187 3149 342096 1 117779214 127363 1.7 169 98 2 57 61% 8289 97002 6687 41%
c - 6221.56 108 212 187 3150 342117 1 117835329 137816 1.8 160 88 2 57 60% 8289 97002 6687 41%
c - 6224.60 108 212 187 3151 342140 1 117891454 138695 1.8 156 85 2 57 61% 8289 97002 6687 41%
c - 6228.21 108 209 187 3152 342149 1 117947587 140561 1.9 153 81 2 57 58% 8289 97002 6687 41%
c - 6231.54 109 214 187 3153 342171 1 118003729 142798 1.9 146 76 2 57 59% 8289 97002 6687 41%
c
c  seconds      switched         rate              size/glue   tier1     binary        remaining
c           MB      reductions       conflicts           size    tier2      irredundant
c             level        restarts          redundant       glue    trail        variables
c
c - 6234.46 109 217 187 3154 342191 1 118059881 147126 2.0 142 72 2 57 59% 8289 97002 6687 41%
c - 6237.37 109 216 187 3155 342211 1 118116042 144236 2.0 145 71 2 57 59% 8289 97002 6687 41%
c - 6240.99 112 215 187 3156 342213 1 118172211 140881 2.1 153 73 2 57 59% 8289 97002 6687 41%
c - 6244.23 112 212 187 3157 342218 1 118228389 141718 2.2 156 70 2 57 59% 8289 97002 6687 41%
c - 6246.92 112 221 187 3158 342243 1 118284577 146779 2.2 150 68 2 57 59% 8289 97002 6687 41%
c - 6250.54 114 223 187 3159 342262 1 118340774 141354 2.0 153 76 2 57 58% 8289 97002 6687 41%
c B 6251.69 111 225 187 3159 342274 1 118363682 164092 2.0 149 74 2 57 58% 8289 97002 6687 41%
c - 6253.80 113 219 187 3160 342276 1 118396979 137532 1.9 145 75 2 57 57% 8289 97002 6687 41%
c - 6257.21 113 214 187 3161 342292 1 118453192 136953 1.9 143 76 2 57 58% 8289 97002 6687 41%
c ] 6257.78 108 215 188 3161 342300 1 118466853 150503 1.9 142 76 2 57 57% 8289 97002 6687 41%
c { 6257.78 108 250 188 3161 342300 4 118466853 150503 1.8 85 48 2 13 54% 8289 97002 6687 41%
c - 6260.14 114 249 188 3162 342615 4 118509415 146183 1.8 83 47 2 13 54% 8289 97002 6687 41%
c - 6263.40 115 247 188 3163 343035 4 118565647 161905 1.8 81 44 2 13 54% 8289 97002 6687 41%
c - 6266.76 111 255 188 3164 343470 4 118621889 173300 1.8 77 42 2 14 53% 8289 97002 6687 41%
c - 6270.76 117 248 188 3165 344120 4 118678139 176632 1.8 78 44 2 14 52% 8289 97002 6687 41%
c u 6273.10 116 254 188 3165 344205 4 118694765 185898 1.8 76 43 2 14 53% 8289 97002 6687 41%
c v 6274.63 118 254 188 3165 344205 4 118694765 168974 1.8 76 43 2 14 53% 8289 97002 6687 41%
c w 6275.64 126 254 188 3165 344205 4 118694765 168124 1.8 76 43 2 14 53% 8289 97002 6687 41%
c - 6278.30 112 250 188 3166 344680 4 118734398 158968 1.8 77 44 2 14 53% 8289 97002 6687 41%
c - 6281.81 116 244 188 3167 345160 4 118790665 167170 1.8 78 44 2 14 52% 8289 97002 6687 41%
c
c  seconds      switched         rate              size/glue  tier1     binary        remaining
c           MB      reductions       conflicts           size   tier2      irredundant
c             level        restarts          redundant      glue    trail        variables
c
c - 6285.42 113 246 188 3168 345631 4 118846941 174610 1.8 77 43 2 14 53% 8289 97002 6687 41%
c o 6286.09 114 248 188 3168 345756 4 118857033 184627 1.8 78 44 2 14 53% 8289 97002 6687 41%
c - 6288.71 116 251 188 3169 346068 4 118903225 179804 1.8 74 42 2 14 54% 8289 97002 6687 41%
c - 6292.52 116 249 188 3170 346672 4 118959519 181056 1.7 77 44 2 14 53% 8289 97002 6687 41%
c - 6296.21 118 252 188 3171 347100 4 119015821 182158 1.8 75 42 2 14 54% 8289 97002 6687 41%
c - 6300.31 116 251 188 3172 347497 4 119072133 187360 1.8 74 41 2 14 54% 8289 97002 6687 41%
c - 6304.24 118 246 188 3173 348146 4 119128453 189632 1.8 75 43 2 14 53% 8289 97002 6687 41%
c - 6308.40 118 245 188 3174 348836 4 119184784 183885 1.7 80 46 2 14 52% 8289 97002 6687 41%
c - 6312.44 114 244 188 3175 349369 4 119241123 184282 1.8 81 46 2 14 53% 8289 97002 6687 41%
c - 6316.50 117 243 188 3176 349969 4 119297471 186767 1.7 84 48 2 14 53% 8289 97002 6687 41%
c - 6320.80 118 243 188 3177 350438 4 119353828 189280 1.8 83 47 2 14 53% 8289 97002 6687 41%
c - 6324.55 115 243 188 3178 350859 4 119410193 192961 1.8 82 46 2 14 52% 8289 97002 6687 41%
c - 6328.92 114 244 188 3179 351462 4 119466566 192568 1.8 85 48 2 14 53% 8289 97002 6687 41%
c - 6332.65 114 246 188 3180 351889 4 119522949 193510 1.8 85 46 2 14 54% 8289 97002 6687 41%
c - 6336.57 117 247 188 3181 352410 4 119579341 195560 1.8 84 47 2 14 54% 8289 97002 6687 41%
c - 6340.95 119 244 188 3182 352992 4 119635742 193762 1.8 87 49 2 14 54% 8289 97002 6687 41%
c - 6345.05 118 248 188 3183 353416 4 119692152 195808 1.8 84 47 2 14 54% 8289 97002 6687 41%
c - 6349.07 118 246 188 3184 353999 4 119748572 197419 1.7 86 49 2 14 53% 8289 97002 6687 41%
c - 6353.41 117 244 188 3185 354549 4 119804998 197247 1.8 85 49 2 14 53% 8289 97002 6687 41%
c - 6356.43 109 248 188 3186 354818 4 119861433 203923 1.8 76 42 2 14 54% 8289 97002 6687 41%
c
c  seconds      switched         rate              size/glue  tier1     binary        remaining
c           MB      reductions       conflicts           size   tier2      irredundant
c             level        restarts          redundant      glue    trail        variables
c
c - 6360.70 119 242 188 3187 355544 4 119917878 203080 1.7 82 47 2 14 52% 8289 97002 6687 41%
c u 6363.35 116 243 188 3187 355675 4 119930502 205571 1.7 82 47 2 14 53% 8289 97002 6687 41%
c v 6364.94 120 243 188 3187 355675 4 119930502 180226 1.7 82 47 2 14 53% 8289 97002 6687 41%
c w 6366.18 126 243 188 3187 355675 4 119930502 179879 1.7 82 47 2 14 53% 8289 97002 6687 41%
c - 6369.00 116 245 188 3188 356056 4 119974333 171530 1.7 83 48 2 14 53% 8289 97002 6687 41%
c } 6371.24 114 243 189 3188 356419 4 120009841 206784 1.7 84 48 2 14 52% 8289 97002 6687 41%
c [ 6371.24 114 215 189 3188 356419 1 120009841 206784 1.9 142 76 2 57 57% 8289 97002 6687 41%
c - 6372.35 116 215 189 3189 356432 1 120030795 173110 1.8 144 79 2 57 56% 8289 97002 6687 41%
c W 6372.82 97 215 189 3189 356432 1 120030878 173193 1.8 144 79 2 57 56% 8289 97002 6687 41%
c - 6375.78 114 212 189 3190 356449 1 120087266 163393 1.8 141 77 2 57 56% 8289 97002 6687 41%
c - 6379.06 114 208 189 3191 356477 1 120143748 151411 1.8 139 77 2 57 55% 8289 97002 6687 41%
c - 6383.18 116 215 189 3192 356481 1 120200236 139956 1.7 161 96 2 57 57% 8289 97002 6687 41%
c - 6387.20 71 206 189 3193 356507 1 120256733 125381 1.6 161 103 2 57 56% 8289 97002 6687 41%
c - 6391.25 70 204 189 3194 356526 1 120313241 122519 1.5 163 107 2 57 55% 8289 97002 6687 41%
c - 6394.99 69 197 189 3195 356543 1 120369756 125048 1.5 160 106 2 57 55% 8289 97002 6687 41%
c - 6399.26 68 197 189 3196 356545 1 120426280 125950 1.5 161 109 2 57 54% 8289 97002 6687 41%
c o 6403.46 103 197 189 3196 356552 1 120477506 176551 1.4 163 113 2 57 54% 8289 97002 6687 41%
c - 6403.63 72 200 189 3197 356554 1 120482813 122897 1.4 162 113 2 57 54% 8289 97002 6687 41%
c - 6406.17 97 203 189 3198 356576 1 120539355 136905 1.5 149 96 2 57 55% 8289 97002 6687 41%
c - 6409.45 102 201 189 3199 356598 1 120595906 143774 1.6 143 90 2 57 55% 8289 97002 6687 41%
c
c  seconds      switched         rate              size/glue   tier1     binary        remaining
c           MB      reductions       conflicts           size    tier2      irredundant
c             level        restarts          redundant       glue    trail        variables
c
c - 6412.69 106 201 189 3200 356608 1 120652466 143292 1.7 146 86 2 57 57% 8289 97002 6687 41%
c - 6415.65 108 208 189 3201 356630 1 120709034 146199 1.8 147 81 2 57 59% 8289 97002 6687 41%
c - 6418.37 108 208 189 3202 356650 1 120765611 150851 1.9 144 76 2 57 58% 8289 97002 6687 41%
c - 6421.52 109 207 189 3203 356670 1 120822197 149475 1.9 144 76 2 57 56% 8289 97002 6687 41%
c - 6425.18 113 213 189 3204 356672 1 120878792 147407 2.0 155 77 2 57 56% 8289 97002 6687 41%
c - 6430.23 112 222 189 3205 356673 1 120935396 136105 1.7 163 95 2 57 53% 8289 97002 6687 41%
c - 6434.32 107 208 189 3206 356673 1 120992010 133893 1.8 160 87 2 57 53% 8289 97002 6687 41%
c - 6437.66 113 199 189 3207 356673 1 121048633 146889 2.0 152 78 2 57 55% 8289 97002 6687 41%
c - 6440.96 114 202 189 3208 356696 1 121105263 153607 1.9 145 76 2 57 54% 8289 97002 6687 41%
c - 6443.92 115 201 189 3209 356717 1 121161902 149154 1.8 143 77 2 57 54% 8289 97002 6687 41%
c u 6446.15 113 198 189 3209 356719 1 121173141 151209 1.8 142 78 2 57 54% 8289 97002 6687 41%
c v 6446.65 114 198 189 3209 356719 1 121173141 141393 1.8 142 78 2 57 54% 8289 97002 6687 41%
c w 6449.33 130 198 189 3209 356719 1 121173141 140502 1.8 142 78 2 57 54% 8289 97002 6687 41%
c - 6458.31 114 201 189 3210 356735 1 121218551 131553 1.9 141 75 2 57 54% 8289 97002 6687 41%
c - 6461.43 115 208 189 3211 356748 1 121275207 132736 1.8 145 80 2 57 53% 8289 97002 6687 41%
c - 6464.40 113 197 189 3212 356767 1 121331872 130477 1.8 141 81 2 57 53% 8289 97002 6687 41%
c - 6467.50 114 202 189 3213 356793 1 121388548 132481 1.8 139 78 2 57 53% 8289 97002 6687 41%
c - 6469.82 112 200 189 3214 356799 1 121445233 139735 1.9 136 72 2 57 54% 8289 97002 6687 41%
c - 6472.30 116 199 189 3215 356800 1 121501926 141810 2.0 136 68 2 57 56% 8289 97002 6687 41%
c - 6475.06 116 203 189 3216 356820 1 121558626 138515 2.0 137 69 2 57 56% 8289 97002 6687 41%
c
c  seconds      switched         rate              size/glue   tier1     binary        remaining
c           MB      reductions       conflicts           size    tier2      irredundant
c             level        restarts          redundant       glue    trail        variables
c
c - 6477.93 115 202 189 3217 356839 1 121615335 135623 1.9 137 72 2 57 54% 8289 97002 6687 41%
c - 6480.86 114 203 189 3218 356862 1 121672053 135704 2.0 137 70 2 56 55% 8289 97002 6687 41%
c O 6483.11 111 207 189 3218 356863 1 121714952 178415 2.0 139 69 2 56 57% 8289 97002 6687 41%
c - 6483.61 114 207 189 3219 356870 1 121728780 136117 2.0 134 68 2 56 56% 8289 97002 6687 41%
c - 6486.65 114 212 189 3220 356894 1 121785516 128953 1.9 142 77 2 56 55% 8289 97002 6687 41%
c - 6489.63 114 218 189 3221 356916 1 121842261 125982 1.9 141 75 2 56 55% 8289 97002 6687 41%
c - 6492.51 113 216 189 3222 356926 1 121899014 130524 2.0 138 71 2 56 56% 8289 97002 6687 41%
c ] 6493.00 106 215 190 3222 356926 1 121906717 138168 2.0 138 70 2 56 56% 8289 97002 6687 41%
c { 6493.00 106 243 190 3222 356926 4 121906717 138168 1.7 84 48 2 14 52% 8289 97002 6687 41%
c - 6495.17 116 242 190 3223 357221 4 121955777 143234 1.8 81 45 2 14 54% 8289 97002 6687 41%
c - 6498.28 116 242 190 3224 357751 4 122012548 159885 1.8 79 44 2 14 54% 8289 97002 6687 41%
c o 6498.59 113 242 190 3224 357803 4 122017803 165093 1.8 79 44 2 14 54% 8289 97002 6687 41%
c - 6501.77 116 244 190 3225 358300 4 122069328 165178 1.8 78 44 2 14 54% 8289 97002 6687 41%
c - 6505.35 116 242 190 3226 358823 4 122126119 170850 1.7 76 44 2 14 54% 8289 97002 6687 41%
c - 6509.04 114 239 190 3227 359424 4 122182916 176047 1.7 76 44 2 14 53% 8289 97002 6687 41%
c - 6512.82 118 238 190 3228 360048 4 122239722 179129 1.7 76 45 2 14 53% 8289 97002 6687 41%
c - 6516.98 116 236 190 3229 360717 5 122296537 180228 1.7 78 46 2 14 53% 8289 97002 6687 41%
c - 6520.96 118 235 190 3230 361349 5 122353363 182032 1.7 80 47 2 14 53% 8289 97002 6687 41%
c - 6524.71 117 237 190 3231 361870 4 122410197 185267 1.7 78 46 2 14 52% 8289 97002 6687 41%
c u 6526.98 116 238 190 3231 362001 4 122422682 190479 1.7 78 46 2 14 53% 8289 97002 6687 41%
c
c  seconds      switched         rate              size/glue  tier1     binary        remaining
c           MB      reductions       conflicts           size   tier2      irredundant
c             level        restarts          redundant      glue    trail        variables
c
c v 6528.09 118 238 190 3231 362001 4 122422682 167345 1.7 78 46 2 14 53% 8289 97002 6687 41%
c w 6529.51 125 238 190 3231 362001 4 122422682 165577 1.7 78 46 2 14 53% 8289 97002 6687 41%
c - 6532.36 114 237 190 3232 362427 4 122467038 164007 1.7 77 45 2 14 52% 8289 97002 6687 41%
c - 6536.00 114 237 190 3233 363011 4 122523889 171302 1.7 78 46 2 14 53% 8289 97002 6687 41%
c - 6539.77 118 241 190 3234 363575 4 122580749 175313 1.7 79 46 2 14 53% 8289 97002 6687 41%
c - 6542.85 118 238 190 3235 363910 4 122637618 181329 1.8 74 42 2 14 51% 8289 97002 6687 41%
c - 6546.40 118 235 190 3236 364158 3 122694495 188276 1.8 71 39 2 14 50% 8289 97002 6687 41%
c - 6550.51 112 235 190 3237 364951 4 122751381 192005 1.7 74 42 2 14 51% 8289 97002 6687 41%
c - 6554.80 119 235 190 3238 365648 4 122808275 183062 1.7 77 44 2 14 52% 8289 97002 6687 41%
c - 6558.73 116 233 190 3239 366232 4 122865178 184064 1.7 77 45 2 14 52% 8289 97002 6687 41%
c - 6562.87 118 235 190 3240 366861 5 122922090 186305 1.7 79 46 2 14 53% 8289 97002 6687 41%
c - 6566.85 119 233 190 3241 367481 4 122979010 187226 1.7 80 47 2 14 53% 8289 97002 6687 41%
c - 6570.92 118 239 190 3242 368020 4 123035939 188339 1.7 81 46 2 14 54% 8289 97002 6687 41%
c - 6575.09 119 237 190 3243 368632 4 123092877 189396 1.7 82 47 2 14 53% 8289 97002 6687 41%
c - 6579.23 116 238 190 3244 369217 4 123149826 190289 1.7 82 48 2 14 53% 8290 97002 6687 41%
c - 6583.15 118 239 190 3245 369760 4 123206782 193043 1.7 80 46 2 14 54% 8290 97002 6687 41%
c - 6587.11 118 243 190 3246 370293 4 123263748 195774 1.7 79 45 2 14 54% 8290 97002 6687 41%
c - 6590.04 118 245 190 3247 370628 4 123320722 199795 1.8 73 41 2 14 53% 8290 97002 6687 41%
c - 6594.34 118 239 190 3248 371370 4 123377704 200496 1.7 76 44 2 14 52% 8290 97002 6687 41%
c - 6598.72 118 237 190 3249 372069 4 123434695 195436 1.7 79 46 2 14 52% 8290 97002 6687 41%
c
c  seconds      switched         rate              size/glue  tier1     binary        remaining
c           MB      reductions       conflicts           size   tier2      irredundant
c             level        restarts          redundant      glue    trail        variables
c
c } 6602.35 116 235 191 3249 372587 5 123479165 239547 1.7 82 47 2 14 53% 8290 97002 6687 41%
c [ 6602.35 116 215 191 3249 372587 1 123479165 239547 2.0 138 70 2 56 56% 8290 97002 6687 41%
c B 6602.35 116 215 191 3249 372587 1 123479165 239547 2.0 138 70 2 56 56% 8290 97002 6687 41%
c - 6603.08 117 214 191 3250 372594 1 123491695 192285 1.9 138 72 2 56 55% 8290 97002 6687 41%
c - 6606.11 116 206 191 3251 372617 1 123548703 178855 1.9 135 73 2 56 56% 8290 97002 6687 41%
c o 6607.19 112 217 191 3251 372624 1 123569481 199470 1.9 136 72 2 56 56% 8290 97002 6687 41%
c - 6608.83 116 220 191 3252 372639 1 123605721 156454 1.8 136 77 2 56 56% 8290 97002 6687 41%
c - 6611.47 114 225 191 3253 372649 1 123662749 147449 1.9 145 77 2 56 56% 8290 97002 6687 41%
c u 6613.91 113 224 191 3253 372652 1 123679122 152357 2.0 147 75 2 56 57% 8290 97002 6687 41%
c v 6614.51 114 224 191 3253 372652 1 123679122 140213 2.0 147 75 2 56 57% 8290 97002 6687 41%
c w 6617.43 130 224 191 3253 372652 1 123679122 137958 2.0 147 75 2 56 57% 8290 97002 6687 41%
c - 6619.64 113 225 191 3254 372671 1 123719785 128097 1.9 146 75 2 56 56% 8290 97002 6687 41%
c - 6622.38 114 226 191 3255 372692 1 123776829 135336 2.0 142 72 2 56 56% 8290 97002 6687 41%
c - 6625.01 114 223 191 3256 372711 1 123833882 138798 1.9 140 72 2 56 56% 8290 97002 6687 41%
c - 6628.15 112 209 191 3257 372713 1 123890944 133905 1.9 146 78 2 56 55% 8290 97002 6687 41%
c - 6632.61 116 199 191 3258 372720 1 123948014 123707 1.8 161 89 2 56 53% 8290 97002 6687 41%
c - 6635.46 115 205 191 3259 372744 1 124005092 128169 1.8 150 83 2 56 53% 8290 97002 6687 41%
c - 6638.15 114 212 191 3260 372765 1 124062180 133098 1.8 147 81 2 56 53% 8290 97002 6687 41%
c - 6641.13 113 206 191 3261 372776 1 124119276 129341 1.8 151 83 2 56 53% 8290 97002 6687 41%
c - 6644.50 116 205 191 3262 372797 1 124176381 131558 1.9 146 79 2 56 52% 8290 97002 6687 41%
c
c  seconds      switched         rate              size/glue   tier1     binary        remaining
c           MB      reductions       conflicts           size    tier2      irredundant
c             level        restarts          redundant       glue    trail        variables
c
c - 6647.61 115 216 191 3263 372817 1 124233494 136482 1.9 149 79 2 56 53% 8290 97002 6687 41%
c - 6650.57 114 209 191 3264 372838 1 124290617 133836 1.8 147 80 2 56 54% 8290 97002 6687 41%
c - 6654.47 113 204 191 3265 372840 1 124347748 128333 1.8 160 87 2 56 55% 8290 97002 6687 41%
c - 6658.91 70 200 191 3266 372841 1 124404889 121824 1.8 169 94 2 56 55% 8290 97002 6687 41%
c - 6663.34 71 197 191 3267 372841 1 124462038 121369 1.8 171 96 2 56 55% 8290 97002 6687 41%
c - 6668.91 70 194 191 3268 372841 1 124519197 118478 1.8 180 101 2 56 55% 8290 97002 6687 41%
c - 6672.40 71 201 191 3269 372865 1 124576363 123830 1.8 167 94 2 56 55% 8290 97002 6687 41%
c - 6674.98 103 208 191 3270 372886 1 124633539 132749 1.8 157 88 2 56 55% 8290 97002 6687 41%
c - 6677.46 103 213 191 3271 372903 1 124690723 138589 1.9 145 76 2 56 55% 8290 97002 6687 41%
c - 6680.91 114 211 191 3272 372918 1 124747916 138030 1.9 151 81 2 56 54% 8290 97002 6687 41%
c - 6683.87 111 216 191 3273 372935 1 124805118 129667 1.8 150 83 2 56 54% 8290 97002 6687 41%
c - 6686.52 112 224 191 3274 372963 1 124862330 133328 1.8 145 78 2 56 55% 8290 97002 6687 41%
c - 6689.32 111 208 191 3275 372967 1 124919549 136146 1.9 148 77 2 56 55% 8290 97002 6687 41%
c u 6692.19 114 206 191 3275 372968 1 124942487 151808 1.9 145 78 2 56 53% 8290 97002 6687 41%
c v 6692.78 114 206 191 3275 372968 1 124942487 144356 1.9 145 78 2 56 53% 8290 97002 6687 41%
c w 6695.77 141 206 191 3275 372968 1 124942487 144153 1.9 145 78 2 56 53% 8290 97002 6687 41%
c - 6697.56 107 201 191 3276 372968 1 124976778 118920 1.8 148 81 2 56 53% 8290 97002 6687 41%
c - 6700.42 111 201 191 3277 372990 1 125034015 121892 1.8 142 80 2 56 52% 8290 97002 6687 41%
c - 6703.42 71 199 191 3278 373012 1 125091260 120791 1.6 138 87 2 56 50% 8290 97002 6687 41%
c - 6706.06 69 196 191 3279 373030 1 125148513 114337 1.5 134 89 2 56 50% 8290 97002 6687 41%
c
c  seconds     switched         rate              size/glue   tier1     binary        remaining
c          MB      reductions       conflicts           size    tier2      irredundant
c            level        restarts          redundant       glue    trail        variables
c
c W 6708.50 79 196 191 3279 373038 1 125197163 162584 1.5 135 91 2 56 51% 8290 97002 6687 41%
c o 6708.52 79 196 191 3279 373038 1 125197163 162584 1.5 135 91 2 56 51% 8290 97002 6687 41%
c - 6708.82 55 200 191 3280 373044 1 125205780 113179 1.5 132 90 2 57 51% 8290 97002 6687 41%
c - 6710.97 55 205 191 3281 373062 1 125263052 118191 1.5 131 85 2 57 50% 8290 97002 6687 41%
c - 6713.35 101 207 191 3282 373090 1 125320332 127538 1.7 129 76 2 57 52% 8290 97002 6687 41%
c ] 6715.27 100 203 192 3282 373094 1 125373280 180175 1.8 128 71 2 57 52% 8290 97002 6687 41%
c { 6715.27 100 235 192 3282 373094 5 125373280 180175 1.7 82 47 2 14 53% 8290 97002 6687 41%
c - 6715.53 104 235 192 3283 373126 4 125377620 133521 1.7 81 47 2 14 53% 8290 97002 6687 41%
c - 6717.53 101 231 192 3284 373294 3 125434917 149683 1.7 70 40 2 14 50% 8290 97002 6687 41%
c - 6720.16 103 232 192 3285 373747 3 125492224 167244 1.8 67 39 2 14 50% 8290 97002 6687 41%
c - 6723.70 106 231 192 3286 374437 4 125549538 168070 1.7 70 40 2 14 50% 8290 97002 6687 41%
c - 6727.12 107 228 192 3287 375036 4 125606861 168592 1.8 71 40 2 14 50% 8290 97002 6687 41%
c - 6730.66 106 229 192 3288 375670 4 125664194 171903 1.8 72 41 2 14 50% 8290 97002 6687 41%
c - 6733.63 103 224 192 3289 376083 4 125721535 177554 1.8 69 39 2 14 50% 8290 97002 6687 41%
c - 6737.37 107 226 192 3290 376760 4 125778885 180372 1.8 71 40 2 14 50% 8290 97002 6687 41%
c - 6739.93 107 215 192 3291 377051 4 125836243 184511 1.8 63 35 2 14 48% 8290 97002 6687 41%
c - 6743.84 105 218 192 3292 377838 4 125893612 187029 1.8 68 39 2 14 49% 8290 97002 6687 41%
c - 6747.22 103 233 192 3293 378386 4 125950989 182949 1.8 68 38 2 14 52% 8290 97002 6687 41%
c - 6751.41 100 232 192 3294 379072 4 126008374 184369 1.8 71 40 2 14 52% 8290 97002 6687 41%
c - 6755.64 107 228 192 3295 379841 4 126065768 183258 1.8 75 42 2 14 51% 8290 97002 6687 41%
c
c  seconds      switched         rate              size/glue  tier1     binary        remaining
c           MB      reductions       conflicts           size   tier2      irredundant
c             level        restarts          redundant      glue    trail        variables
c
c - 6759.74 101 225 192 3296 380492 4 126123170 183643 1.8 77 43 2 14 51% 8290 97002 6687 41%
c - 6763.42 107 232 192 3297 380980 4 126180581 187185 1.8 76 43 2 14 52% 8290 97002 6687 41%
c u 6766.43 107 236 192 3297 381297 4 126212778 212926 1.8 76 43 2 14 52% 8290 97002 6687 41%
c v 6767.68 108 236 192 3297 381297 4 126212778 195434 1.8 76 43 2 14 52% 8290 97002 6687 41%
c w 6768.40 121 236 192 3297 381297 4 126212778 195359 1.8 76 43 2 14 52% 8290 97002 6687 41%
c x 6768.90 121 236 192 3297 381297 4 126212778 195353 1.8 76 43 2 14 52% 8290 96960 6687 41%
c - 6770.65 106 236 192 3298 381567 4 126238000 170246 1.8 75 43 2 14 52% 8290 96960 6687 41%
c - 6774.26 103 234 192 3299 382160 4 126295429 174935 1.8 75 43 2 14 51% 8290 96960 6687 41%
c - 6778.19 107 234 192 3300 382837 4 126352866 178377 1.8 77 44 2 14 51% 8290 96960 6687 41%
c - 6781.83 105 232 192 3301 383277 4 126410311 182120 1.8 76 42 2 14 52% 8290 96960 6687 41%
c - 6785.81 102 228 192 3302 384030 4 126467765 183356 1.8 79 44 2 14 51% 8290 96960 6687 41%
c - 6789.45 107 233 192 3303 384577 4 126525229 183330 1.8 77 44 2 14 52% 8290 96960 6687 41%
c - 6793.04 106 235 192 3304 385109 4 126582700 187065 1.8 75 42 2 14 52% 8290 96960 6687 41%
c - 6796.26 108 235 192 3305 385528 4 126640182 192076 1.8 70 40 2 14 51% 8290 96960 6687 41%
c - 6800.34 108 227 192 3306 386204 4 126697671 193637 1.8 72 41 2 14 50% 8290 96960 6687 41%
c - 6804.59 106 226 192 3307 386882 4 126755168 190887 1.8 76 43 2 14 51% 8290 96960 6687 41%
c o 6805.41 101 225 192 3307 387019 4 126767256 202840 1.8 76 43 2 14 51% 8290 96960 6687 41%
c - 6808.81 107 224 192 3308 387587 4 126812675 189725 1.8 78 44 2 14 51% 8290 96960 6687 41%
c - 6812.62 107 225 192 3309 388166 4 126870190 191285 1.8 79 44 2 14 51% 8290 96960 6687 41%
c - 6816.83 107 228 192 3310 388760 4 126927714 193102 1.8 79 45 2 14 51% 8290 96960 6687 41%
c
c  seconds      switched         rate              size/glue  tier1     binary        remaining
c           MB      reductions       conflicts           size   tier2      irredundant
c             level        restarts          redundant      glue    trail        variables
c
c } 6818.96 108 234 193 3310 388913 3 126975416 239994 1.8 74 40 2 14 51% 8290 96960 6687 41%
c [ 6818.96 108 203 193 3310 388913 1 126975416 239994 1.8 128 71 2 57 52% 8290 96960 6687 41%
c I 6818.96 108 203 193 3310 388913 1 126975416 239994 1.8 128 71 2 57 52% 8290 96960 6687 41%
c - 6819.54 103 206 193 3311 388919 1 126985247 195682 1.8 129 71 2 57 53% 8290 96960 6687 41%
c - 6822.69 119 215 193 3312 388943 1 127042788 177556 1.8 137 75 2 56 56% 8290 96960 6687 41%
c - 6825.97 117 221 193 3313 388965 1 127100337 154797 1.8 141 78 2 56 57% 8290 96960 6687 41%
c - 6829.78 114 219 193 3314 388975 1 127157898 148250 1.9 159 82 2 56 60% 8290 96960 6687 41%
c - 6833.71 117 218 193 3315 388997 1 127215466 144236 1.9 162 85 2 56 60% 8290 96960 6687 41%
c - 6836.86 115 217 193 3316 389019 1 127273043 149754 1.9 157 81 2 56 60% 8290 96960 6687 41%
c - 6839.78 115 218 193 3317 389037 1 127330628 154357 1.9 150 79 2 56 59% 8290 96960 6687 41%
c - 6843.12 115 213 193 3318 389039 1 127388221 150902 1.9 158 81 2 56 59% 8290 96960 6687 41%
c - 6846.98 119 214 193 3319 389046 1 127445825 142492 2.0 170 85 2 56 60% 8290 96960 6687 41%
c u 6850.52 119 217 193 3319 389068 1 127489993 175278 1.9 156 80 2 56 58% 8290 96960 6687 41%
c v 6851.33 119 217 193 3319 389068 1 127489993 162843 1.9 156 80 2 56 58% 8290 96960 6687 41%
c w 6854.41 144 217 193 3319 389068 1 127489993 162314 1.9 156 80 2 56 58% 8290 96960 6687 41%
c - 6855.10 113 215 193 3320 389070 1 127503436 129459 2.0 155 79 2 56 58% 8290 96960 6687 41%
c - 6857.87 115 215 193 3321 389092 1 127561055 136835 1.9 144 77 2 56 56% 8290 96960 6687 41%
c - 6860.52 118 223 193 3322 389102 1 127618686 137750 1.8 150 81 2 57 57% 8290 96960 6687 41%
c - 6863.33 117 225 193 3323 389124 1 127676323 135680 1.8 148 83 2 57 57% 8290 96960 6687 41%
c - 6866.04 118 218 193 3324 389146 1 127733969 141275 1.8 142 79 2 57 58% 8290 96960 6687 41%
c
c  seconds      switched         rate              size/glue   tier1     binary        remaining
c           MB      reductions       conflicts           size    tier2      irredundant
c             level        restarts          redundant       glue    trail        variables
c
c - 6869.15 117 218 193 3325 389164 1 127791623 146007 1.9 146 77 2 57 59% 8290 96960 6687 41%
c - 6871.94 116 206 193 3326 389166 1 127849286 146563 2.0 144 73 2 57 59% 8290 96960 6687 41%
c - 6874.58 119 201 193 3327 389167 1 127906958 146572 2.0 142 71 2 57 59% 8290 96960 6687 41%
c - 6877.94 116 206 193 3328 389167 1 127964639 141913 2.0 150 75 2 57 60% 8290 96960 6687 41%
c - 6881.19 119 208 193 3329 389167 1 128022327 140984 2.1 153 73 2 57 64% 8290 96960 6687 41%
c - 6884.17 119 208 193 3330 389196 1 128080024 145514 2.0 143 71 2 56 60% 8290 96960 6687 41%
c - 6886.84 118 209 193 3331 389213 1 128137731 146308 2.0 139 71 2 56 58% 8290 96960 6687 41%
c - 6889.48 118 205 193 3332 389230 1 128195446 145764 2.0 136 70 2 56 59% 8290 96960 6687 41%
c s 6892.98 118 206 193 3332 389245 1 128249399 199205 2.0 151 76 2 56 61% 8290 96956 6687 41%
c - 6893.19 119 205 193 3333 389245 1 128253170 143025 2.0 150 76 2 56 61% 8290 96956 6687 41%
c - 6896.75 117 210 193 3334 389266 1 128310904 135104 1.9 165 85 2 56 61% 8290 96956 6687 41%
c o 6898.99 115 213 193 3334 389284 1 128350665 174403 1.9 163 86 2 56 62% 8290 96956 6687 41%
c - 6900.00 117 216 193 3335 389291 1 128368645 132456 1.9 160 85 2 56 61% 8290 96956 6687 41%
c - 6902.79 115 211 193 3336 389294 1 128426395 137962 2.0 160 81 2 56 61% 8290 96956 6687 41%
c - 6905.88 115 202 193 3337 389294 1 128484153 136704 2.1 165 79 2 56 60% 8290 96956 6687 41%
c - 6909.52 117 207 193 3338 389323 1 128541921 133249 2.0 161 81 2 56 60% 8290 96956 6687 41%
c - 6913.88 119 206 193 3339 389340 1 128599698 131994 1.9 162 87 2 56 61% 8290 96956 6687 41%
c - 6917.50 117 207 193 3340 389357 1 128657483 131239 1.9 162 85 2 56 62% 8290 96956 6687 41%
c - 6920.88 119 207 193 3341 389372 1 128715275 130765 1.9 161 84 2 56 62% 8290 96956 6687 41%
c B 6921.46 112 207 193 3341 389379 1 128727556 142927 1.9 160 83 2 56 62% 8290 96956 6687 41%
c
c  seconds      switched         rate              size/glue   tier1     binary        remaining
c           MB      reductions       conflicts           size    tier2      irredundant
c             level        restarts          redundant       glue    trail        variables
c
c - 6924.41 116 203 193 3342 389394 1 128773076 128639 1.9 161 87 2 56 62% 8290 96956 6687 41%
c u 6925.68 114 203 193 3342 389395 1 128774133 123855 1.9 161 87 2 56 62% 8290 96956 6687 41%
c v 6925.93 115 203 193 3342 389395 1 128774133 118082 1.9 161 87 2 56 62% 8290 96956 6687 41%
c w 6928.08 123 203 193 3342 389395 1 128774133 112536 1.9 161 87 2 56 62% 8290 96956 6687 41%
c - 6930.90 116 203 193 3343 389419 1 128830887 119211 1.9 149 80 2 56 59% 8290 96956 6687 41%
c - 6934.64 115 196 193 3344 389421 1 128888705 125178 2.0 166 82 2 56 59% 8290 96956 6687 41%
c - 6938.51 114 191 193 3345 389422 1 128946532 119431 2.0 168 83 2 56 58% 8290 96956 6687 41%
c - 6940.82 113 178 193 3346 389422 1 129004372 122159 2.0 146 75 2 56 50% 8290 96956 6687 41%
c ] 6942.59 114 176 194 3346 389422 1 129033942 151518 2.0 149 74 2 56 50% 8290 96956 6687 41%
c { 6942.59 114 234 194 3346 389422 3 129033942 151518 1.8 74 40 2 14 51% 8290 96956 6687 41%
c - 6942.96 116 217 194 3347 389438 3 129062216 132124 1.8 65 37 2 14 44% 8290 96956 6687 41%
c - 6943.71 115 191 194 3348 389494 3 129120070 151950 1.7 53 31 2 14 36% 8290 96956 6687 41%
c - 6944.43 118 168 194 3349 389551 2 129177931 166104 1.7 45 27 2 14 29% 8290 96956 6687 41%
c - 6945.42 118 168 194 3350 389651 2 129235802 168488 1.7 39 23 2 14 29% 8291 96956 6687 41%
c - 6946.42 116 158 194 3351 389877 2 129293682 167721 1.6 35 22 2 14 25% 8291 96956 6687 41%
c - 6947.48 121 147 194 3352 390258 3 129351570 169360 1.5 32 21 2 14 22% 8291 96956 6687 41%
c - 6948.47 120 137 194 3353 390560 3 129409466 167597 1.5 31 20 2 14 20% 8291 96956 6687 41%
c - 6949.91 118 134 194 3354 391056 3 129467371 169556 1.4 30 21 2 14 19% 8291 96956 6687 41%
c - 6951.65 117 137 194 3355 391617 4 129525284 173907 1.4 31 22 2 14 20% 8291 96956 6687 41%
c - 6952.78 120 135 194 3356 391944 3 129583207 175198 1.4 30 21 2 14 20% 8291 96956 6687 41%
c
c  seconds      switched         rate              size/glue  tier1     binary        remaining
c           MB      reductions       conflicts           size   tier2      irredundant
c             level        restarts          redundant      glue    trail        variables
c
c - 6954.26 120 129 194 3357 392421 4 129641137 173487 1.4 30 22 2 14 18% 8291 96956 6687 41%
c - 6955.78 114 125 194 3358 392864 3 129699077 177800 1.4 31 22 2 14 18% 8293 96956 6687 41%
c - 6957.17 120 132 194 3359 393265 3 129757025 179344 1.4 31 22 2 14 19% 8294 96956 6687 41%
c - 6958.78 118 132 194 3360 393696 3 129814981 180025 1.4 31 22 2 14 19% 8294 96956 6687 41%
c - 6960.22 120 128 194 3361 394212 3 129872947 180135 1.4 33 24 2 15 18% 8295 96956 6687 41%
c - 6961.91 118 131 194 3362 394686 4 129930921 181910 1.4 32 24 2 15 18% 8296 96956 6687 41%
c o 6962.18 115 131 194 3362 394768 4 129941466 190806 1.4 32 24 2 15 18% 8296 96956 6687 41%
c - 6964.01 120 129 194 3363 395233 4 129988903 185515 1.4 33 25 2 15 18% 8297 96956 6687 41%
c - 6965.32 122 134 194 3364 395545 3 130046894 185314 1.4 33 24 2 15 20% 8297 96956 6687 41%
c u 6966.57 120 135 194 3364 395669 3 130065200 196295 1.4 33 24 2 15 20% 8298 96956 6687 41%
c v 6967.49 125 135 194 3364 395669 3 130065200 170345 1.4 33 24 2 15 20% 8298 96956 6687 41%
c w 6967.89 144 135 194 3364 395669 3 130065200 169151 1.4 33 24 2 15 20% 8298 96956 6687 41%
c - 6969.18 118 134 194 3365 396037 3 130104894 162103 1.4 33 24 2 15 20% 8299 96956 6687 41%
c - 6970.74 114 131 194 3366 396425 3 130162903 171493 1.4 33 24 2 15 19% 8300 96956 6687 41%
c - 6972.79 119 126 194 3367 396996 3 130220920 178769 1.3 35 26 2 15 19% 8300 96956 6687 41%
c - 6974.00 118 127 194 3368 397259 3 130278946 181003 1.4 33 24 2 15 19% 8301 96956 6687 41%
c - 6976.29 121 124 194 3369 397845 3 130336980 183124 1.4 35 25 2 15 19% 8301 96956 6687 41%
c - 6978.32 117 128 194 3370 398319 3 130395024 186179 1.4 36 26 2 15 20% 8301 96956 6687 41%
c - 6980.47 119 128 194 3371 398769 3 130453075 187197 1.4 36 27 2 15 20% 8301 96956 6687 41%
c - 6983.11 116 124 194 3372 399353 3 130511136 188845 1.3 37 28 2 15 20% 8301 96956 6687 41%
c
c  seconds      switched         rate              size/glue  tier1     binary        remaining
c           MB      reductions       conflicts           size   tier2      irredundant
c             level        restarts          redundant      glue    trail        variables
c
c - 6984.80 119 136 194 3373 399669 3 130569206 188907 1.4 37 27 2 15 22% 8302 96956 6687 41%
c - 6986.99 119 132 194 3374 400143 3 130627284 187618 1.4 37 27 2 15 21% 8302 96956 6687 41%
c } 6988.11 118 133 195 3374 400364 3 130665994 221389 1.4 36 26 2 15 21% 8303 96956 6687 41%
c [ 6988.11 118 176 195 3374 400364 1 130665994 221389 2.0 149 74 2 56 50% 8303 96956 6687 41%
c W 6988.34 101 176 195 3374 400364 1 130665994 221389 2.0 149 74 2 56 50% 8303 96956 6687 41%
c - 6989.13 101 182 195 3375 400376 1 130685370 181988 1.9 144 75 2 56 51% 8303 96956 6687 41%
c - 6991.91 120 192 195 3376 400394 1 130743466 154487 1.7 140 84 2 56 52% 8303 96956 6687 41%
c - 6994.68 72 197 195 3377 400423 1 130801570 130165 1.6 131 84 2 57 52% 8303 96956 6687 41%
c - 6997.87 69 195 195 3378 400426 1 130859682 126225 1.5 137 90 2 57 53% 8303 96956 6687 41%
c - 7000.95 71 197 195 3379 400455 1 130917804 121875 1.4 135 94 2 57 51% 8303 96956 6687 41%
c - 7004.00 71 196 195 3380 400472 1 130975934 123140 1.4 136 94 2 57 51% 8303 96956 6687 41%
c - 7007.23 70 196 195 3381 400489 1 131034071 123677 1.4 136 97 2 57 51% 8303 96956 6687 41%
c - 7012.12 69 193 195 3382 400490 1 131092219 116354 1.3 146 110 2 57 50% 8303 96956 6687 41%
c - 7015.96 71 192 195 3383 400504 1 131150374 109611 1.3 146 110 2 57 50% 8303 96956 6687 41%
c - 7018.51 70 193 195 3384 400522 1 131208538 122675 1.5 142 97 2 57 52% 8303 96956 6687 41%
c - 7021.65 102 192 195 3385 400551 1 131266713 127768 1.4 140 97 2 57 51% 8303 96956 6687 41%
c - 7025.35 69 193 195 3386 400555 1 131324893 121599 1.4 149 104 2 57 52% 8303 96956 6687 41%
c u 7029.55 94 192 195 3386 400574 1 131363219 149390 1.4 154 108 2 57 53% 8303 96956 6687 41%
c v 7029.91 95 192 195 3386 400574 1 131363219 139887 1.4 154 108 2 57 53% 8303 96956 6687 41%
c w 7033.30 144 192 195 3386 400574 1 131363219 138176 1.4 154 108 2 57 53% 8303 96956 6687 41%
c
c  seconds     switched         rate              size/glue    tier1     binary        remaining
c          MB      reductions       conflicts           size     tier2      irredundant
c            level        restarts          redundant       glue     trail        variables
c
c - 7034.72 67 194 195 3387 400583 1 131383085 101399 1.4 154 106 2 57 53% 8303 96956 6687 41%
c - 7038.69 67 192 195 3388 400602 1 131441283 104242 1.4 155 108 2 57 52% 8303 96956 6687 41%
c - 7042.87 63 199 195 3389 400616 1 131499489 106563 1.6 179 112 2 57 59% 8303 96956 6687 41%
c ] 7046.39 101 198 196 3389 400617 1 131542098 147795 1.7 193 115 2 57 61% 8303 96956 6687 41%
c { 7046.39 101 133 196 3389 400617 3 131542098 147795 1.4 36 26 2 15 21% 8303 96956 6687 41%
c o 7046.45 103 133 196 3389 400625 3 131542536 148211 1.4 36 26 2 15 22% 8303 96956 6687 41%
c - 7047.39 68 148 196 3390 400882 4 131557705 109533 1.4 41 29 2 15 26% 8303 96956 6687 41%
c - 7050.75 88 186 196 3391 401841 5 131615929 134620 1.6 56 36 2 15 38% 8303 96956 6687 41%
c - 7054.40 94 210 196 3392 402619 5 131674161 156092 1.6 65 40 2 15 44% 8303 96956 6687 41%
c - 7058.22 95 226 196 3393 403308 5 131732401 166222 1.7 70 42 2 15 49% 8303 96956 6687 41%
c - 7062.27 101 231 196 3394 404044 5 131790650 171052 1.7 76 45 2 15 51% 8303 96956 6687 41%
c - 7066.43 101 235 196 3395 404765 5 131848909 172783 1.7 79 47 2 15 52% 8303 96956 6687 41%
c - 7070.63 102 238 196 3396 405417 5 131907175 175361 1.7 82 48 2 15 53% 8303 96956 6687 41%
c - 7074.67 102 244 196 3397 406043 5 131965450 177711 1.7 84 49 2 15 54% 8303 96956 6687 41%
c - 7078.72 100 248 196 3398 406656 4 132023734 179673 1.7 84 49 2 15 55% 8303 96956 6687 41%
c - 7083.02 103 243 196 3399 407288 4 132082027 180696 1.7 86 50 2 15 55% 8303 96956 6687 41%
c - 7087.20 98 248 196 3400 407814 4 132140329 182522 1.7 86 50 2 15 55% 8303 96956 6687 41%
c - 7091.61 99 245 196 3401 408447 4 132198638 183753 1.7 89 51 2 15 55% 8303 96956 6687 41%
c - 7096.05 103 243 196 3402 409045 4 132256956 184317 1.7 89 51 2 15 55% 8303 96956 6687 41%
c - 7100.32 104 241 196 3403 409621 4 132315282 185600 1.7 88 51 2 15 54% 8303 96956 6687 41%
c
c  seconds      switched         rate              size/glue  tier1     binary        remaining
c           MB      reductions       conflicts           size   tier2      irredundant
c             level        restarts          redundant      glue    trail        variables
c
c - 7104.69 104 240 196 3404 410224 4 132373618 186695 1.7 89 52 2 15 55% 8303 96956 6687 41%
c - 7109.04 105 242 196 3405 410780 4 132431961 187692 1.7 89 51 2 15 55% 8303 96956 6687 41%
c - 7113.56 100 244 196 3406 411383 4 132490313 189003 1.7 89 51 2 15 55% 8303 96956 6687 41%
c - 7118.11 99 239 196 3407 411988 4 132548674 189379 1.7 90 52 2 15 55% 8303 96956 6687 41%
c - 7122.64 105 241 196 3408 412578 4 132607043 191376 1.7 89 51 2 15 55% 8303 96956 6687 41%
c - 7127.49 103 240 196 3409 413210 4 132665421 192440 1.7 90 52 2 15 55% 8303 96956 6687 41%
c u 7129.14 102 239 196 3409 413239 4 132668187 186197 1.7 90 52 2 15 55% 8303 96956 6687 41%
c v 7130.54 104 239 196 3409 413239 4 132668187 158304 1.7 90 52 2 15 55% 8303 96956 6687 41%
c w 7132.87 112 239 196 3409 413239 4 132668187 155746 1.7 90 52 2 15 55% 8303 96956 6687 41%
c - 7136.51 97 247 196 3410 413630 4 132723808 163618 1.8 88 50 2 15 55% 8303 96956 6687 41%
c - 7140.48 103 256 196 3411 414087 4 132782203 173841 1.8 85 48 2 15 56% 8303 96956 6687 41%
c - 7144.62 101 248 196 3412 414707 4 132840607 177899 1.7 84 49 2 15 55% 8303 96956 6687 41%
c - 7148.92 105 247 196 3413 415383 4 132899019 178541 1.7 86 50 2 15 55% 8303 96956 6687 41%
c - 7153.11 97 248 196 3414 415922 4 132957439 180068 1.7 86 50 2 15 55% 8303 96956 6687 41%
c - 7157.48 105 246 196 3415 416513 4 133015868 182890 1.7 87 50 2 15 55% 8303 96956 6687 41%
c - 7161.69 97 243 196 3416 417113 4 133074306 184276 1.7 88 51 2 15 54% 8303 96956 6687 41%
c - 7165.77 100 245 196 3417 417669 4 133132753 186381 1.7 88 50 2 15 55% 8303 96956 6687 41%
c - 7167.63 102 257 196 3418 417699 3 133191208 195913 1.7 69 40 2 15 58% 8303 96956 6687 41%
c o 7167.73 102 257 196 3418 417700 3 133193659 198310 1.7 69 39 2 15 58% 8303 96956 6687 41%
c } 7168.44 103 254 197 3418 417854 3 133204296 208874 1.7 70 41 2 15 57% 8303 96956 6687 41%
c
c  seconds      switched         rate              size/glue    tier1     binary        remaining
c           MB      reductions       conflicts           size     tier2      irredundant
c             level        restarts          redundant       glue     trail        variables
c
c [ 7168.44 103 198 197 3418 417854 1 133204296 208874 1.7 193 115 2 57 61% 8303 96956 6687 41%
c O 7168.44 103 198 197 3418 417854 1 133204296 208874 1.7 193 115 2 57 61% 8303 96956 6687 41%
c - 7169.64 106 199 197 3419 417875 1 133249672 185744 1.6 158 97 2 57 54% 8303 96956 6687 41%
c - 7171.47 103 201 197 3420 417897 1 133308145 161355 1.5 134 88 2 57 50% 8303 96956 6687 41%
c - 7173.75 103 203 197 3421 417915 1 133366625 145324 1.5 126 85 2 57 49% 8303 96956 6687 41%
c - 7176.19 103 201 197 3422 417930 1 133425114 141710 1.5 123 85 2 57 48% 8303 96956 6687 41%
c - 7178.75 101 200 197 3423 417947 1 133483611 138274 1.4 124 88 2 57 47% 8303 96956 6687 41%
c - 7180.96 104 206 197 3424 417976 1 133542118 140834 1.4 118 82 2 57 48% 8303 96956 6687 41%
c - 7183.71 104 198 197 3425 417979 1 133600632 141377 1.5 131 88 2 57 51% 8303 96956 6687 41%
c - 7186.74 73 193 197 3426 417980 1 133659157 128180 1.5 136 94 2 58 50% 8303 96956 6687 41%
c - 7189.06 71 197 197 3427 418007 1 133717689 129501 1.4 128 90 2 58 48% 8303 96956 6687 41%
c - 7191.45 98 199 197 3428 418026 1 133776230 134370 1.4 126 90 2 58 49% 8303 96956 6687 41%
c - 7194.09 102 201 197 3429 418043 1 133834779 136666 1.4 128 90 2 58 49% 8303 96956 6687 41%
c - 7196.95 107 202 197 3430 418058 1 133893337 138569 1.5 134 91 2 58 51% 8303 96956 6687 41%
c - 7198.99 106 202 197 3431 418079 1 133951903 141858 1.5 124 85 2 58 48% 8303 96956 6687 41%
c u 7201.39 105 207 197 3431 418090 1 133980105 160321 1.4 123 86 2 58 48% 8303 96956 6687 41%
c v 7201.93 107 207 197 3431 418090 1 133980105 149385 1.4 123 86 2 58 48% 8303 96956 6687 41%
c w 7204.36 140 207 197 3431 418090 1 133980105 148811 1.4 123 86 2 58 48% 8303 96956 6687 41%
c - 7205.66 104 210 197 3432 418104 1 134010477 126379 1.4 121 86 2 58 50% 8303 96956 6687 41%
c - 7208.01 66 209 197 3433 418107 1 134069060 123470 1.4 119 87 2 58 49% 8303 96956 6687 41%
c
c  seconds     switched         rate              size/glue   tier1     binary        remaining
c          MB      reductions       conflicts           size    tier2      irredundant
c            level        restarts          redundant       glue    trail        variables
c
c - 7210.71 71 207 197 3434 418107 1 134127651 120389 1.4 130 95 2 58 50% 8303 96956 6687 41%
c - 7214.13 70 206 197 3435 418108 1 134186253 114729 1.4 142 100 2 58 53% 8303 96956 6687 41%
c - 7217.89 70 203 197 3436 418108 1 134244863 110907 1.5 154 105 2 58 54% 8303 96956 6687 41%
c - 7220.69 71 203 197 3437 418130 1 134303480 115290 1.4 145 103 2 58 52% 8303 96956 6687 41%
c - 7223.47 71 206 197 3438 418152 1 134362107 121515 1.4 141 99 2 58 51% 8303 96956 6687 41%
c - 7225.98 98 205 197 3439 418170 1 134420742 129372 1.5 133 88 2 58 51% 8303 96956 6687 41%
c - 7228.53 104 200 197 3440 418185 1 134479387 135786 1.7 133 79 2 58 52% 8303 96956 6687 41%
c - 7231.13 104 200 197 3441 418202 1 134538038 136176 1.7 130 78 2 58 52% 8303 96956 6687 41%
c - 7233.85 108 207 197 3442 418231 1 134596698 135452 1.8 132 75 2 58 53% 8303 96956 6687 41%
c - 7236.46 110 215 197 3443 418234 1 134655366 138030 2.0 144 72 2 58 55% 8303 96956 6687 41%
c - 7239.17 109 211 197 3444 418235 1 134714043 134805 1.9 142 74 2 58 54% 8303 96956 6687 41%
c - 7241.82 112 210 197 3445 418263 1 134772728 134115 1.9 134 70 2 58 53% 8303 96956 6687 41%
c o 7243.68 110 210 197 3445 418274 1 134815609 176586 1.9 133 69 2 58 53% 8303 96956 6687 41%
c - 7244.27 112 214 197 3446 418281 1 134831423 137599 1.8 132 71 2 58 54% 8303 96956 6687 41%
c - 7246.91 112 211 197 3447 418298 1 134890125 136749 1.9 130 68 2 58 57% 8303 96956 6687 41%
c - 7250.32 114 224 197 3448 418313 1 134948836 131300 1.9 142 77 2 58 54% 8303 96956 6687 41%
c - 7252.59 114 224 197 3449 418335 1 135007555 125232 1.8 140 77 2 58 54% 8303 96956 6687 41%
c B 7252.61 105 224 197 3449 418335 1 135008058 125723 1.8 140 77 2 58 54% 8303 96956 6687 41%
c - 7255.25 113 218 197 3450 418360 1 135066284 127699 1.8 138 75 2 58 54% 8303 96956 6687 41%
c - 7258.80 113 212 197 3451 418362 1 135125020 126043 1.8 142 79 2 58 52% 8303 96956 6687 41%
c
c  seconds      switched         rate              size/glue   tier1     binary        remaining
c           MB      reductions       conflicts           size    tier2      irredundant
c             level        restarts          redundant       glue    trail        variables
c
c - 7263.98 114 205 197 3452 418363 1 135183765 118552 1.8 158 89 2 58 52% 8303 96956 6687 41%
c - 7267.80 112 196 197 3453 418363 1 135242518 116456 1.8 157 89 2 58 53% 8303 96956 6687 41%
c u 7274.15 118 191 197 3453 418363 1 135298974 164234 1.7 163 94 2 58 53% 8303 96956 6687 41%
c v 7274.53 119 191 197 3453 418363 1 135298974 157458 1.7 163 94 2 58 53% 8303 96956 6687 41%
c w 7278.76 178 191 197 3453 418363 1 135298974 156313 1.7 163 94 2 58 53% 8303 96956 6687 41%
c - 7279.00 66 191 197 3454 418363 1 135301280 101946 1.7 162 94 2 58 54% 8303 96956 6687 41%
c - 7281.70 70 190 197 3455 418364 1 135360051 104842 1.8 156 88 2 58 57% 8303 96956 6687 41%
c - 7285.87 69 189 197 3456 418364 1 135418830 99820 1.9 169 91 2 58 60% 8303 96956 6687 41%
c - 7289.22 67 187 197 3457 418364 1 135477618 100446 1.9 170 89 2 58 61% 8303 96956 6687 41%
c ] 7292.16 102 186 198 3457 418364 1 135525246 147585 1.9 174 92 2 58 61% 8303 96956 6687 41%
c { 7292.16 102 254 198 3457 418364 3 135525246 147585 1.7 70 41 2 15 57% 8303 96956 6687 41%
c - 7292.56 103 274 198 3458 418381 3 135536415 107774 1.7 68 39 2 15 59% 8303 96956 6687 41%
c - 7294.17 101 339 198 3459 418381 2 135595220 140744 1.8 55 30 2 15 64% 8303 96956 6687 41%
c - 7297.94 106 341 198 3460 418946 4 135654033 169891 1.9 57 30 2 15 65% 8303 96956 6687 41%
c - 7303.67 109 333 198 3461 419759 6 135712856 170967 1.9 62 33 2 15 64% 8303 96956 6687 41%
c - 7310.20 105 326 198 3462 420534 7 135771686 168842 1.9 67 36 2 15 64% 8303 96956 6687 41%
c - 7316.99 109 320 198 3463 421278 7 135830524 172239 1.9 71 38 2 15 64% 8303 96956 6687 41%
c - 7323.06 107 313 198 3464 421900 7 135889371 177005 1.9 72 38 2 15 64% 8303 96956 6687 41%
c - 7329.69 108 310 198 3465 422597 7 135948228 180260 1.9 74 39 2 15 64% 8303 96956 6687 41%
c - 7336.43 109 307 198 3466 423292 7 136007092 181772 1.9 75 40 2 15 64% 8303 96956 6687 41%
c
c  seconds      switched         rate              size/glue  tier1     binary        remaining
c           MB      reductions       conflicts           size   tier2      irredundant
c             level        restarts          redundant      glue    trail        variables
c
c - 7343.11 106 304 198 3467 423963 7 136065965 184195 1.9 77 41 2 15 65% 8303 96956 6687 41%
c - 7349.78 106 302 198 3468 424599 6 136124846 186710 1.9 79 41 2 15 65% 8303 96956 6687 41%
c - 7356.70 110 301 198 3469 425292 7 136183735 188244 1.9 79 42 2 15 65% 8303 96956 6687 41%
c - 7363.27 110 301 198 3470 425925 6 136242633 189769 1.9 80 42 2 15 65% 8303 96956 6687 41%
c - 7370.16 106 302 198 3471 426582 6 136301539 191936 1.9 80 42 2 15 65% 8303 96956 6687 41%
c - 7376.89 107 301 198 3472 427197 6 136360454 193921 1.9 82 42 2 15 65% 8303 96956 6687 41%
c - 7384.20 109 303 198 3473 427907 6 136419377 195454 1.9 82 43 2 15 65% 8303 96956 6687 41%
c o 7387.24 109 302 198 3473 428224 7 136445652 221443 1.9 83 43 2 15 65% 8303 96956 6687 41%
c - 7390.68 109 296 198 3474 428519 6 136478309 197242 1.9 82 43 2 15 65% 8303 96956 6687 41%
c - 7397.89 110 295 198 3475 429172 6 136537250 198999 1.9 82 43 2 15 65% 8303 96956 6687 41%
c - 7404.81 101 293 198 3476 429821 6 136596199 200252 1.9 81 43 2 15 65% 8304 96956 6687 41%
c u 7409.50 110 291 198 3476 430134 6 136624793 218712 1.9 82 43 2 15 65% 8304 96956 6687 41%
c v 7412.18 113 291 198 3476 430134 6 136624793 178704 1.9 82 43 2 15 65% 8304 96956 6687 41%
c w 7415.31 122 291 198 3476 430134 6 136624793 177971 1.9 82 43 2 15 65% 8304 96956 6687 41%
c t 7425.26 122 291 198 3476 430134 6 136624793 177971 1.9 82 43 2 15 65% 8303 96956 6687 41%
c - 7428.22 108 294 198 3477 430385 6 136655156 162254 1.9 81 42 2 15 66% 8303 96956 6687 41%
c - 7433.96 110 299 198 3478 430964 6 136714123 172937 1.9 79 41 2 15 66% 8303 96956 6687 41%
c - 7440.82 105 308 198 3479 431640 6 136773099 179517 1.9 79 41 2 15 66% 8303 96956 6687 41%
c - 7447.56 110 308 198 3480 432308 6 136832083 183292 1.9 79 42 2 15 65% 8303 96956 6687 41%
c - 7454.22 110 304 198 3481 432921 6 136891076 187552 1.9 78 41 2 15 64% 8304 96956 6687 41%
c
c  seconds      switched         rate              size/glue  tier1     binary        remaining
c           MB      reductions       conflicts           size   tier2      irredundant
c             level        restarts          redundant      glue    trail        variables
c
c - 7461.18 109 305 198 3482 433605 6 136950077 190362 1.9 80 42 2 15 65% 8304 96956 6687 41%
c - 7467.20 110 307 198 3483 434171 6 137009085 193072 1.9 79 41 2 15 66% 8304 96956 6687 41%
c - 7474.23 110 307 198 3484 434831 6 137068102 195570 1.9 80 42 2 15 65% 8304 96956 6687 41%
c - 7481.42 107 306 198 3485 435529 6 137127127 196230 1.9 81 43 2 15 65% 8304 96956 6687 41%
c - 7488.31 111 305 198 3486 436144 6 137186161 197638 1.9 82 43 2 15 65% 8304 96956 6687 41%
c } 7491.92 109 304 199 3486 436520 6 137217816 229035 1.9 83 44 2 15 66% 8305 96956 6687 41%
c [ 7491.92 109 186 199 3486 436520 1 137217816 229035 1.9 174 92 2 58 61% 8305 96956 6687 41%
c W 7492.21 91 186 199 3486 436520 1 137217816 229035 1.9 174 92 2 58 61% 8305 96956 6687 41%
c - 7493.64 113 189 199 3487 436534 1 137245203 191964 1.8 163 88 2 58 58% 8305 96956 6687 41%
c - 7496.72 125 196 199 3488 436554 1 137304255 170868 1.8 156 85 2 58 56% 8305 96956 6687 41%
c - 7500.19 121 206 199 3489 436580 1 137363315 148199 1.8 157 86 2 58 56% 8305 96956 6687 41%
c - 7504.03 120 200 199 3490 436588 1 137422382 140601 1.8 160 87 2 58 55% 8305 96956 6687 41%
c - 7506.84 119 193 199 3491 436613 1 137481459 139927 1.7 144 83 2 58 53% 8305 96956 6687 41%
c - 7510.12 121 202 199 3492 436635 1 137540543 143391 1.7 139 81 2 58 52% 8305 96956 6687 41%
c - 7513.22 119 208 199 3493 436645 1 137599636 144375 1.8 145 82 2 58 53% 8305 96956 6687 41%
c - 7517.53 124 213 199 3494 436646 1 137658738 137776 1.7 166 96 2 58 56% 8305 96956 6687 41%
c - 7520.88 124 211 199 3495 436667 1 137717850 134594 1.7 163 94 2 58 56% 8305 96956 6687 41%
c - 7524.13 123 211 199 3496 436688 1 137776970 140768 1.7 164 94 2 58 58% 8305 96956 6687 41%
c - 7527.49 124 213 199 3497 436708 1 137836097 142958 1.8 160 87 2 58 59% 8305 96956 6687 41%
c - 7530.91 125 211 199 3498 436723 1 137895232 147114 1.9 159 82 2 58 60% 8305 96956 6687 41%
c
c  seconds      switched         rate              size/glue   tier1     binary        remaining
c           MB      reductions       conflicts           size    tier2      irredundant
c             level        restarts          redundant       glue    trail        variables
c
c - 7534.64 124 216 199 3499 436740 1 137954375 146119 1.9 160 87 2 58 59% 8305 96956 6687 41%
c u 7536.38 121 216 199 3499 436742 1 137957589 136692 1.8 161 87 2 58 59% 8305 96956 6687 41%
c v 7537.28 123 216 199 3499 436742 1 137957589 123680 1.8 161 87 2 58 59% 8305 96956 6687 41%
c w 7540.67 134 216 199 3499 436742 1 137957589 119767 1.8 161 87 2 58 59% 8305 96956 6687 41%
c - 7543.78 124 216 199 3500 436769 1 138013527 127074 1.9 155 82 2 58 58% 8305 96956 6687 41%
c - 7549.10 123 205 199 3501 436773 1 138072690 129859 1.9 168 90 2 58 58% 8305 96956 6687 41%
c - 7555.24 76 199 199 3502 436773 1 138131860 119565 1.9 185 97 2 58 59% 8305 96956 6687 41%
c - 7560.57 119 194 199 3503 436774 1 138191037 119909 1.8 186 102 2 58 58% 8305 96956 6687 41%
c - 7566.80 119 190 199 3504 436774 1 138250223 120477 1.8 188 104 2 58 58% 8305 96956 6687 41%
c o 7571.58 121 193 199 3504 436792 1 138303127 172253 1.8 183 101 2 58 59% 8305 96956 6687 41%
c - 7571.82 118 197 199 3505 436796 1 138309418 125735 1.8 177 98 2 58 58% 8305 96956 6687 41%
c - 7575.00 120 200 199 3506 436817 1 138368621 138420 1.8 160 87 2 58 57% 8305 96956 6687 41%
c - 7577.79 121 206 199 3507 436836 1 138427832 140763 1.9 151 81 2 58 56% 8305 96956 6687 41%
c - 7580.78 122 208 199 3508 436851 1 138487051 136698 1.9 157 81 2 58 57% 8305 96956 6687 41%
c - 7583.50 120 215 199 3509 436868 1 138546280 131209 1.9 155 83 2 58 55% 8305 96956 6687 41%
c - 7586.03 121 219 199 3510 436898 1 138605517 132129 1.8 146 80 2 58 53% 8305 96956 6687 41%
c - 7589.16 120 229 199 3511 436901 1 138664763 130773 1.9 156 83 2 58 54% 8305 96956 6687 41%
c - 7592.24 119 225 199 3512 436901 1 138724016 127449 1.9 155 83 2 58 55% 8305 96956 6687 41%
c - 7595.25 121 218 199 3513 436930 1 138783279 130529 1.8 149 81 2 58 54% 8305 96956 6687 41%
c - 7598.05 121 217 199 3514 436947 1 138842549 136108 1.9 145 77 2 58 54% 8305 96956 6687 41%
c
c  seconds      switched         rate              size/glue   tier1     binary        remaining
c           MB      reductions       conflicts           size    tier2      irredundant
c             level        restarts          redundant       glue    trail        variables
c
c - 7601.25 120 208 199 3515 436964 1 138901829 135244 1.8 143 79 2 58 53% 8305 96956 6687 41%
c - 7604.38 122 206 199 3516 436982 1 138961116 134675 1.8 140 77 2 58 53% 8305 96956 6687 41%
c - 7607.13 121 211 199 3517 437003 1 139020412 137256 1.9 141 75 2 58 56% 8305 96956 6687 41%
c I 7608.87 119 210 199 3517 437020 1 139056263 172543 1.8 145 81 2 58 54% 8305 96956 6687 41%
c - 7610.19 122 209 199 3518 437026 1 139079717 131228 1.8 145 80 2 58 55% 8305 96956 6687 41%
c - 7613.97 119 216 199 3519 437028 1 139139030 126962 1.8 152 83 2 58 57% 8305 96956 6687 41%
c - 7618.52 120 210 199 3520 437029 1 139198351 120313 1.8 161 92 2 58 57% 8305 96956 6687 41%
c - 7622.57 118 201 199 3521 437029 1 139257680 117270 1.9 172 93 2 58 58% 8305 96956 6687 41%
c u 7626.54 124 197 199 3521 437029 1 139297363 149377 1.9 175 93 2 58 59% 8305 96956 6687 41%
c v 7627.07 124 197 199 3521 437029 1 139297363 142455 1.9 175 93 2 58 59% 8305 96956 6687 41%
c w 7629.91 164 197 199 3521 437029 1 139297363 142405 1.9 175 93 2 58 59% 8305 96956 6687 41%
c x 7630.31 165 197 199 3521 437029 1 139297363 142397 1.9 175 93 2 58 59% 8305 96924 6687 41%
c - 7631.60 118 198 199 3522 437029 1 139317018 111657 2.0 177 89 2 58 61% 8305 96924 6687 41%
c - 7636.04 94 222 199 3523 437030 1 139376364 116371 2.0 198 99 2 58 63% 8305 96924 6687 41%
c - 7640.94 89 235 199 3524 437030 1 139435720 112711 2.1 213 100 2 58 65% 8305 96924 6687 41%
c - 7646.95 92 242 199 3525 437030 1 139495084 110825 2.3 243 108 2 58 67% 8305 96924 6687 41%
c - 7653.43 91 246 199 3526 437030 1 139554457 109903 2.4 260 110 2 58 68% 8305 96924 6687 41%
c - 7657.65 124 238 199 3527 437045 1 139613837 119047 2.3 228 100 2 58 65% 8305 96924 6687 41%
c - 7660.18 123 228 199 3528 437068 1 139673227 130162 2.2 184 85 2 58 62% 8305 96924 6687 41%
c - 7663.02 124 218 199 3529 437092 1 139732623 133129 2.1 164 80 2 58 60% 8305 96924 6687 41%
c
c  seconds      switched         rate              size/glue   tier1     binary        remaining
c           MB      reductions       conflicts           size    tier2      irredundant
c             level        restarts          redundant       glue    trail        variables
c
c - 7665.81 125 209 199 3530 437102 1 139792028 128996 1.9 147 77 2 58 57% 8305 96924 6687 41%
c - 7668.92 124 208 199 3531 437124 1 139851441 126242 1.8 141 78 2 58 55% 8305 96924 6687 41%
c - 7671.94 124 211 199 3532 437151 1 139910863 128967 1.8 143 79 2 58 56% 8305 96924 6687 41%
c - 7675.33 122 211 199 3533 437156 1 139970293 129371 1.8 145 80 2 58 55% 8305 96924 6687 41%
c ] 7678.51 119 208 200 3533 437157 1 140004651 163246 1.7 147 88 2 58 52% 8305 96924 6687 41%
c { 7678.51 119 304 200 3533 437157 6 140004651 163246 1.9 83 44 2 15 66% 8305 96924 6687 41%
c o 7678.53 120 304 200 3533 437159 6 140004765 163360 1.9 83 44 2 15 65% 8305 96924 6687 41%
c - 7680.16 125 287 200 3534 437420 6 140029732 129910 1.9 82 44 2 15 63% 8305 96924 6687 41%
c s 7681.46 121 280 200 3534 437649 6 140052104 152078 1.8 82 44 2 15 62% 8305 96914 6687 41%
c e 7681.48 112 280 200 3534 437649 6 140052104 152078 1.8 82 44 2 15 62% 8304 96914 6686 41%
c - 7684.27 125 271 200 3535 438082 5 140089180 148502 1.8 84 46 2 15 60% 8304 96914 6686 41%
c - 7688.33 127 261 200 3536 438648 5 140148635 163131 1.8 84 46 2 15 59% 8304 96914 6686 41%
c - 7693.10 125 251 200 3537 439290 5 140208100 169869 1.8 87 48 2 15 58% 8304 96914 6686 41%
c - 7698.00 124 243 200 3538 439888 5 140267573 173450 1.8 89 49 2 15 58% 8304 96914 6686 41%
c - 7703.07 128 245 200 3539 440465 4 140327055 177067 1.8 90 49 2 15 57% 8304 96914 6686 41%
c - 7707.74 128 243 200 3540 440985 4 140386545 180427 1.8 90 49 2 15 57% 8304 96914 6686 41%
c - 7713.00 127 242 200 3541 441597 4 140446045 182990 1.8 92 50 2 16 57% 8304 96914 6686 41%
c - 7717.88 128 242 200 3542 442144 4 140505552 184411 1.8 91 50 2 16 57% 8304 96914 6686 41%
c - 7723.23 120 238 200 3543 442738 4 140565066 185937 1.8 93 52 2 16 56% 8304 96914 6686 41%
c - 7728.14 128 238 200 3544 443281 4 140624589 188044 1.8 93 51 2 16 56% 8304 96914 6686 41%
c
c  seconds      switched         rate              size/glue  tier1     binary        remaining
c           MB      reductions       conflicts           size   tier2      irredundant
c             level        restarts          redundant      glue    trail        variables
c
c u 7731.02 108 239 200 3544 443423 4 140644109 199806 1.8 92 51 2 16 56% 8305 96914 6686 41%
c v 7732.64 127 239 200 3544 443423 4 140644109 171160 1.8 92 51 2 16 56% 8305 96914 6686 41%
c w 7734.94 140 239 200 3544 443423 4 140644109 169380 1.8 92 51 2 16 56% 8305 96914 6686 41%
c - 7738.14 121 242 200 3545 443774 4 140684121 161116 1.8 93 51 2 16 57% 8305 96914 6686 41%
c - 7742.76 121 243 200 3546 444300 4 140743660 169778 1.8 93 51 2 16 57% 8305 96914 6686 41%
c - 7747.25 127 240 200 3547 444790 4 140803209 175055 1.8 92 51 2 16 57% 8305 96914 6686 41%
c - 7752.25 127 242 200 3548 445398 4 140862766 177464 1.8 93 52 2 16 57% 8305 96914 6686 41%
c - 7757.29 126 243 200 3549 445969 4 140922334 179372 1.8 95 53 2 16 57% 8305 96914 6686 41%
c - 7762.40 125 245 200 3550 446491 4 140981908 182104 1.8 95 53 2 16 57% 8305 96914 6686 41%
c - 7767.58 125 244 200 3551 447045 4 141041489 184259 1.8 97 54 2 16 58% 8305 96914 6686 41%
c - 7772.71 127 244 200 3552 447584 4 141101080 186222 1.9 99 53 2 16 59% 8305 96914 6686 41%
c - 7777.72 127 244 200 3553 448130 4 141160678 187868 1.8 99 54 2 16 58% 8305 96914 6686 41%
c - 7782.79 127 244 200 3554 448666 4 141220286 189096 1.8 100 54 2 16 58% 8305 96914 6686 41%
c - 7788.08 129 245 200 3555 449219 4 141279901 190087 1.8 100 55 2 16 58% 8305 96914 6686 41%
c - 7792.75 129 242 200 3556 449682 4 141339525 192895 1.8 97 54 2 16 57% 8305 96914 6686 41%
c - 7796.75 128 255 200 3557 450035 3 141399158 198026 1.8 89 48 2 16 59% 8305 96914 6686 41%
c - 7802.39 123 249 200 3558 450726 4 141458799 198344 1.8 94 52 2 16 58% 8305 96914 6686 41%
c - 7807.91 128 245 200 3559 451357 4 141518447 194333 1.8 98 54 2 16 58% 8305 96914 6686 41%
c - 7813.38 128 244 200 3560 451902 4 141578104 194461 1.8 102 56 2 16 58% 8305 96914 6686 41%
c - 7818.43 127 240 200 3561 452386 4 141637769 196834 1.8 102 55 2 16 58% 8305 96914 6686 41%
c
c  seconds      switched         rate              size/glue   tier1     binary        remaining
c           MB      reductions       conflicts           size    tier2      irredundant
c             level        restarts          redundant       glue    trail        variables
c
c o 7820.64 126 242 200 3561 452624 4 141665233 224092 1.9 104 56 2 16 59% 8305 96914 6686 41%
c - 7823.64 124 240 200 3562 452895 4 141697443 198513 1.9 103 55 2 16 58% 8305 96914 6686 41%
c } 7826.12 125 238 201 3562 453167 4 141727819 228470 1.8 102 56 2 16 57% 8305 96914 6686 41%
c [ 7826.12 125 208 201 3562 453167 1 141727819 228470 1.7 147 88 2 58 52% 8305 96914 6686 41%
c B 7826.12 125 208 201 3562 453167 1 141727819 228470 1.7 147 88 2 58 52% 8305 96914 6686 41%
c - 7827.64 128 205 201 3563 453181 1 141757125 194208 1.7 142 85 2 58 52% 8305 96914 6686 41%
c - 7830.60 127 200 201 3564 453203 1 141816815 179199 1.8 141 79 2 58 54% 8305 96914 6686 41%
c - 7833.70 126 204 201 3565 453228 1 141876514 161074 1.9 142 74 2 58 56% 8305 96914 6686 41%
c - 7837.95 95 209 201 3566 453236 1 141936221 152184 2.0 162 81 2 58 57% 8305 96914 6686 41%
c - 7841.12 115 210 201 3567 453260 1 141995937 152255 2.0 150 75 2 58 57% 8305 96914 6686 41%
c u 7842.65 112 210 201 3567 453260 1 141997829 143807 2.0 150 74 2 58 57% 8305 96914 6686 41%
c v 7843.46 113 210 201 3567 453260 1 141997829 129634 2.0 150 74 2 58 57% 8305 96914 6686 41%
c w 7846.62 122 210 201 3567 453260 1 141997829 125960 2.0 150 74 2 58 57% 8305 96914 6686 41%
c - 7849.91 116 212 201 3568 453285 1 142055662 135320 1.9 148 76 2 58 56% 8305 96914 6686 41%
c - 7853.54 121 204 201 3569 453292 1 142115394 139116 2.1 162 76 2 58 57% 8305 96914 6686 41%
c - 7857.12 121 200 201 3570 453293 1 142175135 143739 2.5 169 69 2 58 60% 8305 96914 6686 41%
c - 7860.22 124 208 201 3571 453318 1 142234885 147887 2.3 155 68 2 58 58% 8305 96914 6686 41%
c - 7863.28 124 208 201 3572 453339 1 142294644 150210 2.2 147 67 2 58 59% 8305 96914 6686 41%
c - 7866.51 124 205 201 3573 453356 1 142354411 147576 2.0 139 69 2 58 57% 8305 96914 6686 41%
c - 7869.34 124 203 201 3574 453371 1 142414185 147985 2.1 141 66 2 58 59% 8305 96914 6686 41%
c
c  seconds      switched         rate              size/glue   tier1     binary        remaining
c           MB      reductions       conflicts           size    tier2      irredundant
c             level        restarts          redundant       glue    trail        variables
c
c - 7872.68 125 210 201 3575 453393 1 142473968 147374 2.1 144 70 2 58 58% 8305 96914 6686 41%
c - 7876.02 125 209 201 3576 453418 1 142533760 144581 2.0 143 71 2 58 57% 8305 96914 6686 41%
c - 7879.35 124 220 201 3577 453420 1 142593559 141872 2.1 162 78 2 58 60% 8305 96914 6686 41%
c - 7883.63 92 232 201 3578 453421 1 142653369 132558 2.0 178 91 2 58 62% 8305 96914 6686 41%
c - 7889.15 92 220 201 3579 453421 1 142713185 123196 1.9 192 101 2 58 60% 8305 96914 6686 41%
c - 7894.98 76 213 201 3580 453421 1 142773009 117631 1.8 191 108 2 58 58% 8305 96914 6686 41%
c - 7898.35 112 209 201 3581 453450 1 142832844 132361 1.8 169 92 2 58 58% 8305 96914 6686 41%
c - 7901.42 113 196 201 3582 453467 1 142892688 144283 1.9 156 82 2 58 57% 8305 96914 6686 41%
c - 7904.41 114 196 201 3583 453484 1 142952537 143146 1.9 146 76 2 58 57% 8305 96914 6686 41%
c - 7907.61 115 195 201 3584 453502 1 143012396 145005 1.9 142 74 2 58 56% 8305 96914 6686 41%
c - 7910.96 116 202 201 3585 453525 1 143072264 146818 1.9 137 74 2 58 55% 8305 96914 6686 41%
c - 7913.67 116 200 201 3586 453546 1 143132139 148536 1.9 131 69 2 58 55% 8305 96914 6686 41%
c - 7917.03 119 208 201 3587 453548 1 143192022 153202 2.2 141 65 2 58 59% 8305 96914 6686 41%
c - 7920.45 127 200 201 3588 453557 1 143251913 152361 2.3 149 64 2 58 60% 8305 96914 6686 41%
c - 7923.36 126 211 201 3589 453579 1 143311813 146396 2.0 143 70 2 58 56% 8305 96914 6686 41%
c o 7925.48 125 216 201 3589 453597 1 143355282 189480 1.9 141 73 2 58 55% 8305 96914 6686 41%
c u 7927.08 127 217 201 3589 453599 1 143358524 185181 1.9 140 73 2 58 55% 8305 96914 6686 41%
c v 7928.01 129 217 201 3589 453599 1 143358524 171914 1.9 140 73 2 58 55% 8305 96914 6686 41%
c w 7931.19 155 217 201 3589 453599 1 143358524 171523 1.9 140 73 2 58 55% 8305 96914 6686 41%
c - 7931.85 125 214 201 3590 453606 1 143371721 125802 1.9 136 72 2 58 55% 8305 96914 6686 41%
c
c  seconds      switched         rate              size/glue   tier1     binary        remaining
c           MB      reductions       conflicts           size    tier2      irredundant
c             level        restarts          redundant       glue    trail        variables
c
c - 7934.82 124 208 201 3591 453611 1 143431637 125838 1.9 148 78 2 58 55% 8305 96914 6686 41%
c - 7937.51 125 217 201 3592 453640 1 143491562 125606 1.9 143 77 2 58 54% 8305 96914 6686 41%
c - 7940.09 125 224 201 3593 453659 1 143551495 127580 1.8 143 79 2 58 53% 8305 96914 6686 41%
c W 7942.62 109 222 201 3593 453674 1 143601166 176782 1.8 141 78 2 58 53% 8305 96914 6686 41%
c - 7943.20 109 220 201 3594 453674 1 143611436 127022 1.9 143 77 2 58 54% 8305 96914 6686 41%
c - 7946.50 125 219 201 3595 453675 1 143671386 128352 1.9 147 79 2 58 53% 8305 96914 6686 41%
c - 7949.46 123 211 201 3596 453676 1 143731344 127135 2.0 150 76 2 58 55% 8305 96914 6686 41%
c - 7952.09 122 200 201 3597 453676 1 143791310 132059 2.1 146 69 2 58 56% 8305 96914 6686 41%
c - 7955.75 126 198 201 3598 453677 1 143851285 128276 2.0 153 75 2 58 54% 8305 96914 6686 41%
c - 7960.12 123 200 201 3599 453677 1 143911270 118429 1.8 153 87 2 58 49% 8305 96914 6686 41%
c - 7965.61 76 200 201 3600 453677 1 143971263 112703 1.7 154 92 2 58 47% 8305 96914 6686 41%
c ] 7966.89 77 200 202 3600 453677 1 143983509 124862 1.6 155 94 2 58 47% 8305 96914 6686 41%
c { 7966.89 77 238 202 3600 453677 4 143983509 124862 1.8 102 56 2 16 57% 8305 96914 6686 41%
c - 7969.06 100 247 202 3601 453808 3 144031265 133814 1.9 95 50 2 16 57% 8305 96914 6686 41%
c - 7971.85 102 245 202 3602 454158 3 144091274 159141 1.9 87 46 2 16 55% 8305 96914 6686 41%
c - 7975.28 107 247 202 3603 454601 3 144151290 168135 1.9 82 44 2 16 55% 8305 96914 6686 41%
c - 7979.18 106 246 202 3604 455188 4 144211314 173599 1.8 79 43 2 16 54% 8305 96914 6686 41%
c - 7983.07 107 245 202 3605 455740 4 144271348 178058 1.8 76 42 2 16 53% 8305 96914 6686 41%
c - 7986.09 108 237 202 3606 456170 4 144331389 184135 1.8 70 40 2 16 51% 8305 96914 6686 41%
c - 7989.94 107 235 202 3607 456760 4 144391441 187323 1.8 71 41 2 16 50% 8305 96914 6686 41%
c
c  seconds      switched         rate              size/glue  tier1     binary        remaining
c           MB      reductions       conflicts           size   tier2      irredundant
c             level        restarts          redundant      glue    trail        variables
c
c - 7994.07 111 233 202 3608 457423 4 144451501 185343 1.7 74 43 2 16 50% 8305 96914 6686 41%
c - 7998.28 108 234 202 3609 458050 4 144511568 186180 1.7 75 43 2 16 51% 8305 96914 6686 41%
c - 8001.97 108 239 202 3610 458550 4 144571642 189450 1.7 74 43 2 16 49% 8305 96914 6686 41%
c - 8006.06 110 241 202 3611 459117 4 144631727 191083 1.8 77 44 2 16 51% 8305 96914 6686 41%
c - 8010.46 112 236 202 3612 459767 4 144691818 190235 1.7 79 45 2 16 51% 8305 96914 6686 41%
c u 8014.36 111 237 202 3612 460080 4 144726222 216475 1.7 79 46 2 16 51% 8305 96914 6686 41%
c v 8016.46 114 237 202 3612 460080 4 144726222 189422 1.7 79 46 2 16 51% 8305 96914 6686 41%
c w 8017.61 130 237 202 3612 460080 4 144726222 189179 1.7 79 46 2 16 51% 8305 96914 6686 41%
c - 8019.27 106 240 202 3613 460274 4 144751917 164343 1.8 80 45 2 16 52% 8305 96914 6686 41%
c - 8022.71 106 238 202 3614 460758 4 144812025 173758 1.8 79 45 2 16 52% 8305 96914 6686 41%
c - 8026.71 110 245 202 3615 461287 4 144872142 180828 1.8 78 44 2 16 52% 8305 96914 6686 41%
c - 8030.50 105 251 202 3616 461791 4 144932266 183947 1.8 79 43 2 16 54% 8305 96914 6686 41%
c - 8033.93 112 232 202 3617 462271 4 144992399 186825 1.8 77 43 2 16 49% 8305 96914 6686 41%
c o 8036.75 110 234 202 3617 462751 4 145035622 229718 1.8 80 45 2 16 50% 8305 96914 6686 41%
c - 8038.04 113 234 202 3618 462918 4 145052541 186431 1.8 80 45 2 16 50% 8305 96914 6686 41%
c - 8041.95 113 235 202 3619 463458 4 145112692 186290 1.8 82 46 2 16 51% 8305 96914 6686 41%
c - 8045.78 111 238 202 3620 463901 4 145172852 190177 1.8 80 44 2 16 52% 8305 96914 6686 41%
c - 8049.62 111 238 202 3621 464434 4 145233018 192464 1.8 78 43 2 16 52% 8305 96914 6686 41%
c - 8053.24 114 229 202 3622 464853 4 145293193 196235 1.8 72 40 2 16 50% 8305 96914 6686 41%
c - 8056.71 114 231 202 3623 465309 3 145353377 200689 1.8 69 39 2 16 50% 8305 96914 6686 41%
c
c  seconds      switched         rate              size/glue  tier1     binary        remaining
c           MB      reductions       conflicts           size   tier2      irredundant
c             level        restarts          redundant      glue    trail        variables
c
c - 8060.86 113 229 202 3624 466062 4 145413570 196314 1.7 74 43 2 16 49% 8305 96914 6686 41%
c - 8065.42 111 234 202 3625 466778 4 145473770 191586 1.7 80 47 2 16 50% 8305 96914 6686 41%
c - 8069.95 108 239 202 3626 467360 4 145533979 191689 1.7 81 47 2 16 51% 8305 96914 6686 41%
c - 8074.18 111 238 202 3627 467962 4 145594195 193965 1.7 84 49 2 16 51% 8305 96914 6686 41%
c - 8078.20 114 242 202 3628 468356 4 145654422 198214 1.8 82 46 2 16 52% 8305 96914 6686 41%
c - 8080.72 113 245 202 3629 468482 3 145714654 206689 1.8 68 37 2 16 51% 8305 96914 6686 41%
c } 8082.12 110 243 203 3629 468745 3 145737500 229324 1.8 69 39 2 16 50% 8305 96914 6686 41%
c [ 8082.12 110 200 203 3629 468745 1 145737500 229324 1.6 155 94 2 58 47% 8305 96914 6686 41%
c O 8082.12 110 200 203 3629 468745 1 145737500 229324 1.6 155 94 2 58 47% 8305 96914 6686 41%
c - 8082.94 113 192 203 3630 468762 1 145774895 201453 1.6 130 81 2 58 41% 8305 96914 6686 41%
c - 8085.44 118 203 203 3631 468785 1 145835144 181506 1.6 122 77 2 58 45% 8305 96914 6686 41%
c - 8087.46 115 201 203 3632 468806 1 145895402 159038 1.5 114 76 2 58 45% 8305 96914 6686 41%
c - 8090.20 118 201 203 3633 468820 1 145955670 150742 1.5 120 81 2 58 47% 8305 96914 6686 41%
c - 8092.86 115 201 203 3634 468838 1 146015945 149632 1.4 118 82 2 58 48% 8305 96914 6686 41%
c - 8095.58 110 204 203 3635 468868 1 146076229 152697 1.4 117 83 2 58 48% 8305 96914 6686 41%
c u 8098.59 116 205 203 3635 468870 1 146100894 164646 1.4 124 87 2 58 49% 8305 96914 6686 41%
c v 8099.25 118 205 203 3635 468870 1 146100894 151628 1.4 124 87 2 58 49% 8305 96914 6686 41%
c w 8102.51 155 205 203 3635 468870 1 146100894 150803 1.4 124 87 2 58 49% 8305 96914 6686 41%
c - 8105.10 112 205 203 3636 468871 1 146136520 127091 1.4 130 96 2 58 47% 8305 96914 6686 41%
c - 8109.26 78 202 203 3637 468871 1 146196819 117634 1.3 136 101 2 58 46% 8305 96914 6686 41%
c
c  seconds      switched         rate              size/glue   tier1     binary        remaining
c           MB      reductions       conflicts           size    tier2      irredundant
c             level        restarts          redundant       glue    trail        variables
c
c - 8111.66 102 206 203 3638 468901 1 146257127 127371 1.3 126 95 2 58 47% 8305 96914 6686 41%
c - 8114.24 109 211 203 3639 468920 1 146317442 137331 1.4 127 92 2 58 50% 8305 96914 6686 41%
c - 8117.53 111 208 203 3640 468934 1 146377766 140823 1.4 128 93 2 58 51% 8305 96914 6686 41%
c - 8120.16 107 206 203 3641 468956 1 146438098 144058 1.4 120 85 2 58 51% 8305 96914 6686 41%
c - 8122.88 107 202 203 3642 468978 1 146498439 149769 1.5 120 80 2 58 49% 8305 96914 6686 41%
c - 8124.72 111 200 203 3643 468996 1 146558788 148952 1.4 109 76 2 58 47% 8305 96914 6686 41%
c - 8126.94 109 198 203 3644 468998 1 146619146 142925 1.4 113 78 2 58 49% 8305 96914 6686 41%
c - 8129.76 110 194 203 3645 468999 1 146679512 130966 1.4 123 88 2 58 48% 8305 96914 6686 41%
c - 8132.62 74 191 203 3646 468999 1 146739886 122130 1.4 134 96 2 58 48% 8305 96914 6686 41%
c o 8134.77 98 190 203 3646 469002 1 146793256 174213 1.4 128 93 2 58 47% 8305 96914 6686 41%
c - 8135.02 77 193 203 3647 469006 1 146800268 122141 1.4 126 92 2 58 47% 8305 96914 6686 41%
c - 8137.13 103 198 203 3648 469030 1 146860660 139202 1.5 120 82 2 58 48% 8305 96914 6686 41%
c - 8139.63 111 203 203 3649 469055 1 146921058 145184 1.6 122 75 2 58 52% 8305 96914 6686 41%
c - 8142.63 114 205 203 3650 469062 1 146981464 137866 1.6 129 80 2 58 54% 8305 96914 6686 41%
c - 8145.22 115 206 203 3651 469090 1 147041880 130607 1.6 125 80 2 58 53% 8305 96914 6686 41%
c - 8148.07 115 203 203 3652 469108 1 147102304 140100 1.8 132 75 2 58 55% 8305 96914 6686 41%
c - 8150.61 114 200 203 3653 469125 1 147162735 143554 1.8 128 72 2 58 54% 8305 96914 6686 41%
c - 8154.39 123 199 203 3654 469126 1 147223175 136481 1.9 149 78 2 58 59% 8305 96914 6686 41%
c - 8157.84 125 197 203 3655 469141 1 147283624 129072 1.9 148 79 2 58 58% 8305 96914 6686 41%
c - 8161.21 125 200 203 3656 469164 1 147344081 131990 1.8 147 83 2 58 56% 8305 96914 6686 41%
c
c  seconds      switched         rate              size/glue   tier1     binary        remaining
c           MB      reductions       conflicts           size    tier2      irredundant
c             level        restarts          redundant       glue    trail        variables
c
c - 8163.74 123 194 203 3657 469188 1 147404545 130268 1.7 132 80 2 58 53% 8305 96914 6686 41%
c - 8166.87 117 196 203 3658 469199 1 147465018 133124 1.8 136 74 2 58 53% 8305 96914 6686 41%
c u 8168.99 123 194 203 3658 469205 1 147482566 144083 1.8 133 73 2 58 53% 8305 96914 6686 41%
c v 8169.33 125 194 203 3658 469205 1 147482566 136017 1.8 133 73 2 58 53% 8305 96914 6686 41%
c w 8171.68 143 194 203 3658 469205 1 147482566 133024 1.8 133 73 2 58 53% 8305 96914 6686 41%
c - 8173.63 124 204 203 3659 469220 1 147525500 126299 1.8 127 69 2 58 52% 8305 96914 6686 41%
c - 8176.73 120 204 203 3660 469249 1 147585989 131823 1.8 124 69 2 58 52% 8305 96914 6686 41%
c B 8180.55 125 208 203 3660 469252 1 147645959 191195 1.8 146 80 2 58 56% 8305 96914 6686 41%
c - 8180.63 126 208 203 3661 469253 1 147646489 125836 1.8 146 80 2 58 56% 8305 96914 6686 41%
c - 8183.81 121 196 203 3662 469253 1 147706996 119204 1.9 147 76 2 58 55% 8305 96914 6686 41%
c - 8187.45 121 196 203 3663 469254 1 147767510 115087 1.8 147 82 2 58 52% 8305 96914 6686 41%
c - 8193.02 74 195 203 3664 469254 1 147828033 104639 1.7 162 95 2 58 50% 8305 96914 6686 41%
c - 8198.59 75 194 203 3665 469255 1 147888563 94161 1.6 169 105 2 58 49% 8305 96914 6686 41%
c - 8203.89 74 192 203 3666 469255 1 147949104 94391 1.6 172 108 2 58 48% 8305 96914 6686 41%
c ] 8204.08 67 192 204 3666 469255 1 147951406 96670 1.6 172 108 2 58 48% 8305 96914 6686 41%
c { 8204.08 67 243 204 3666 469255 3 147951406 96670 1.8 69 39 2 16 50% 8305 96914 6686 41%
c - 8206.64 90 246 204 3667 469778 3 148009651 126426 1.8 68 39 2 16 52% 8305 96914 6686 41%
c - 8210.11 99 242 204 3668 470481 4 148070208 155892 1.8 72 41 2 16 53% 8305 96914 6686 41%
c - 8213.97 103 245 204 3669 471208 4 148130772 161992 1.8 74 42 2 16 53% 8305 96914 6686 41%
c - 8217.93 108 240 204 3670 471847 4 148191344 166247 1.8 77 44 2 16 53% 8305 96914 6686 41%
c
c  seconds      switched         rate              size/glue  tier1     binary        remaining
c           MB      reductions       conflicts           size   tier2      irredundant
c             level        restarts          redundant      glue    trail        variables
c
c - 8222.21 108 241 204 3671 472539 4 148251924 169246 1.8 80 46 2 16 53% 8305 96914 6686 41%
c - 8226.63 103 242 204 3672 473214 4 148312512 170219 1.7 83 47 2 16 54% 8305 96914 6686 41%
c - 8231.11 107 245 204 3673 473874 4 148373110 171132 1.8 86 49 2 16 54% 8305 96914 6686 41%
c - 8235.42 109 245 204 3674 474494 4 148433716 173565 1.8 87 49 2 16 54% 8305 96914 6686 41%
c o 8239.53 111 242 204 3674 474980 4 148493338 232776 1.8 86 48 2 16 55% 8305 96914 6686 41%
c - 8239.68 105 242 204 3675 474989 4 148494329 178476 1.8 86 48 2 16 55% 8305 96914 6686 41%
c - 8243.87 108 246 204 3676 475524 4 148554950 182881 1.8 84 46 2 16 55% 8305 96914 6686 41%
c - 8248.36 109 245 204 3677 476108 4 148615580 184341 1.8 84 47 2 16 55% 8305 96914 6686 41%
c - 8252.64 106 243 204 3678 476680 4 148676219 185633 1.8 84 47 2 16 55% 8305 96914 6686 41%
c - 8256.97 106 246 204 3679 477244 4 148736865 186781 1.8 84 47 2 16 55% 8305 96914 6686 41%
c - 8261.72 113 244 204 3680 477950 4 148797519 186551 1.8 87 49 2 16 54% 8305 96914 6686 41%
c - 8266.07 112 243 204 3681 478539 4 148858184 186872 1.8 88 50 2 16 54% 8305 96914 6686 41%
c u 8268.38 112 243 204 3681 478680 4 148871240 191494 1.8 89 50 2 16 54% 8305 96914 6686 41%
c v 8270.22 113 243 204 3681 478680 4 148871240 163924 1.8 89 50 2 16 54% 8305 96914 6686 41%
c w 8272.76 124 243 204 3681 478680 4 148871240 163268 1.8 89 50 2 16 54% 8305 96914 6686 41%
c - 8276.13 109 244 204 3682 479180 4 148918855 159496 1.8 90 51 2 16 55% 8305 96914 6686 41%
c - 8280.04 107 248 204 3683 479741 4 148979534 166942 1.8 90 51 2 16 55% 8305 96914 6686 41%
c - 8283.99 112 246 204 3684 480259 4 149040222 172200 1.8 92 51 2 16 55% 8305 96914 6686 41%
c - 8288.17 110 243 204 3685 480857 4 149100917 174906 1.8 92 51 2 16 55% 8305 96914 6686 41%
c - 8292.47 112 246 204 3686 481449 4 149161622 176401 1.8 93 52 2 16 55% 8305 96914 6686 41%
c
c  seconds      switched         rate              size/glue  tier1     binary        remaining
c           MB      reductions       conflicts           size   tier2      irredundant
c             level        restarts          redundant      glue    trail        variables
c
c - 8296.38 113 249 204 3687 481785 3 149222335 181203 1.9 91 48 2 16 56% 8305 96914 6686 41%
c - 8300.73 114 246 204 3688 482413 4 149283055 182843 1.8 91 50 2 16 55% 8305 96914 6686 41%
c - 8304.76 113 253 204 3689 482862 4 149343784 183213 1.8 89 48 2 16 56% 8305 96914 6686 41%
c - 8308.94 113 255 204 3690 483367 4 149404521 187017 1.8 86 47 2 16 56% 8305 96914 6686 41%
c - 8313.61 114 252 204 3691 484056 4 149465267 186727 1.8 88 49 2 16 56% 8305 96914 6686 41%
c - 8317.51 108 261 204 3692 484454 4 149526020 189526 1.8 82 46 2 16 57% 8305 96914 6686 41%
c - 8321.24 108 252 204 3693 484965 4 149586781 194656 1.8 80 44 2 16 55% 8305 96914 6686 41%
c - 8325.21 114 244 204 3694 485511 4 149647552 194524 1.8 79 45 2 16 54% 8305 96914 6686 41%
c - 8329.12 114 244 204 3695 486118 4 149708330 193578 1.7 80 46 2 16 54% 8305 96914 6686 41%
c } 8331.12 112 243 205 3695 486479 4 149736445 221483 1.7 83 48 2 16 54% 8305 96914 6686 41%
c [ 8331.12 112 192 205 3695 486479 1 149736445 221483 1.6 172 108 2 58 48% 8305 96914 6686 41%
c W 8331.34 93 192 205 3695 486479 1 149736445 221483 1.6 172 108 2 58 48% 8305 96914 6686 41%
c - 8333.36 117 200 205 3696 486493 1 149769117 182200 1.6 167 104 2 58 49% 8305 96914 6686 41%
c - 8336.83 123 204 205 3697 486516 1 149829912 165444 1.8 160 91 2 58 54% 8305 96914 6686 41%
c - 8340.27 122 206 205 3698 486540 1 149890714 151509 1.8 157 87 2 58 55% 8305 96914 6686 41%
c - 8343.66 123 205 205 3699 486553 1 149951526 143138 1.7 151 89 2 58 52% 8305 96914 6686 41%
c - 8346.82 121 209 205 3700 486572 1 150012345 142357 1.7 148 85 2 58 54% 8305 96914 6686 41%
c - 8350.08 121 212 205 3701 486602 1 150073173 146144 1.8 146 81 2 58 55% 8305 96914 6686 41%
c - 8353.15 119 203 205 3702 486605 1 150134008 154879 2.0 141 70 2 58 59% 8305 96914 6686 41%
c - 8357.44 96 225 205 3703 486605 1 150194852 151429 2.0 161 80 2 58 59% 8305 96914 6686 41%
c
c  seconds     switched         rate              size/glue   tier1     binary        remaining
c          MB      reductions       conflicts           size    tier2      irredundant
c            level        restarts          redundant       glue    trail        variables
c
c o 8358.14 90 224 205 3703 486615 1 150210251 166716 2.0 159 79 2 58 58% 8305 96914 6686 41%
c - 8360.38 119 216 205 3704 486635 1 150255704 141697 1.8 148 83 2 58 56% 8305 96914 6686 41%
c u 8362.27 115 218 205 3704 486636 1 150266940 142490 1.8 148 80 2 58 58% 8305 96914 6686 41%
c v 8363.01 117 218 205 3704 486636 1 150266940 128554 1.8 148 80 2 58 58% 8305 96914 6686 41%
c w 8366.08 125 218 205 3704 486636 1 150266940 125306 1.8 148 80 2 58 58% 8305 96914 6686 41%
c - 8368.43 116 228 205 3705 486656 1 150316564 123025 1.8 151 83 2 58 57% 8305 96914 6686 41%
c - 8371.84 117 219 205 3706 486668 1 150377433 125012 1.8 161 92 2 58 58% 8305 96914 6686 41%
c - 8375.62 121 208 205 3707 486691 1 150438310 124251 1.7 160 94 2 58 58% 8305 96914 6686 41%
c - 8378.46 119 211 205 3708 486713 1 150499195 134288 1.8 152 84 2 58 57% 8305 96914 6686 41%
c - 8381.70 120 207 205 3709 486731 1 150560088 140387 1.8 146 80 2 58 55% 8305 96914 6686 41%
c - 8385.70 121 205 205 3710 486732 1 150620989 138264 1.9 156 83 2 58 56% 8305 96914 6686 41%
c - 8390.35 92 198 205 3711 486733 1 150681898 130294 2.0 172 86 2 58 55% 8305 96914 6686 41%
c - 8394.95 123 194 205 3712 486733 1 150742816 130150 2.1 180 86 2 58 56% 8305 96914 6686 41%
c - 8399.31 125 200 205 3713 486744 1 150803743 131676 2.1 179 86 2 58 55% 8305 96914 6686 41%
c - 8402.62 125 205 205 3714 486764 1 150864678 139375 2.0 162 80 2 58 56% 8305 96914 6686 41%
c - 8405.94 126 213 205 3715 486793 1 150925621 141992 2.0 156 78 2 58 57% 8305 96914 6686 41%
c - 8411.14 92 211 205 3716 486799 1 150986572 134655 1.9 178 92 2 58 58% 8305 96914 6686 41%
c - 8414.73 118 211 205 3717 486826 1 151047532 130985 1.9 166 87 2 58 57% 8305 96914 6686 41%
c - 8418.09 118 205 205 3718 486849 1 151108499 138047 1.9 154 81 2 58 56% 8305 96914 6686 41%
c - 8421.73 116 205 205 3719 486859 1 151169476 137849 1.9 154 81 2 58 57% 8305 96914 6686 41%
c
c  seconds      switched         rate              size/glue   tier1     binary        remaining
c           MB      reductions       conflicts           size    tier2      irredundant
c             level        restarts          redundant       glue    trail        variables
c
c - 8425.77 120 196 205 3720 486860 1 151230459 135098 1.9 155 80 2 58 58% 8305 96914 6686 41%
c - 8429.33 119 203 205 3721 486882 1 151291450 137775 1.9 148 77 2 58 57% 8305 96914 6686 41%
c - 8432.45 119 203 205 3722 486905 1 151352450 144344 1.9 140 73 2 58 56% 8305 96914 6686 41%
c - 8435.72 118 205 205 3723 486923 1 151413459 144244 1.9 139 72 2 58 56% 8305 96914 6686 41%
c - 8439.85 118 200 205 3724 486938 1 151474476 137999 1.8 141 78 2 58 54% 8305 96914 6686 41%
c - 8442.90 119 201 205 3725 486961 1 151535500 139748 1.8 133 72 2 58 55% 8305 96914 6686 41%
c - 8445.85 119 203 205 3726 486985 1 151596532 146269 1.8 129 70 2 58 54% 8305 96914 6686 41%
c - 8448.99 118 201 205 3727 486987 1 151657573 139132 1.8 140 77 2 58 53% 8305 96914 6686 41%
c u 8450.82 117 201 205 3727 486987 1 151669640 144819 1.9 141 75 2 58 54% 8305 96914 6686 41%
c v 8451.50 119 201 205 3727 486987 1 151669640 133247 1.9 141 75 2 58 54% 8305 96914 6686 41%
c w 8454.55 137 201 205 3727 486987 1 151669640 131021 1.9 141 75 2 58 54% 8305 96914 6686 41%
c I 8455.11 114 201 205 3727 486987 1 151680228 141537 1.9 141 75 2 58 53% 8305 96914 6686 41%
c - 8457.31 120 219 205 3728 486988 1 151718622 121150 1.9 150 79 2 58 58% 8305 96914 6686 41%
c - 8461.79 120 224 205 3729 486988 1 151779679 125323 1.8 155 84 2 58 61% 8305 96914 6686 41%
c - 8466.52 122 229 205 3730 486989 1 151840744 122880 1.8 164 90 2 58 63% 8305 96914 6686 41%
c ] 8466.56 114 229 206 3730 486989 1 151841425 123556 1.8 164 90 2 58 63% 8305 96914 6686 41%
c { 8466.56 114 243 206 3730 486989 4 151841425 123556 1.7 83 48 2 16 54% 8305 96914 6686 41%
c - 8470.36 122 250 206 3731 487465 4 151901818 142566 1.8 84 47 2 16 57% 8305 96914 6686 41%
c o 8472.18 122 247 206 3731 487699 4 151930290 170565 1.8 84 46 2 16 58% 8305 96914 6686 41%
c - 8474.48 122 242 206 3732 487959 4 151962899 162143 1.8 84 46 2 16 58% 8305 96914 6686 41%
c
c  seconds      switched         rate              size/glue  tier1     binary        remaining
c           MB      reductions       conflicts           size   tier2      irredundant
c             level        restarts          redundant      glue    trail        variables
c
c - 8479.09 123 234 206 3733 488482 4 152023990 172244 1.8 82 45 2 16 57% 8305 96914 6686 41%
c - 8483.75 121 231 206 3734 489044 4 152085088 177889 1.8 82 46 2 16 56% 8305 96914 6686 41%
c - 8488.61 127 226 206 3735 489649 5 152146197 181619 1.7 82 47 2 17 55% 8305 96914 6686 41%
c - 8494.19 126 230 206 3736 490246 5 152207311 185921 1.7 84 48 2 17 56% 8305 96914 6686 41%
c - 8499.27 125 222 206 3737 490759 4 152268433 191298 1.8 84 47 2 17 56% 8305 96914 6686 41%
c - 8504.44 127 218 206 3738 491341 4 152329565 194079 1.7 83 48 2 17 54% 8305 96914 6686 41%
c - 8509.77 122 219 206 3739 491931 5 152390707 194413 1.7 84 49 2 17 54% 8305 96914 6686 41%
c - 8515.21 127 220 206 3740 492488 4 152451855 195801 1.7 86 50 2 17 55% 8305 96914 6686 41%
c - 8520.77 128 220 206 3741 493019 4 152513010 198550 1.7 86 50 2 17 55% 8305 96914 6686 41%
c - 8525.83 128 218 206 3742 493511 4 152574173 200025 1.8 86 49 2 17 55% 8305 96914 6686 41%
c - 8531.22 125 215 206 3743 494053 4 152635345 201865 1.7 86 50 2 17 54% 8305 96914 6686 41%
c - 8537.05 129 223 206 3744 494642 4 152696525 202095 1.7 88 51 2 17 55% 8305 96914 6686 41%
c - 8542.74 124 223 206 3745 495191 4 152757713 201650 1.7 89 51 2 17 55% 8305 96914 6686 41%
c - 8548.58 127 225 206 3746 495751 4 152818909 202672 1.7 89 52 2 17 56% 8305 96914 6686 41%
c - 8554.06 119 222 206 3747 496264 4 152880113 204199 1.8 90 51 2 17 57% 8305 96914 6686 41%
c - 8559.40 124 234 206 3748 496784 4 152941325 205611 1.8 89 50 2 17 57% 8305 96914 6686 41%
c - 8564.83 125 226 206 3749 497308 4 153002546 205989 1.8 88 50 2 17 56% 8305 96914 6686 41%
c - 8570.52 122 225 206 3750 497893 4 153063777 206359 1.8 90 51 2 17 56% 8305 96914 6686 41%
c u 8573.29 127 222 206 3750 498048 4 153079365 214346 1.8 91 52 2 17 56% 8305 96914 6686 41%
c v 8574.72 129 222 206 3750 498048 4 153079365 185058 1.8 91 52 2 17 56% 8305 96914 6686 41%
c
c  seconds      switched         rate              size/glue  tier1     binary        remaining
c           MB      reductions       conflicts           size   tier2      irredundant
c             level        restarts          redundant      glue    trail        variables
c
c w 8578.34 153 222 206 3750 498048 4 153079365 179530 1.8 91 52 2 17 56% 8305 96914 6686 41%
c - 8582.11 122 224 206 3751 498380 4 153125015 175006 1.8 91 50 2 17 57% 8305 96914 6686 41%
c - 8586.72 127 220 206 3752 498908 4 153186261 184917 1.8 87 50 2 17 55% 8305 96914 6686 41%
c - 8591.65 126 223 206 3753 499399 4 153247516 190879 1.8 89 49 2 17 57% 8305 96914 6686 41%
c - 8596.37 128 212 206 3754 499890 4 153308778 194734 1.7 86 49 2 17 53% 8305 96914 6686 41%
c - 8601.41 124 216 206 3755 500400 4 153370047 196553 1.8 88 50 2 17 54% 8305 96914 6686 41%
c - 8606.39 128 213 206 3756 500920 4 153431326 197174 1.7 87 50 2 17 54% 8305 96914 6686 41%
c - 8611.91 127 219 206 3757 501480 4 153492613 197309 1.8 88 50 2 17 55% 8305 96914 6686 41%
c - 8617.44 125 222 206 3758 502032 4 153553907 199478 1.8 90 51 2 17 56% 8305 96914 6686 41%
c - 8623.08 126 235 206 3759 502602 4 153615209 201993 1.8 88 50 2 17 57% 8305 96914 6686 41%
c } 8626.73 126 231 207 3759 502994 4 153657735 244002 1.8 90 51 2 17 57% 8305 96914 6686 41%
c [ 8626.73 126 229 207 3759 502994 1 153657735 244002 1.8 164 90 2 58 63% 8305 96914 6686 41%
c B 8626.73 126 229 207 3759 502994 1 153657735 244002 1.8 164 90 2 58 63% 8305 96914 6686 41%
c o 8627.06 127 229 207 3759 502999 1 153663885 250099 1.8 161 89 2 58 63% 8305 96914 6686 41%
c - 8627.84 125 224 207 3760 503006 1 153676519 199254 1.8 156 87 2 58 62% 8305 96914 6686 41%
c - 8631.18 127 235 207 3761 503024 1 153737837 182849 1.9 151 81 2 58 61% 8305 96914 6686 41%
c - 8634.81 126 223 207 3762 503054 1 153799164 151897 1.8 144 80 2 58 58% 8305 96914 6686 41%
c - 8638.52 123 207 207 3763 503061 1 153860499 141349 1.8 144 81 2 58 56% 8305 96914 6686 41%
c - 8641.76 124 204 207 3764 503087 1 153921842 141453 1.8 140 78 2 58 55% 8305 96914 6686 41%
c - 8644.83 124 204 207 3765 503111 1 153983193 145669 1.8 137 75 2 58 55% 8305 96914 6686 41%
c
c  seconds      switched         rate              size/glue   tier1     binary        remaining
c           MB      reductions       conflicts           size    tier2      irredundant
c             level        restarts          redundant       glue    trail        variables
c
c - 8648.26 122 204 207 3766 503119 1 154044553 144463 1.9 147 76 2 58 56% 8305 96914 6686 41%
c - 8651.29 121 198 207 3767 503120 1 154105922 150036 2.2 148 68 2 58 58% 8305 96914 6686 41%
c - 8654.53 123 200 207 3768 503146 1 154167297 156401 2.1 143 69 2 58 57% 8305 96914 6686 41%
c - 8657.66 124 197 207 3769 503166 1 154228682 156864 2.2 144 67 2 58 58% 8305 96914 6686 41%
c - 8661.21 124 200 207 3770 503183 1 154290075 150932 2.0 149 73 2 58 58% 8305 96914 6686 41%
c - 8664.47 124 203 207 3771 503202 1 154351475 144297 2.0 151 75 2 58 57% 8305 96914 6686 41%
c - 8667.89 124 209 207 3772 503225 1 154412883 145497 2.0 152 77 2 58 58% 8305 96914 6686 41%
c - 8670.79 123 212 207 3773 503245 1 154474299 150035 2.0 147 74 2 58 58% 8305 96914 6686 41%
c u 8673.47 122 211 207 3773 503246 1 154496115 164048 1.9 152 78 2 58 56% 8305 96914 6686 41%
c v 8674.26 124 211 207 3773 503246 1 154496115 151514 1.9 152 78 2 58 56% 8305 96914 6686 41%
c w 8676.36 151 211 207 3773 503246 1 154496115 151199 1.9 152 78 2 58 56% 8305 96914 6686 41%
c x 8676.77 151 211 207 3773 503246 1 154496115 151196 1.9 152 78 2 58 56% 8305 96892 6686 41%
c - 8687.23 121 212 207 3774 503247 1 154535723 131625 1.9 156 83 2 58 56% 8305 96892 6686 41%
c - 8691.07 125 206 207 3775 503248 1 154597155 126606 1.8 162 91 2 58 54% 8305 96892 6686 41%
c - 8696.06 121 193 207 3776 503248 1 154658598 119781 1.8 171 96 2 58 54% 8305 96892 6686 41%
c - 8699.95 123 192 207 3777 503255 1 154720048 119122 1.8 169 94 2 58 53% 8305 96892 6686 41%
c - 8702.64 122 192 207 3778 503279 1 154781506 132311 1.8 154 84 2 58 54% 8305 96892 6686 41%
c - 8706.09 124 200 207 3779 503307 1 154842971 138096 1.8 147 81 2 58 54% 8305 96892 6686 41%
c - 8709.54 122 215 207 3780 503311 1 154904444 140750 2.0 158 79 2 58 57% 8305 96892 6686 41%
c - 8712.66 124 211 207 3781 503341 1 154965927 141419 1.9 146 77 2 58 57% 8305 96892 6686 41%
c
c  seconds      switched         rate              size/glue   tier1     binary        remaining
c           MB      reductions       conflicts           size    tier2      irredundant
c             level        restarts          redundant       glue    trail        variables
c
c - 8716.16 125 211 207 3782 503363 1 155027417 138132 1.8 149 82 2 58 57% 8305 96892 6686 41%
c - 8719.92 123 207 207 3783 503374 1 155088914 132209 1.8 160 88 2 58 58% 8305 96892 6686 41%
c - 8723.41 122 196 207 3784 503375 1 155150421 132567 2.0 165 83 2 58 60% 8305 96892 6686 41%
c - 8727.32 124 195 207 3785 503397 1 155211935 133161 1.9 167 87 2 58 60% 8305 96892 6686 41%
c - 8731.39 123 195 207 3786 503420 1 155273457 131339 1.9 168 90 2 58 60% 8305 96892 6686 41%
c - 8735.53 122 197 207 3787 503438 1 155334988 129045 1.9 172 93 2 58 61% 8305 96892 6686 41%
c - 8739.22 123 197 207 3788 503453 1 155396526 131237 1.9 172 91 2 58 62% 8305 96892 6686 41%
c o 8742.73 122 201 207 3788 503473 1 155450729 184823 1.9 176 94 2 58 62% 8305 96892 6686 41%
c - 8743.06 124 203 207 3789 503476 1 155458072 131182 1.9 173 93 2 58 62% 8305 96892 6686 41%
c - 8745.91 123 212 207 3790 503500 1 155519626 132701 1.9 161 86 2 58 61% 8305 96892 6686 41%
c - 8750.74 122 220 207 3791 503502 1 155581188 126651 1.8 167 94 2 58 55% 8305 96892 6686 41%
c W 8754.86 107 214 207 3791 503503 1 155637050 182021 1.8 162 90 2 58 52% 8305 96892 6686 41%
c - 8755.20 107 216 207 3792 503503 1 155642759 123639 1.8 161 89 2 58 52% 8305 96892 6686 41%
c - 8758.98 118 226 207 3793 503503 1 155704338 128375 1.8 161 87 2 58 54% 8305 96892 6686 41%
c - 8762.79 123 227 207 3794 503504 1 155765925 126927 1.9 157 84 2 58 55% 8305 96892 6686 41%
c - 8765.98 120 217 207 3795 503504 1 155827520 129251 2.0 162 81 2 58 56% 8305 96892 6686 41%
c - 8769.92 94 207 207 3796 503504 1 155889123 122664 2.0 175 88 2 58 55% 8305 96892 6686 41%
c u 8773.54 105 203 207 3796 503504 1 155919890 145230 2.0 186 95 2 58 53% 8305 96892 6686 41%
c v 8773.87 107 203 207 3796 503504 1 155919890 138439 2.0 186 95 2 58 53% 8305 96892 6686 41%
c w 8780.14 152 203 207 3796 503504 1 155919890 138262 2.0 186 95 2 58 53% 8305 96892 6686 41%
c
c  seconds     switched         rate              size/glue   tier1     binary        remaining
c          MB      reductions       conflicts           size    tier2      irredundant
c            level        restarts          redundant       glue    trail        variables
c
c - 8781.82 89 200 207 3797 503504 1 155950734 105353 2.0 181 92 2 58 54% 8305 96892 6686 41%
c ] 8784.96 109 195 208 3797 503504 1 156003837 158178 2.2 178 81 2 58 57% 8305 96892 6686 41%
c { 8784.96 109 231 208 3797 503504 4 156003837 158178 1.8 90 51 2 17 57% 8305 96892 6686 41%
c - 8785.50 116 232 208 3798 503546 4 156012354 118453 1.8 89 50 2 17 57% 8305 96892 6686 41%
c - 8789.02 117 247 208 3799 503934 4 156073981 146385 1.8 83 45 2 17 57% 8305 96892 6686 41%
c - 8792.57 118 247 208 3800 504459 4 156135618 162861 1.8 80 44 2 17 56% 8305 96892 6686 41%
c - 8796.60 120 247 208 3801 504960 4 156197263 168757 1.8 79 43 2 17 55% 8305 96892 6686 41%
c - 8801.09 119 244 208 3802 505656 4 156258916 171532 1.8 81 45 2 17 54% 8305 96892 6686 41%
c - 8805.72 121 242 208 3803 506374 5 156320577 172145 1.8 83 48 2 17 54% 8305 96892 6686 41%
c - 8808.81 116 199 208 3804 506632 4 156382246 182510 1.8 71 40 2 17 45% 8305 96892 6686 41%
c - 8813.57 119 218 208 3805 507468 4 156443922 186002 1.7 77 45 2 17 49% 8305 96892 6686 41%
c - 8818.06 119 228 208 3806 508099 4 156505607 180733 1.7 79 46 2 17 51% 8305 96892 6686 41%
c - 8822.65 120 233 208 3807 508730 4 156567299 184174 1.7 80 47 2 17 52% 8305 96892 6686 41%
c - 8827.40 120 236 208 3808 509395 4 156628999 185276 1.7 84 49 2 17 53% 8305 96892 6686 41%
c - 8831.72 121 242 208 3809 509917 4 156690707 187501 1.7 83 48 2 17 53% 8305 96892 6686 41%
c s 8834.92 116 241 208 3809 510353 4 156736698 233089 1.7 85 49 2 17 54% 8305 96891 6686 41%
c e 8834.94 105 241 208 3809 510353 4 156736698 233089 1.7 85 49 2 17 54% 8298 96917 6683 41%
c - 8836.19 121 240 208 3810 510494 4 156752425 189711 1.8 85 49 2 17 53% 8298 96917 6683 41%
c - 8840.64 114 242 208 3811 511071 4 156814151 190722 1.8 85 48 2 17 54% 8298 96917 6683 41%
c - 8845.27 120 242 208 3812 511637 4 156875884 192997 1.8 86 48 2 17 55% 8298 96917 6683 41%
c
c  seconds      switched         rate              size/glue  tier1     binary        remaining
c           MB      reductions       conflicts           size   tier2      irredundant
c             level        restarts          redundant      glue    trail        variables
c
c - 8850.13 117 240 208 3813 512252 4 156937625 193817 1.8 87 49 2 17 54% 8298 96917 6683 41%
c - 8855.10 122 240 208 3814 512877 4 156999377 193330 1.8 89 50 2 17 54% 8298 96917 6683 41%
c - 8859.79 120 242 208 3815 513410 4 157061135 194731 1.8 88 49 2 17 55% 8298 96917 6683 41%
c - 8864.51 123 243 208 3816 513924 4 157122901 197618 1.8 87 49 2 17 55% 8298 96917 6683 41%
c - 8869.43 120 246 208 3817 514585 4 157184674 197819 1.8 89 50 2 17 55% 8298 96917 6683 41%
c o 8870.42 116 253 208 3817 514681 4 157200836 213835 1.8 87 49 2 17 56% 8298 96917 6683 41%
c - 8873.64 122 244 208 3818 514977 4 157246456 200902 1.8 83 47 2 17 53% 8298 96917 6683 41%
c - 8878.69 122 242 208 3819 515635 4 157308245 202990 1.8 87 49 2 17 54% 8298 96917 6683 41%
c u 8883.55 122 243 208 3819 516067 4 157350692 235593 1.8 88 49 2 17 54% 8298 96917 6683 41%
c v 8886.25 126 243 208 3819 516067 4 157350692 202394 1.8 88 49 2 17 54% 8298 96917 6683 41%
c w 8888.23 142 243 208 3819 516067 4 157350692 202250 1.8 88 49 2 17 54% 8298 96917 6683 41%
c - 8889.86 120 243 208 3820 516256 4 157370043 166755 1.8 88 49 2 17 54% 8298 96917 6683 41%
c - 8894.34 119 243 208 3821 516862 4 157431850 173518 1.8 90 51 2 18 55% 8298 96917 6683 41%
c - 8898.83 120 246 208 3822 517359 4 157493665 181158 1.8 89 50 2 18 55% 8298 96917 6683 41%
c - 8903.60 117 247 208 3823 517945 4 157555488 185314 1.8 88 50 2 18 55% 8298 96917 6683 41%
c - 8908.37 119 248 208 3824 518502 4 157617320 186340 1.8 88 50 2 18 55% 8298 96917 6683 41%
c - 8913.20 121 243 208 3825 519116 4 157679160 187357 1.8 92 52 2 18 56% 8298 96917 6683 41%
c - 8917.98 121 243 208 3826 519648 4 157741006 189476 1.8 92 51 2 18 56% 8298 96917 6683 41%
c - 8922.89 122 252 208 3827 520098 4 157802860 193321 1.8 90 49 2 18 57% 8298 96917 6683 41%
c } 8926.48 120 256 209 3827 520510 4 157851639 241646 1.8 89 49 2 18 57% 8298 96917 6683 41%
c
c  seconds      switched         rate              size/glue   tier1     binary        remaining
c           MB      reductions       conflicts           size    tier2      irredundant
c             level        restarts          redundant       glue    trail        variables
c
c [ 8926.48 120 195 209 3827 520510 1 157851639 241646 2.2 178 81 2 58 57% 8298 96917 6683 41%
c O 8926.48 120 195 209 3827 520510 1 157851639 241646 2.2 178 81 2 58 57% 8298 96917 6683 41%
c - 8926.96 122 195 209 3828 520517 1 157864723 194873 2.2 169 78 2 58 55% 8298 96917 6683 41%
c - 8928.16 118 182 209 3829 520540 1 157926593 193530 2.0 119 60 2 58 44% 8298 96917 6683 41%
c - 8930.28 120 189 209 3830 520566 1 157988471 179619 1.9 105 57 2 58 44% 8298 96917 6683 41%
c - 8931.87 119 186 209 3831 520572 1 158050357 173485 1.8 94 52 2 58 44% 8298 96917 6683 41%
c - 8934.75 121 204 209 3832 520601 1 158112253 166000 1.7 107 61 2 58 48% 8298 96917 6683 41%
c - 8938.80 118 205 209 3833 520621 1 158174156 150964 1.6 119 74 2 58 49% 8298 96917 6683 41%
c - 8942.30 117 208 209 3834 520635 1 158236068 144027 1.7 130 78 2 58 49% 8298 96917 6683 41%
c - 8946.90 116 198 209 3835 520636 1 158297987 143124 1.7 139 82 2 58 50% 8298 96917 6683 41%
c - 8950.12 118 197 209 3836 520658 1 158359916 145196 1.6 131 80 2 58 51% 8298 96917 6683 41%
c - 8953.65 118 200 209 3837 520681 1 158421851 146376 1.5 129 83 2 58 51% 8298 96917 6683 41%
c - 8956.69 117 208 209 3838 520699 1 158483795 148071 1.7 135 79 2 58 51% 8298 96917 6683 41%
c - 8959.93 119 203 209 3839 520714 1 158545747 150896 1.8 137 78 2 58 52% 8298 96917 6683 41%
c - 8963.25 118 213 209 3840 520737 1 158607706 149078 1.7 135 80 2 58 51% 8298 96917 6683 41%
c - 8965.86 118 206 209 3841 520761 1 158669674 152500 1.7 128 74 2 58 51% 8298 96917 6683 41%
c - 8969.15 115 190 209 3842 520763 1 158731650 150237 1.6 126 77 2 58 48% 8298 96917 6683 41%
c u 8973.98 122 183 209 3842 520764 1 158788520 196464 1.8 135 73 2 58 52% 8298 96917 6683 41%
c v 8974.96 124 183 209 3842 520764 1 158788520 180472 1.8 135 73 2 58 52% 8298 96917 6683 41%
c w 8978.71 168 183 209 3842 520764 1 158788520 179345 1.8 135 73 2 58 52% 8298 96917 6683 41%
c
c  seconds      switched         rate              size/glue   tier1     binary        remaining
c           MB      reductions       conflicts           size    tier2      irredundant
c             level        restarts          redundant       glue    trail        variables
c
c - 8979.12 112 186 209 3843 520764 1 158793633 129323 1.8 139 75 2 58 52% 8298 96917 6683 41%
c - 8983.61 93 212 209 3844 520764 1 158855624 129048 1.9 167 89 2 58 54% 8298 96917 6683 41%
c - 8988.74 72 223 209 3845 520770 1 158917625 118435 1.9 180 96 2 58 54% 8298 96917 6683 41%
c - 8991.47 107 216 209 3846 520795 1 158979634 132099 1.8 153 84 2 58 53% 8298 96917 6683 41%
c o 8992.01 100 215 209 3846 520796 1 158992223 144483 1.8 151 84 2 58 52% 8298 96917 6683 41%
c - 8994.03 109 214 209 3847 520821 1 159041650 139446 1.7 137 80 2 58 53% 8298 96917 6683 41%
c - 8996.63 112 209 209 3848 520827 1 159103675 145382 1.9 134 73 2 58 54% 8298 96917 6683 41%
c - 8999.79 114 205 209 3849 520857 1 159165708 149463 1.8 130 71 2 58 53% 8298 96917 6683 41%
c - 9002.61 118 207 209 3850 520877 1 159227748 151477 1.9 131 70 2 58 54% 8298 96917 6683 41%
c - 9006.38 123 207 209 3851 520890 1 159289796 143892 1.8 146 80 2 58 57% 8298 96917 6683 41%
c - 9011.18 122 199 209 3852 520891 1 159351853 130760 1.7 156 90 2 58 57% 8298 96917 6683 41%
c - 9014.74 123 198 209 3853 520913 1 159413918 130261 1.6 145 89 2 58 54% 8298 96917 6683 41%
c - 9017.54 123 200 209 3854 520936 1 159475991 136439 1.6 133 84 2 58 54% 8298 96917 6683 41%
c - 9020.70 124 200 209 3855 520954 1 159538071 135948 1.6 134 87 2 58 53% 8298 96917 6683 41%
c - 9024.43 124 196 209 3856 520969 1 159600159 133485 1.6 142 87 2 58 54% 8298 96917 6683 41%
c - 9027.84 123 198 209 3857 520992 1 159662255 127054 1.5 142 96 2 58 54% 8298 96917 6683 41%
c - 9030.18 75 187 209 3858 521016 2 159724359 120272 1.4 128 94 2 58 48% 8298 96917 6683 41%
c - 9033.67 75 169 209 3859 521018 1 159786471 110670 1.3 128 100 2 58 44% 8298 96917 6683 41%
c - 9037.08 74 158 209 3860 521019 1 159848593 100857 1.2 127 103 2 58 42% 8298 96917 6683 41%
c B 9037.90 74 155 209 3860 521019 1 159866694 118555 1.2 128 104 2 58 41% 8298 96917 6683 41%
c
c  seconds     switched         rate              size/glue   tier1     binary        remaining
c          MB      reductions       conflicts           size    tier2      irredundant
c            level        restarts          redundant       glue    trail        variables
c
c - 9040.57 74 170 209 3861 521019 1 159910721 106959 1.4 136 98 2 59 48% 8298 96917 6683 41%
c - 9045.63 75 184 209 3862 521020 1 159972858 112608 1.5 153 100 2 59 53% 8298 96917 6683 41%
c - 9052.05 77 194 209 3863 521020 1 160035003 110115 1.5 161 108 2 59 56% 8298 96917 6683 41%
c - 9059.21 77 193 209 3864 521020 1 160097157 105727 1.5 167 112 2 59 57% 8298 96917 6683 41%
c - 9065.13 77 191 209 3865 521020 1 160159318 107726 1.5 166 109 2 59 59% 8298 96917 6683 41%
c ] 9067.31 88 191 210 3865 521020 1 160186264 134434 1.5 165 107 2 59 59% 8298 96917 6683 41%
c { 9067.31 88 256 210 3865 521020 4 160186264 134434 1.8 89 49 2 18 57% 8298 96917 6683 41%
c - 9067.86 98 233 210 3866 521037 3 160221487 130249 1.8 76 43 2 18 49% 8298 96917 6683 41%
c u 9068.91 95 222 210 3866 521037 3 160233399 130303 1.8 72 41 2 18 46% 8298 96917 6683 41%
c v 9069.24 98 222 210 3866 521037 3 160233399 117299 1.8 72 41 2 18 46% 8298 96917 6683 41%
c w 9070.91 107 222 210 3866 521037 3 160233399 106874 1.8 72 41 2 18 46% 8298 96917 6683 41%
c - 9071.64 96 196 210 3867 521088 3 160283664 131753 1.7 59 35 2 18 37% 8299 96917 6683 41%
c - 9072.68 99 178 210 3868 521189 2 160345849 158417 1.6 48 29 2 18 31% 8299 96917 6683 41%
c - 9074.08 95 166 210 3869 521421 3 160408043 170346 1.5 41 26 2 18 26% 8301 96917 6683 41%
c - 9075.15 98 152 210 3870 521633 3 160470244 173326 1.5 36 23 2 18 23% 8301 96917 6683 41%
c - 9076.70 96 164 210 3871 521932 3 160532454 178038 1.6 34 22 2 18 27% 8301 96917 6683 41%
c - 9078.52 103 147 210 3872 522484 3 160594671 180032 1.5 35 24 2 18 23% 8303 96917 6683 41%
c - 9080.50 102 141 210 3873 523069 3 160656896 179168 1.4 34 25 2 18 21% 8304 96917 6683 41%
c - 9082.23 98 132 210 3874 523508 3 160719129 180799 1.4 34 25 2 18 19% 8305 96917 6683 41%
c o 9083.58 100 122 210 3874 523878 3 160762390 216565 1.4 35 26 2 18 18% 8305 96917 6683 41%
c
c  seconds      switched         rate              size/glue  tier1     binary        remaining
c           MB      reductions       conflicts           size   tier2      irredundant
c             level        restarts          redundant      glue    trail        variables
c
c - 9084.30 101 125 210 3875 524016 3 160781372 180579 1.4 35 26 2 18 19% 8305 96917 6683 41%
c - 9085.86 99 130 210 3876 524371 3 160843621 183480 1.4 34 24 2 18 19% 8305 96917 6683 41%
c - 9088.88 101 125 210 3877 525077 3 160905880 187558 1.3 36 27 2 18 19% 8306 96917 6683 41%
c - 9090.60 98 129 210 3878 525440 3 160968145 190400 1.4 35 26 2 18 19% 8307 96917 6683 41%
c - 9092.47 99 127 210 3879 525855 3 161030421 188915 1.4 34 25 2 18 19% 8307 96917 6683 41%
c - 9094.75 102 127 210 3880 526436 4 161092703 187389 1.3 35 26 2 18 18% 8307 96917 6683 41%
c - 9096.56 100 140 210 3881 526739 3 161154992 189160 1.4 35 25 2 18 22% 8307 96917 6683 41%
c - 9098.27 102 136 210 3882 527156 3 161217289 189901 1.4 34 24 2 18 21% 8308 96917 6683 41%
c - 9100.70 103 134 210 3883 527706 3 161279594 190337 1.4 34 25 2 18 21% 8308 96917 6683 41%
c - 9102.34 100 143 210 3884 528028 3 161341907 192478 1.4 34 24 2 18 22% 8309 96917 6683 41%
c - 9104.34 103 136 210 3885 528524 3 161404229 189970 1.4 34 25 2 18 20% 8310 96917 6683 41%
c - 9105.88 100 139 210 3886 528910 3 161466558 187808 1.4 33 23 2 18 20% 8310 96917 6683 41%
c - 9107.79 101 140 210 3887 529380 3 161528895 187696 1.4 32 23 2 18 20% 8310 96917 6683 41%
c - 9109.98 102 136 210 3888 529936 3 161591241 189146 1.4 33 24 2 18 19% 8310 96917 6683 41%
c - 9112.32 95 130 210 3889 530505 3 161653595 190740 1.3 34 26 2 18 19% 8310 96917 6683 41%
c u 9114.24 99 130 210 3889 530709 3 161685327 211027 1.3 34 25 2 18 19% 8310 96917 6683 41%
c v 9115.37 108 130 210 3889 530709 3 161685327 180148 1.3 34 25 2 18 19% 8310 96917 6683 41%
c w 9115.93 136 130 210 3889 530709 3 161685327 179674 1.3 34 25 2 18 19% 8310 96917 6683 41%
c t 9115.95 136 130 210 3889 530709 3 161685327 179674 1.3 34 25 2 18 19% 8307 96917 6683 41%
c - 9117.05 100 128 210 3890 530941 3 161715956 164176 1.3 34 25 2 18 18% 8307 96917 6683 41%
c
c  seconds     switched         rate              size/glue  tier1     binary        remaining
c          MB      reductions       conflicts           size   tier2      irredundant
c            level        restarts          redundant      glue    trail        variables
c
c - 9118.93 99 131 210 3891 531379 3 161778326 174261 1.3 34 25 2 18 19% 8308 96917 6683 41%
c - 9121.11 102 133 210 3892 531848 3 161840703 182574 1.4 35 26 2 18 20% 8308 96917 6683 41%
c - 9122.78 101 142 210 3893 532165 3 161903088 186255 1.4 33 24 2 18 22% 8308 96917 6683 41%
c - 9125.20 96 136 210 3894 532721 3 161965481 188051 1.4 34 25 2 18 21% 8308 96917 6683 41%
c - 9127.35 100 134 210 3895 533225 3 162027882 187913 1.4 35 26 2 18 20% 8309 96917 6683 41%
c } 9129.07 100 131 211 3895 533627 3 162065780 221908 1.3 36 26 2 18 20% 8309 96917 6683 41%
c [ 9129.07 100 191 211 3895 533627 1 162065780 221908 1.5 165 107 2 59 59% 8309 96917 6683 41%
c W 9129.16 82 191 211 3895 533627 1 162065780 221908 1.5 165 107 2 59 59% 8309 96917 6683 41%
c - 9130.27 105 200 211 3896 533640 1 162090291 182998 1.6 160 101 2 59 59% 8309 96917 6683 41%
c - 9133.33 121 203 211 3897 533661 1 162152708 160198 1.6 151 93 2 59 57% 8309 96917 6683 41%
c - 9136.22 120 211 211 3898 533688 1 162215133 139659 1.7 141 81 2 59 56% 8309 96917 6683 41%
c - 9139.90 120 210 211 3899 533699 1 162277567 136049 1.8 148 83 2 59 58% 8309 96917 6683 41%
c - 9143.39 120 211 211 3900 533720 1 162340008 131195 1.7 140 81 2 58 57% 8309 96917 6683 41%
c - 9146.73 121 215 211 3901 533749 1 162402457 134954 1.8 137 76 2 58 58% 8309 96917 6683 41%
c - 9150.69 124 210 211 3902 533753 1 162464916 135814 1.9 154 79 2 58 62% 8309 96917 6683 41%
c - 9153.96 124 204 211 3903 533755 1 162527381 129171 1.9 152 79 2 58 63% 8309 96917 6683 41%
c o 9155.71 121 209 211 3903 533771 1 162560409 161783 1.9 151 81 2 58 62% 8309 96917 6683 41%
c - 9157.08 124 214 211 3904 533783 1 162589854 129712 1.8 146 83 2 58 61% 8309 96917 6683 41%
c - 9160.53 124 220 211 3905 533806 1 162652335 129103 1.8 145 82 2 58 57% 8309 96917 6683 41%
c - 9164.62 123 208 211 3906 533816 1 162714825 129751 1.7 142 82 2 58 53% 8309 96917 6683 41%
c
c  seconds      switched         rate              size/glue   tier1     binary        remaining
c           MB      reductions       conflicts           size    tier2      irredundant
c             level        restarts          redundant       glue    trail        variables
c
c - 9169.63 125 198 211 3907 533845 1 162777322 126446 1.7 139 84 2 58 51% 8309 96917 6683 41%
c - 9172.53 124 207 211 3908 533865 1 162839827 133083 1.8 141 78 2 58 53% 8309 96917 6683 41%
c - 9175.32 122 203 211 3909 533879 1 162902340 134149 1.8 144 78 2 58 54% 8309 96917 6683 41%
c - 9179.03 121 192 211 3910 533880 1 162964861 127361 1.8 154 84 2 58 57% 8309 96917 6683 41%
c - 9182.60 118 187 211 3911 533881 1 163027391 124864 2.1 167 81 2 58 56% 8309 96917 6683 41%
c - 9186.53 123 185 211 3912 533881 1 163089929 133158 2.2 158 73 2 58 55% 8309 96917 6683 41%
c u 9190.86 125 191 211 3912 533896 1 163144306 179201 2.1 155 73 2 58 55% 8309 96917 6683 41%
c v 9191.90 129 191 211 3912 533896 1 163144306 167528 2.1 155 73 2 58 55% 8309 96917 6683 41%
c w 9195.21 165 191 211 3912 533896 1 163144306 167323 2.1 155 73 2 58 55% 8309 96917 6683 41%
c - 9195.70 122 192 211 3913 533899 1 163152474 124812 2.1 153 73 2 58 55% 8309 96917 6683 41%
c - 9199.08 125 201 211 3914 533922 1 163215028 128220 1.9 146 77 2 58 52% 8309 96917 6683 41%
c ] 9201.02 123 212 212 3914 533942 1 163257772 170672 1.9 145 75 2 58 54% 8309 96917 6683 41%
c { 9201.02 123 131 212 3914 533942 3 163257772 170672 1.3 36 26 2 18 20% 8309 96917 6683 41%
c - 9202.45 125 148 212 3915 534287 4 163277589 130948 1.4 42 29 2 18 25% 8309 96917 6683 41%
c - 9206.29 124 186 212 3916 535222 5 163340159 148443 1.6 56 36 2 18 36% 8309 96917 6683 41%
c - 9210.63 127 209 212 3917 536100 5 163402736 162652 1.6 66 41 2 18 43% 8309 96917 6683 41%
c - 9214.48 125 225 212 3918 536772 5 163465321 170785 1.7 70 42 2 18 47% 8309 96917 6683 41%
c - 9218.70 127 231 212 3919 537448 5 163527914 176501 1.7 72 43 2 18 49% 8309 96917 6683 41%
c - 9221.35 124 221 212 3920 537701 4 163590515 185197 1.7 63 38 2 18 47% 8309 96917 6683 41%
c - 9225.86 129 229 212 3921 538507 4 163653125 188019 1.7 70 42 2 18 49% 8309 96917 6683 41%
c
c  seconds      switched         rate              size/glue  tier1     binary        remaining
c           MB      reductions       conflicts           size   tier2      irredundant
c             level        restarts          redundant      glue    trail        variables
c
c - 9230.25 122 231 212 3922 539183 4 163715744 180931 1.7 75 44 2 18 50% 8309 96917 6683 41%
c - 9235.29 128 234 212 3923 539915 4 163778370 181362 1.7 79 46 2 18 51% 8309 96917 6683 41%
c - 9239.95 129 237 212 3924 540552 4 163841003 182164 1.7 80 46 2 18 52% 8309 96917 6683 41%
c - 9244.73 127 238 212 3925 541229 4 163903645 183511 1.7 84 48 2 18 52% 8309 96917 6683 41%
c - 9249.49 127 237 212 3926 541822 4 163966296 185708 1.8 85 48 2 18 53% 8309 96917 6683 41%
c - 9254.30 123 235 212 3927 542451 4 164028954 187111 1.8 87 49 2 18 53% 8309 96917 6683 41%
c - 9259.31 127 237 212 3928 543134 4 164091619 186439 1.7 88 50 2 18 52% 8309 96917 6683 41%
c - 9263.90 119 242 212 3929 543639 4 164154292 188118 1.8 87 49 2 18 54% 8309 96917 6683 41%
c - 9268.67 127 246 212 3930 544198 4 164216973 191308 1.8 87 49 2 18 54% 8309 96917 6683 41%
c - 9273.23 128 243 212 3931 544789 4 164279664 192138 1.8 88 49 2 18 54% 8309 96917 6683 41%
c - 9277.96 128 240 212 3932 545392 4 164342361 192849 1.8 87 49 2 18 53% 8309 96917 6683 41%
c o 9278.48 126 240 212 3932 545451 4 164350538 200962 1.8 86 49 2 18 53% 8309 96917 6683 41%
c - 9282.87 122 237 212 3933 546034 4 164405068 193747 1.8 88 50 2 18 52% 8309 96917 6683 41%
c - 9287.33 128 235 212 3934 546541 4 164467782 195982 1.8 88 49 2 18 53% 8309 96917 6683 41%
c - 9292.37 128 238 212 3935 547209 4 164530504 196939 1.8 87 49 2 18 53% 8309 96917 6683 41%
c - 9297.54 126 237 212 3936 547817 4 164593233 195817 1.8 88 50 2 18 53% 8309 96917 6683 41%
c u 9300.21 127 235 212 3936 547980 4 164610336 203588 1.8 88 50 2 18 53% 8309 96917 6683 41%
c v 9302.33 130 235 212 3936 547980 4 164610336 170035 1.8 88 50 2 18 53% 8309 96917 6683 41%
c w 9305.02 142 235 212 3936 547980 4 164610336 168813 1.8 88 50 2 18 53% 8309 96917 6683 41%
c - 9308.21 127 238 212 3937 548261 4 164655970 165224 1.8 84 47 2 18 53% 8309 96917 6683 41%
c
c  seconds      switched         rate              size/glue  tier1     binary        remaining
c           MB      reductions       conflicts           size   tier2      irredundant
c             level        restarts          redundant      glue    trail        variables
c
c - 9312.68 127 241 212 3938 548891 4 164718716 176276 1.8 83 48 2 18 52% 8309 96917 6683 41%
c - 9317.57 129 238 212 3939 549564 4 164781470 180993 1.7 85 49 2 18 52% 8309 96917 6683 41%
c - 9321.84 129 239 212 3940 550094 4 164844232 182380 1.8 84 48 2 18 52% 8309 96917 6683 41%
c - 9326.48 128 238 212 3941 550678 4 164907001 185415 1.8 86 49 2 18 52% 8309 96917 6683 41%
c - 9331.32 129 242 212 3942 551276 4 164969778 186018 1.8 88 49 2 19 53% 8309 96917 6683 41%
c - 9335.68 125 240 212 3943 551780 4 165032564 188152 1.8 84 47 2 19 53% 8309 96917 6683 41%
c - 9340.36 128 237 212 3944 552421 4 165095358 192008 1.7 84 48 2 19 52% 8309 96917 6683 41%
c - 9345.02 129 240 212 3945 552988 4 165158160 193637 1.7 83 48 2 19 53% 8309 96917 6683 41%
c } 9345.86 127 241 213 3945 553123 4 165169222 204556 1.7 84 48 2 19 53% 8309 96917 6683 41%
c [ 9345.86 127 212 213 3945 553123 1 165169222 204556 1.9 145 75 2 58 54% 8309 96917 6683 41%
c I 9345.86 127 212 213 3945 553123 1 165169222 204556 1.9 145 75 2 58 54% 8309 96917 6683 41%
c - 9348.92 128 219 213 3946 553150 1 165220969 183352 1.9 138 74 2 58 57% 8309 96917 6683 41%
c - 9352.84 126 213 213 3947 553168 1 165283786 160710 1.9 143 76 2 58 58% 8309 96917 6683 41%
c - 9356.67 125 211 213 3948 553185 1 165346612 148238 1.8 140 76 2 58 58% 8309 96917 6683 41%
c - 9359.98 126 212 213 3949 553207 1 165409445 149218 1.9 142 73 2 58 59% 8309 96917 6683 41%
c - 9363.24 125 218 213 3950 553230 1 165472287 150351 2.0 146 73 2 58 60% 8309 96917 6683 41%
c - 9366.69 125 225 213 3951 553248 1 165535136 145691 2.0 150 75 2 58 60% 8309 96917 6683 41%
c - 9370.48 122 216 213 3952 553249 1 165597992 143940 1.9 151 79 2 58 59% 8309 96917 6683 41%
c - 9374.04 125 214 213 3953 553264 1 165660857 145689 1.9 147 76 2 58 59% 8309 96917 6683 41%
c - 9377.60 127 219 213 3954 553288 1 165723729 151563 1.9 147 77 2 58 59% 8309 96917 6683 41%
c
c  seconds      switched         rate              size/glue   tier1     binary        remaining
c           MB      reductions       conflicts           size    tier2      irredundant
c             level        restarts          redundant       glue    trail        variables
c
c - 9381.07 126 213 213 3955 553311 1 165786610 151271 2.0 148 76 2 58 59% 8309 96917 6683 41%
c - 9384.90 127 207 213 3956 553326 1 165849499 149953 2.0 153 76 2 58 61% 8309 96917 6683 41%
c - 9388.86 126 211 213 3957 553347 1 165912396 147086 2.0 157 81 2 58 61% 8309 96917 6683 41%
c - 9393.20 126 213 213 3958 553374 1 165975302 143395 1.9 166 87 2 58 62% 8309 96917 6683 41%
c - 9398.60 93 208 213 3959 553376 1 166038214 134173 1.9 182 98 2 58 65% 8309 96917 6683 41%
c u 9403.26 111 202 213 3959 553376 1 166083418 168697 1.9 182 97 2 58 66% 8309 96917 6683 41%
c v 9404.34 113 202 213 3959 553376 1 166083418 152431 1.9 182 97 2 58 66% 8309 96917 6683 41%
c w 9409.29 158 202 213 3959 553376 1 166083418 151536 1.9 182 97 2 58 66% 8309 96917 6683 41%
c - 9410.34 119 202 213 3960 553377 1 166101135 111762 1.9 181 95 2 58 66% 8309 96917 6683 41%
c - 9413.90 123 200 213 3961 553377 1 166164064 120206 1.9 176 91 2 58 66% 8309 96917 6683 41%
c o 9417.56 122 199 213 3961 553379 1 166220935 176735 2.0 176 90 2 58 66% 8309 96917 6683 41%
c - 9417.87 116 201 213 3962 553383 1 166227001 122548 2.0 172 88 2 58 66% 8309 96917 6683 41%
c - 9420.93 124 211 213 3963 553408 1 166289946 133990 1.9 157 81 2 58 63% 8309 96917 6683 41%
c - 9424.33 123 217 213 3964 553435 1 166352898 137150 1.9 155 81 2 58 63% 8309 96917 6683 41%
c - 9429.88 93 209 213 3965 553440 1 166415858 132534 2.0 174 86 2 58 65% 8309 96917 6683 41%
c - 9434.76 94 210 213 3966 553470 1 166478826 123533 1.9 180 97 2 58 66% 8309 96917 6683 41%
c - 9439.98 77 203 213 3967 553493 1 166541803 117142 1.8 185 105 2 58 66% 8309 96917 6683 41%
c - 9447.35 77 201 213 3968 553503 1 166604787 111214 1.7 193 114 2 58 65% 8309 96917 6683 41%
c - 9457.13 75 200 213 3969 553504 1 166667779 102879 1.6 204 124 2 58 63% 8309 96917 6683 41%
c - 9463.29 71 203 213 3970 553531 1 166730779 107961 1.7 193 117 2 58 62% 8309 96917 6683 41%
c
c  seconds      switched         rate              size/glue    tier1     binary        remaining
c           MB      reductions       conflicts           size     tier2      irredundant
c             level        restarts          redundant       glue     trail        variables
c
c - 9466.87 107 201 213 3971 553550 1 166793788 124362 1.6 165 102 2 58 59% 8309 96917 6683 41%
c - 9471.54 116 202 213 3972 553567 1 166856804 123238 1.5 161 104 2 58 57% 8309 96917 6683 41%
c - 9476.31 73 204 213 3973 553589 1 166919828 117291 1.5 158 106 2 58 56% 8309 96917 6683 41%
c - 9481.24 78 200 213 3974 553612 1 166982859 116909 1.5 156 104 2 58 57% 8309 96917 6683 41%
c - 9486.39 77 201 213 3975 553630 1 167045898 118212 1.5 153 104 2 58 56% 8309 96917 6683 41%
c - 9491.45 114 197 213 3976 553631 1 167108945 116766 1.5 157 102 2 58 56% 8309 96917 6683 41%
c ] 9494.72 114 198 214 3976 553632 1 167152637 159965 1.6 156 100 2 58 56% 8309 96917 6683 41%
c { 9494.72 114 241 214 3976 553632 4 167152637 159965 1.7 84 48 2 19 53% 8309 96917 6683 41%
c - 9495.61 114 268 214 3977 553687 4 167172001 122483 1.8 79 44 2 19 56% 8309 96917 6683 41%
c - 9499.11 117 301 214 3978 554088 4 167235064 156099 1.9 74 39 2 19 62% 8309 96917 6683 41%
c - 9502.99 118 309 214 3979 554504 4 167298135 177232 1.9 67 35 2 19 63% 8309 96917 6683 41%
c - 9506.96 117 309 214 3980 554794 4 167361216 187007 1.9 60 31 2 19 64% 8309 96917 6683 41%
c - 9513.75 121 316 214 3981 555629 6 167424303 191774 1.9 66 35 2 19 64% 8309 96917 6683 41%
c - 9520.98 115 314 214 3982 556420 6 167487398 186087 1.9 70 37 2 19 64% 8309 96917 6683 41%
c - 9528.32 120 312 214 3983 557156 6 167550501 188831 1.9 72 38 2 19 64% 8309 96917 6683 41%
c u 9531.25 119 313 214 3983 557328 7 167563549 194117 1.9 73 39 2 19 64% 8309 96917 6683 41%
c v 9534.08 122 313 214 3983 557328 7 167563549 159770 1.9 73 39 2 19 64% 8309 96917 6683 41%
c w 9536.78 127 313 214 3983 557328 7 167563549 158979 1.9 73 39 2 19 64% 8309 96917 6683 41%
c - 9541.80 119 310 214 3984 557859 7 167613612 162422 1.9 73 38 2 19 64% 8309 96917 6683 41%
c - 9548.27 119 312 214 3985 558558 7 167676730 175753 1.9 74 39 2 19 65% 8309 96917 6683 41%
c
c  seconds      switched         rate              size/glue  tier1     binary        remaining
c           MB      reductions       conflicts           size   tier2      irredundant
c             level        restarts          redundant      glue    trail        variables
c
c - 9554.64 119 312 214 3986 559212 6 167739857 183891 1.9 74 39 2 19 65% 8309 96917 6683 41%
c - 9561.91 121 311 214 3987 559975 7 167802991 188215 1.9 76 40 2 19 65% 8309 96917 6683 41%
c - 9569.11 118 310 214 3988 560696 7 167866134 191229 1.9 77 40 2 19 65% 8309 96917 6683 41%
c - 9575.96 121 301 214 3989 561349 6 167929284 194988 2.0 79 40 2 19 66% 8309 96917 6683 41%
c - 9583.43 121 303 214 3990 562067 6 167992444 197474 1.9 78 41 2 19 65% 8309 96917 6683 41%
c o 9587.53 120 302 214 3990 562472 6 168030962 235653 1.9 79 41 2 19 66% 8309 96917 6683 41%
c - 9590.76 119 302 214 3991 562753 6 168055610 199215 1.9 79 41 2 19 66% 8309 96917 6683 41%
c - 9598.22 119 300 214 3992 563434 6 168118786 201615 1.9 79 41 2 19 65% 8309 96917 6683 41%
c - 9605.71 119 300 214 3993 564141 6 168181969 203563 1.9 81 42 2 19 65% 8309 96917 6683 41%
c - 9613.38 120 298 214 3994 564853 6 168245159 205629 1.9 81 42 2 19 65% 8310 96917 6683 41%
c - 9621.36 119 299 214 3995 565578 6 168308357 207105 1.9 82 43 2 19 65% 8310 96917 6683 41%
c - 9628.79 118 304 214 3996 566204 6 168371563 208875 1.9 81 42 2 19 65% 8310 96917 6683 41%
c - 9636.77 121 302 214 3997 566935 6 168434776 211018 1.9 82 43 2 19 65% 8310 96917 6683 41%
c - 9644.06 123 302 214 3998 567596 6 168497998 212467 1.9 83 43 2 19 65% 8310 96917 6683 41%
c - 9652.08 119 301 214 3999 568316 6 168561228 213800 1.9 83 44 2 19 65% 8310 96917 6683 41%
c - 9660.07 122 295 214 4000 569031 6 168624467 214684 1.9 84 44 2 19 65% 8310 96917 6683 41%
c - 9668.04 117 298 214 4001 569720 6 168687713 216104 1.9 84 44 2 19 65% 8310 96917 6683 41%
c - 9675.67 122 298 214 4002 570339 6 168750966 217765 1.9 84 44 2 19 65% 8310 96917 6683 41%
c - 9683.58 122 296 214 4003 571033 6 168814227 219142 1.9 85 44 2 19 65% 8310 96917 6683 41%
c - 9691.50 121 295 214 4004 571733 6 168877497 219827 1.9 85 44 2 19 65% 8310 96917 6683 41%
c
c  seconds      switched         rate              size/glue  tier1     binary        remaining
c           MB      reductions       conflicts           size   tier2      irredundant
c             level        restarts          redundant      glue    trail        variables
c
c - 9698.53 121 290 214 4005 572353 6 168940775 221644 1.9 83 43 2 19 65% 8310 96917 6683 41%
c - 9706.60 123 289 214 4006 573054 6 169004060 222962 1.9 83 44 2 19 65% 8310 96917 6683 41%
c u 9713.84 121 298 214 4006 573496 6 169050756 256147 1.9 81 42 2 19 65% 8310 96917 6683 41%
c v 9718.00 127 298 214 4006 573496 6 169050756 204658 1.9 81 42 2 19 65% 8310 96917 6683 41%
c w 9721.82 137 298 214 4006 573496 6 169050756 204093 1.9 81 42 2 19 65% 8310 96917 6683 41%
c t 9721.85 137 298 214 4006 573496 6 169050756 204093 1.9 81 42 2 19 65% 8304 96917 6683 41%
c - 9723.51 119 300 214 4007 573644 6 169067352 171638 1.9 80 42 2 19 65% 8304 96917 6683 41%
c } 9725.97 117 305 215 4007 573906 6 169096241 200272 1.9 79 41 2 19 65% 8304 96917 6683 41%
c [ 9725.97 117 198 215 4007 573906 1 169096241 200272 1.6 156 100 2 58 56% 8304 96917 6683 41%
c B 9725.97 117 198 215 4007 573906 1 169096241 200272 1.6 156 100 2 58 56% 8304 96917 6683 41%
c - 9727.82 120 204 215 4008 573922 1 169130653 174396 1.6 152 94 2 58 57% 8304 96917 6683 41%
c - 9731.31 124 205 215 4009 573946 1 169193961 161190 1.7 149 88 2 58 56% 8304 96917 6683 41%
c - 9734.32 123 211 215 4010 573967 1 169257277 150509 1.8 150 81 2 58 57% 8304 96917 6683 41%
c - 9738.03 123 211 215 4011 573983 1 169320601 149899 1.9 153 81 2 58 58% 8304 96917 6683 41%
c - 9741.44 123 205 215 4012 574006 1 169383933 147495 1.8 145 81 2 58 56% 8304 96917 6683 41%
c - 9744.45 122 211 215 4013 574030 1 169447274 151839 1.8 140 76 2 58 55% 8304 96917 6683 41%
c - 9748.68 94 221 215 4014 574032 1 169510622 145283 1.7 163 94 2 58 56% 8304 96917 6683 41%
c - 9752.83 94 216 215 4015 574044 1 169573979 131348 1.7 177 104 2 58 56% 8304 96917 6683 41%
c - 9755.95 113 208 215 4016 574063 1 169637346 133186 1.6 162 99 2 58 55% 8304 96917 6683 41%
c - 9759.17 76 202 215 4017 574093 1 169700718 132123 1.5 152 101 2 58 52% 8304 96917 6683 41%
c
c  seconds      switched         rate              size/glue   tier1     binary        remaining
c           MB      reductions       conflicts           size    tier2      irredundant
c             level        restarts          redundant       glue    trail        variables
c
c - 9762.82 112 198 215 4018 574102 1 169764097 133048 1.5 147 97 2 58 53% 8304 96917 6683 41%
c - 9766.37 114 198 215 4019 574126 1 169827484 135617 1.5 149 101 2 58 53% 8304 96917 6683 41%
c - 9769.50 76 195 215 4020 574155 1 169890879 131417 1.4 147 102 2 59 52% 8304 96917 6683 41%
c - 9772.98 76 195 215 4021 574159 1 169954282 132634 1.4 149 104 2 59 52% 8304 96917 6683 41%
c e 9773.89 74 195 215 4021 574159 1 169971243 149367 1.4 148 103 2 59 52% 8303 96917 6682 41%
c o 9773.91 78 195 215 4021 574159 1 169971243 149321 1.4 148 103 2 59 52% 8303 96917 6682 41%
c - 9776.72 77 215 215 4022 574160 1 170017694 126415 1.3 176 132 2 59 55% 8303 96917 6682 41%
c - 9781.89 75 228 215 4023 574160 1 170081113 114840 1.2 196 161 2 59 56% 8303 96917 6682 41%
c - 9786.71 74 235 215 4024 574160 1 170144542 105047 1.2 209 176 2 59 56% 8303 96917 6682 41%
c - 9790.31 77 235 215 4025 574190 1 170207978 112748 1.2 188 155 2 59 56% 8303 96917 6682 41%
c - 9794.16 109 225 215 4026 574212 1 170271422 133551 1.4 167 120 2 59 56% 8303 96917 6682 41%
c - 9797.17 115 211 215 4027 574223 1 170334872 144564 1.6 159 102 2 59 55% 8303 96917 6682 41%
c - 9799.98 119 205 215 4028 574251 1 170398330 140886 1.5 147 98 2 59 53% 8303 96917 6682 41%
c - 9802.97 116 199 215 4029 574270 1 170461797 135065 1.4 141 98 2 59 51% 8303 96917 6682 41%
c - 9806.10 76 196 215 4030 574286 1 170525271 132808 1.4 138 97 2 60 50% 8303 96917 6682 41%
c u 9808.55 86 193 215 4030 574287 1 170545039 141906 1.4 138 98 2 60 49% 8303 96917 6682 41%
c v 9809.16 88 193 215 4030 574287 1 170545039 132382 1.4 138 98 2 60 49% 8303 96917 6682 41%
c w 9812.32 116 193 215 4030 574287 1 170545039 132138 1.4 138 98 2 60 49% 8303 96917 6682 41%
c - 9816.21 73 187 215 4031 574287 1 170588754 112889 1.4 147 108 2 60 49% 8303 96917 6682 41%
c - 9820.56 78 185 215 4032 574309 1 170652244 108560 1.3 149 111 2 60 48% 8303 96917 6682 41%
c
c  seconds     switched         rate              size/glue    tier1     binary        remaining
c          MB      reductions       conflicts           size     tier2      irredundant
c            level        restarts          redundant       glue     trail        variables
c
c - 9823.55 77 191 215 4033 574333 1 170715743 114174 1.3 143 107 2 60 49% 8303 96917 6682 41%
c - 9826.56 75 190 215 4034 574350 1 170779248 117905 1.3 141 106 2 60 49% 8303 96917 6682 41%
c - 9829.87 75 189 215 4035 574368 1 170842761 116999 1.3 144 108 2 60 49% 8303 96917 6682 41%
c - 9833.54 78 190 215 4036 574393 1 170906282 116242 1.3 144 109 2 60 48% 8303 96917 6682 41%
c - 9836.92 111 200 215 4037 574412 1 170969812 119083 1.4 143 101 2 60 49% 8303 96917 6682 41%
c - 9840.17 113 203 215 4038 574414 1 171033351 129078 1.6 146 89 2 60 54% 8303 96917 6682 41%
c - 9844.36 125 202 215 4039 574415 1 171096897 119410 1.7 160 92 2 60 56% 8303 96917 6682 41%
c - 9849.51 74 203 215 4040 574415 1 171160450 109229 1.9 184 98 2 60 59% 8303 96917 6682 41%
c W 9851.20 78 204 215 4040 574415 1 171183394 131997 1.9 185 99 2 60 59% 8303 96917 6682 41%
c - 9853.73 105 201 215 4041 574416 1 171224011 108249 1.9 180 97 2 60 59% 8303 96917 6682 41%
c - 9857.39 105 195 215 4042 574416 1 171287587 115639 1.9 171 92 2 60 58% 8303 96917 6682 41%
c - 9862.32 106 190 215 4043 574416 1 171351164 116895 1.8 170 93 2 60 56% 8303 96917 6682 41%
c - 9866.97 106 187 215 4044 574416 1 171414749 121814 1.9 166 89 2 60 56% 8303 96917 6682 41%
c - 9871.56 119 187 215 4045 574426 1 171478341 127261 1.8 161 87 2 60 55% 8303 96917 6682 41%
c - 9874.76 119 186 215 4046 574447 1 171541942 120142 1.6 150 92 2 60 52% 8303 96917 6682 41%
c - 9877.82 123 195 215 4047 574477 1 171605550 113429 1.7 142 85 2 60 53% 8303 96917 6682 41%
c - 9881.20 120 201 215 4048 574486 1 171669167 122458 1.7 143 84 2 60 53% 8303 96917 6682 41%
c - 9884.16 121 198 215 4049 574510 1 171732790 118564 1.6 136 87 2 60 50% 8303 96917 6682 41%
c - 9886.94 76 199 215 4050 574539 1 171796421 113660 1.5 134 90 2 60 50% 8303 96917 6682 41%
c - 9890.58 112 192 215 4051 574543 1 171860061 113801 1.5 142 93 2 60 52% 8303 96917 6682 41%
c
c  seconds     switched         rate              size/glue    tier1     binary        remaining
c          MB      reductions       conflicts           size     tier2      irredundant
c            level        restarts          redundant       glue     trail        variables
c
c - 9896.89 75 185 215 4052 574545 1 171923710 101849 1.5 164 111 2 60 52% 8303 96917 6682 41%
c o 9897.10 69 185 215 4052 574549 1 171928520 106580 1.5 162 110 2 60 51% 8303 96917 6682 41%
c - 9899.50 75 199 215 4053 574573 1 171987366 103554 1.4 146 101 2 60 53% 8303 96917 6682 41%
c u 9903.76 108 207 215 4053 574596 1 172046398 155815 1.4 143 101 2 60 53% 8303 96917 6682 41%
c v 9904.11 109 207 215 4053 574596 1 172046398 146722 1.4 143 101 2 60 53% 8303 96917 6682 41%
c w 9907.80 158 207 215 4053 574596 1 172046398 146229 1.4 143 101 2 60 53% 8303 96917 6682 41%
c x 9908.20 158 207 215 4053 574596 1 172046398 146226 1.4 143 101 2 60 53% 8303 96889 6682 41%
c - 9908.56 73 207 215 4054 574598 1 172051030 99977 1.4 143 100 2 60 53% 8303 96889 6682 41%
c - 9911.77 73 220 215 4055 574606 1 172114701 103093 1.6 161 100 2 60 55% 8303 96889 6682 41%
c - 9914.39 106 217 215 4056 574636 1 172178381 111298 1.6 145 91 2 60 54% 8303 96889 6682 41%
c - 9917.19 108 207 215 4057 574658 1 172242068 117590 1.6 133 86 2 60 53% 8303 96889 6682 41%
c - 9920.46 113 203 215 4058 574669 1 172305762 116133 1.6 140 88 2 60 56% 8303 96889 6682 41%
c - 9924.38 75 202 215 4059 574670 1 172369468 108999 1.7 154 93 2 60 58% 8303 96889 6682 41%
c - 9928.91 74 201 215 4060 574671 1 172433178 101739 1.7 165 97 2 60 60% 8303 96889 6682 41%
c - 9933.69 75 199 215 4061 574671 1 172496899 100725 1.8 174 99 2 60 61% 8303 96889 6682 41%
c ] 9937.53 110 200 216 4061 574693 1 172557002 160039 1.6 163 99 2 60 59% 8303 96889 6682 41%
c { 9937.53 110 305 216 4061 574693 6 172557002 160039 1.9 79 41 2 19 65% 8303 96889 6682 41%
c - 9937.79 111 302 216 4062 574737 6 172560624 109260 1.9 80 42 2 19 65% 8303 96889 6682 41%
c - 9940.50 107 275 216 4063 575214 5 172624357 140534 1.8 73 40 2 19 59% 8303 96889 6682 41%
c - 9943.55 115 255 216 4064 575436 3 172688099 170219 2.0 66 34 2 19 55% 8303 96889 6682 41%
c
c  seconds      switched         rate              size/glue  tier1     binary        remaining
c           MB      reductions       conflicts           size   tier2      irredundant
c             level        restarts          redundant      glue    trail        variables
c
c - 9947.12 113 247 216 4065 576070 4 172751849 179533 1.9 65 35 2 19 53% 8303 96889 6682 41%
c - 9950.73 115 233 216 4066 576664 4 172815607 179994 1.8 65 36 2 19 50% 8303 96889 6682 41%
c - 9953.78 117 202 216 4067 576986 3 172879373 185684 1.8 59 33 2 19 42% 8303 96889 6682 41%
c - 9958.17 115 216 216 4068 577908 4 172943146 184528 1.7 69 40 2 19 46% 8303 96889 6682 41%
c - 9962.31 117 222 216 4069 578606 4 173006926 178845 1.8 74 42 2 19 48% 8303 96889 6682 41%
c - 9966.78 111 226 216 4070 579326 4 173070715 181119 1.7 77 44 2 19 50% 8303 96889 6682 41%
c - 9970.82 113 230 216 4071 579933 4 173134511 182554 1.8 81 46 2 19 51% 8303 96889 6682 41%
c - 9974.61 111 243 216 4072 580443 4 173198315 185852 1.8 79 45 2 19 52% 8303 96889 6682 41%
c - 9978.84 115 240 216 4073 581090 4 173262127 188821 1.7 79 45 2 19 52% 8303 96889 6682 41%
c - 9983.06 118 234 216 4074 581715 4 173325947 189496 1.7 80 46 2 19 51% 8304 96889 6682 41%
c - 9987.61 111 234 216 4075 582402 4 173389775 188911 1.7 85 49 2 19 52% 8304 96889 6682 41%
c - 9991.47 115 230 216 4076 582871 4 173453611 192609 1.8 83 47 2 19 51% 8304 96889 6682 41%
c - 9996.10 117 239 216 4077 583420 4 173517454 196631 1.8 81 46 2 19 52% 8304 96889 6682 41%
c u 9999.67 117 238 216 4077 583792 4 173554832 226475 1.8 83 47 2 19 52% 8304 96889 6682 41%
c v 10002.14 122 238 216 4077 583792 4 173554832 191313 1.8 83 47 2 19 52% 8304 96889 6682 41%
c w 10003.76 137 238 216 4077 583792 4 173554832 190937 1.8 83 47 2 19 52% 8304 96889 6682 41%
c - 10005.48 115 236 216 4078 584009 4 173581305 163588 1.8 85 47 2 19 53% 8304 96889 6682 41%
c - 10009.35 117 235 216 4079 584568 4 173645164 170676 1.8 87 48 2 19 53% 8304 96889 6682 41%
c - 10013.47 107 238 216 4080 585170 4 173709032 175713 1.8 89 50 2 19 54% 8304 96889 6682 41%
c o 10016.97 115 234 216 4080 585589 4 173771431 237561 1.8 85 48 2 19 52% 8304 96889 6682 41%
c
c   seconds      switched         rate              size/glue  tier1     binary        remaining
c            MB      reductions       conflicts           size   tier2      irredundant
c              level        restarts          redundant      glue    trail        variables
c
c - 10017.12 116 235 216 4081 585590 3 173772906 180280 1.8 85 47 2 19 52% 8304 96889 6682 41%
c - 10021.45 117 238 216 4082 586206 4 173836788 183872 1.8 86 48 2 19 53% 8304 96889 6682 41%
c - 10025.76 117 242 216 4083 586819 4 173900680 183622 1.8 88 50 2 19 53% 8304 96889 6682 41%
c - 10030.31 111 240 216 4084 587455 4 173964579 183025 1.7 90 51 2 19 53% 8304 96889 6682 41%
c - 10034.53 117 243 216 4085 587952 4 174028487 186243 1.8 88 50 2 19 53% 8304 96889 6682 41%
c - 10038.59 113 253 216 4086 588372 4 174092402 192399 1.8 85 47 2 19 53% 8304 96889 6682 41%
c - 10042.83 117 242 216 4087 588938 4 174156323 194312 1.8 85 48 2 19 52% 8304 96889 6682 41%
c - 10047.29 114 239 216 4088 589592 4 174220252 191614 1.7 88 51 2 19 52% 8304 96889 6682 41%
c - 10051.06 115 243 216 4089 589965 3 174284190 193966 1.8 84 47 2 19 52% 8304 96889 6682 41%
c - 10054.07 113 250 216 4090 590287 3 174348136 200943 1.8 74 40 2 19 53% 8304 96889 6682 41%
c - 10057.97 113 247 216 4091 590920 3 174412090 201992 1.8 76 43 2 19 52% 8304 96889 6682 41%
c - 10062.60 119 245 216 4092 591655 4 174476053 199522 1.8 84 48 2 19 53% 8304 96889 6682 41%
c s 10065.62 115 241 216 4092 592048 4 174521645 244797 1.8 86 48 2 19 54% 8304 96880 6682 41%
c } 10066.48 118 241 217 4092 592174 4 174532980 256066 1.8 87 49 2 19 53% 8304 96880 6682 41%
c [ 10066.48 118 200 217 4092 592174 1 174532980 256066 1.6 163 99 2 60 59% 8304 96880 6682 41%
c O 10066.48 118 200 217 4092 592174 1 174532980 256066 1.6 163 99 2 60 59% 8304 96880 6682 41%
c - 10066.59 118 196 217 4093 592179 1 174540021 197015 1.6 156 95 2 60 56% 8304 96880 6682 41%
c - 10069.10 123 206 217 4094 592204 1 174603997 183760 1.6 144 88 2 60 52% 8304 96880 6682 41%
c - 10072.12 125 211 217 4095 592232 1 174667984 151852 1.6 143 88 2 60 50% 8304 96880 6682 41%
c - 10075.33 123 215 217 4096 592237 1 174731977 144124 1.9 154 82 2 60 54% 8304 96880 6682 41%
c
c   seconds      switched         rate              size/glue   tier1     binary        remaining
c            MB      reductions       conflicts           size    tier2      irredundant
c              level        restarts          redundant       glue    trail        variables
c
c - 10078.04 123 224 217 4097 592266 1 174795977 146763 1.8 141 77 2 60 52% 8304 96880 6682 41%
c - 10080.87 124 229 217 4098 592291 1 174859984 145263 1.7 140 81 2 60 51% 8304 96880 6682 41%
c - 10083.76 125 235 217 4099 592299 1 174924000 141796 1.8 146 82 2 60 51% 8304 96880 6682 41%
c - 10086.30 123 248 217 4100 592300 1 174988023 147196 1.8 139 77 2 60 50% 8304 96880 6682 41%
c - 10088.96 125 248 217 4101 592330 1 175052055 149121 1.8 137 77 2 60 50% 8304 96880 6682 41%
c u 10091.02 122 249 217 4101 592331 1 175070340 155904 1.8 137 78 2 60 49% 8304 96880 6682 41%
c v 10091.82 124 249 217 4101 592331 1 175070340 141498 1.8 137 78 2 60 49% 8304 96880 6682 41%
c w 10095.55 148 249 217 4101 592331 1 175070340 139907 1.8 137 78 2 60 49% 8304 96880 6682 41%
c - 10104.92 123 244 217 4102 592352 1 175116095 126474 1.7 135 78 2 60 49% 8304 96880 6682 41%
c - 10107.71 123 235 217 4103 592363 1 175180141 131349 1.8 136 76 2 60 50% 8304 96880 6682 41%
c - 10110.31 125 233 217 4104 592391 1 175244196 136340 1.8 135 75 2 60 50% 8304 96880 6682 41%
c - 10113.04 125 234 217 4105 592411 1 175308258 136746 1.8 134 76 2 60 48% 8304 96880 6682 41%
c - 10115.74 122 227 217 4106 592426 1 175372329 129062 1.7 137 82 2 60 47% 8304 96880 6682 41%
c - 10119.53 121 233 217 4107 592427 1 175436407 118596 1.6 147 93 2 61 42% 8304 96880 6682 41%
c - 10122.44 122 222 217 4108 592428 1 175500493 121883 1.6 143 88 2 61 45% 8304 96880 6682 41%
c - 10125.39 121 210 217 4109 592428 1 175564586 124615 1.7 149 88 2 61 49% 8304 96880 6682 41%
c o 10127.72 123 205 217 4109 592450 1 175627451 186779 1.6 140 85 2 61 46% 8304 96880 6682 41%
c - 10127.77 124 206 217 4110 592450 1 175628688 123378 1.6 140 85 2 61 46% 8304 96880 6682 41%
c - 10130.36 122 210 217 4111 592473 1 175692798 132764 1.6 129 81 2 61 47% 8304 96880 6682 41%
c - 10132.76 122 211 217 4112 592491 1 175756916 132362 1.6 130 83 2 61 44% 8304 96880 6682 41%
c
c   seconds      switched         rate              size/glue   tier1     binary        remaining
c            MB      reductions       conflicts           size    tier2      irredundant
c              level        restarts          redundant       glue    trail        variables
c
c - 10135.19 117 206 217 4113 592509 1 175821041 132583 1.7 128 77 2 61 45% 8304 96880 6682 41%
c - 10137.93 120 211 217 4114 592535 1 175885173 139248 1.7 130 77 2 61 45% 8304 96880 6682 41%
c - 10140.68 120 220 217 4115 592554 1 175949313 136295 1.7 135 80 2 61 47% 8304 96880 6682 41%
c - 10144.32 119 218 217 4116 592555 1 176013462 129937 1.7 148 85 2 61 47% 8304 96880 6682 41%
c - 10147.61 121 222 217 4117 592570 1 176077618 126589 1.7 148 88 2 61 46% 8304 96880 6682 41%
c - 10150.19 124 231 217 4118 592594 1 176141782 132741 1.7 141 83 2 61 47% 8304 96880 6682 41%
c - 10153.07 124 234 217 4119 592617 1 176205954 130804 1.7 143 86 2 61 48% 8304 96880 6682 41%
c - 10156.21 116 232 217 4120 592633 1 176270134 127002 1.7 147 89 2 61 49% 8304 96880 6682 41%
c - 10159.40 118 233 217 4121 592655 1 176334321 124297 1.6 147 92 2 61 47% 8304 96880 6682 41%
c - 10162.09 119 234 217 4122 592680 1 176398517 123678 1.6 144 93 2 61 47% 8304 96880 6682 41%
c - 10165.17 124 236 217 4123 592682 1 176462720 119691 1.5 152 101 2 61 48% 8304 96880 6682 41%
c - 10169.80 76 226 217 4124 592683 1 176526931 108252 1.5 165 111 2 61 46% 8304 96880 6682 41%
c - 10173.99 75 214 217 4125 592683 1 176591152 106573 1.5 165 109 2 61 47% 8304 96880 6682 41%
c u 10175.08 61 214 217 4125 592683 1 176592950 101917 1.5 165 108 2 61 47% 8304 96880 6682 41%
c v 10175.42 61 214 217 4125 592683 1 176592950 95512 1.5 165 108 2 61 47% 8304 96880 6682 41%
c w 10176.92 80 214 217 4125 592683 1 176592950 91209 1.5 165 108 2 61 47% 8304 96880 6682 41%
c - 10180.32 73 212 217 4126 592684 1 176655378 100581 1.5 161 104 2 61 47% 8304 96880 6682 41%
c B 10180.37 74 211 217 4126 592684 1 176656488 101686 1.6 161 104 2 61 48% 8304 96880 6682 41%
c - 10183.87 114 211 217 4127 592684 1 176719611 110449 1.6 161 98 2 61 52% 8304 96880 6682 41%
c - 10187.75 117 208 217 4128 592684 1 176783854 110366 1.7 161 93 2 61 56% 8304 96880 6682 41%
c
c   seconds     switched         rate              size/glue   tier1     binary        remaining
c           MB      reductions       conflicts           size    tier2      irredundant
c             level        restarts          redundant       glue    trail        variables
c
c - 10192.24 91 205 217 4129 592684 1 176848104 107981 1.7 172 99 2 61 55% 8304 96880 6682 41%
c - 10197.12 122 202 217 4130 592691 1 176912361 104830 1.7 175 101 2 61 54% 8304 96880 6682 41%
c - 10199.92 123 208 217 4131 592715 1 176976626 122593 1.8 156 86 2 61 54% 8304 96880 6682 41%
c - 10202.67 124 223 217 4132 592744 1 177040899 125899 1.8 149 83 2 61 54% 8304 96880 6682 41%
c ] 10204.45 121 221 218 4132 592747 1 177080756 165358 1.7 155 89 2 61 55% 8304 96880 6682 41%
c { 10204.45 121 241 218 4132 592747 4 177080756 165358 1.8 87 49 2 19 53% 8304 96880 6682 41%
c - 10205.86 123 246 218 4133 592962 4 177105179 123968 1.8 86 49 2 19 54% 8304 96880 6682 41%
c - 10208.84 122 252 218 4134 593475 4 177169467 142694 1.8 83 47 2 19 54% 8304 96880 6682 41%
c - 10212.24 124 251 218 4135 593981 4 177233764 164914 1.8 81 46 2 19 54% 8304 96880 6682 41%
c - 10216.29 128 254 218 4136 594618 4 177298068 170952 1.8 83 47 2 19 54% 8304 96880 6682 41%
c - 10220.20 127 254 218 4137 595206 4 177362379 173413 1.7 84 48 2 19 54% 8304 96880 6682 41%
c - 10224.41 127 254 218 4138 595813 4 177426698 176793 1.7 84 49 2 19 53% 8304 96880 6682 41%
c o 10227.47 121 262 218 4138 596183 4 177487492 236741 1.7 78 45 2 19 54% 8304 96880 6682 41%
c - 10227.80 128 262 218 4139 596233 4 177491026 183696 1.7 78 45 2 19 54% 8304 96880 6682 41%
c - 10232.17 130 258 218 4140 596929 4 177555362 186374 1.7 82 48 2 19 53% 8304 96880 6682 41%
c - 10236.35 126 249 218 4141 597456 4 177619704 184070 1.8 86 48 2 19 54% 8304 96880 6682 41%
c - 10240.23 129 249 218 4142 597944 4 177684056 188066 1.8 82 46 2 19 53% 8304 96880 6682 41%
c - 10243.30 121 246 218 4143 598227 3 177748414 193912 1.8 73 42 2 19 52% 8304 96880 6682 41%
c - 10247.69 128 247 218 4144 598932 4 177812780 195374 1.7 79 45 2 19 52% 8304 96880 6682 41%
c - 10249.91 129 248 218 4145 598967 3 177877153 200123 1.8 63 35 2 19 53% 8304 96880 6682 41%
c
c   seconds      switched         rate              size/glue  tier1     binary        remaining
c            MB      reductions       conflicts           size   tier2      irredundant
c              level        restarts          redundant      glue    trail        variables
c
c - 10253.56 130 245 218 4146 599476 3 177941534 204564 1.8 66 38 2 19 52% 8304 96880 6682 41%
c - 10257.33 126 242 218 4147 600113 4 178005924 204883 1.7 70 40 2 19 51% 8304 96880 6682 41%
c - 10261.81 127 240 218 4148 600829 4 178070322 195216 1.7 76 44 2 19 51% 8304 96880 6682 41%
c u 10265.82 129 257 218 4148 601190 4 178122659 239860 1.7 74 42 2 19 53% 8304 96880 6682 41%
c v 10268.60 135 257 218 4148 601190 4 178122659 207040 1.7 74 42 2 19 53% 8304 96880 6682 41%
c w 10269.80 149 257 218 4148 601190 4 178122659 206816 1.7 74 42 2 19 53% 8304 96880 6682 41%
c - 10270.82 120 255 218 4149 601344 4 178134727 165024 1.7 76 44 2 19 52% 8304 96880 6682 41%
c - 10274.19 126 252 218 4150 601796 4 178199139 176878 1.8 77 43 2 19 53% 8304 96880 6682 41%
c - 10278.13 129 251 218 4151 602359 4 178263559 184888 1.8 76 43 2 19 53% 8304 96880 6682 41%
c - 10282.70 128 247 218 4152 603040 4 178327988 184009 1.7 80 46 2 19 52% 8304 96880 6682 41%
c - 10286.92 125 250 218 4153 603587 4 178392424 183569 1.7 82 47 2 19 53% 8304 96880 6682 41%
c - 10290.28 129 278 218 4154 603978 3 178456867 190215 1.8 75 42 2 19 58% 8304 96880 6682 41%
c - 10293.59 130 294 218 4155 604337 3 178521318 198756 1.8 71 39 2 19 61% 8304 96880 6682 41%
c - 10297.43 129 270 218 4156 604951 3 178585777 201054 1.8 72 41 2 19 57% 8304 96880 6682 41%
c - 10302.03 128 255 218 4157 605641 4 178650246 193646 1.7 77 45 2 19 54% 8304 96880 6682 41%
c - 10305.83 129 248 218 4158 606116 4 178714721 194215 1.7 74 43 2 19 52% 8304 96880 6682 41%
c - 10309.99 125 241 218 4159 606753 4 178779203 196029 1.7 78 45 2 19 50% 8304 96880 6682 41%
c - 10314.68 130 243 218 4160 607472 4 178843696 193185 1.7 83 49 2 19 51% 8304 96880 6682 41%
c - 10318.66 128 253 218 4161 607945 4 178908194 195934 1.8 83 47 2 19 54% 8304 96880 6682 41%
c - 10322.96 125 251 218 4162 608518 4 178972699 198509 1.8 86 49 2 19 53% 8304 96880 6682 41%
c
c   seconds      switched         rate              size/glue  tier1     binary        remaining
c            MB      reductions       conflicts           size   tier2      irredundant
c              level        restarts          redundant      glue    trail        variables
c
c - 10326.60 130 247 218 4163 608896 3 179037213 201259 1.8 81 46 2 19 54% 8304 96880 6682 41%
c } 10330.10 126 252 219 4163 609324 3 179089325 252919 1.8 84 47 2 19 54% 8304 96880 6682 41%
c [ 10330.10 126 221 219 4163 609324 1 179089325 252919 1.7 155 89 2 61 55% 8304 96880 6682 41%
c W 10330.65 108 221 219 4163 609324 1 179089325 252919 1.7 155 89 2 61 55% 8304 96880 6682 41%
c - 10331.17 125 222 219 4164 609331 1 179101734 199680 1.7 154 88 2 61 55% 8304 96880 6682 41%
c - 10334.48 130 214 219 4165 609354 1 179166264 184746 1.9 144 78 2 61 57% 8304 96880 6682 41%
c - 10337.62 96 216 219 4166 609384 1 179230800 164667 1.9 144 74 2 61 57% 8304 96880 6682 41%
c - 10341.23 125 202 219 4167 609393 1 179295344 159016 2.0 143 72 2 61 55% 8304 96880 6682 41%
c - 10344.84 126 209 219 4168 609417 1 179359897 153288 1.9 147 78 2 61 54% 8304 96880 6682 41%
c o 10345.51 119 208 219 4168 609419 1 179369332 162648 1.9 149 80 2 61 54% 8304 96880 6682 41%
c - 10348.04 126 209 219 4169 609446 1 179424457 151609 1.9 144 75 2 61 55% 8304 96880 6682 41%
c - 10352.47 124 198 219 4170 609450 1 179489025 156910 1.9 137 74 2 61 53% 8304 96880 6682 41%
c - 10357.03 96 195 219 4171 609454 1 179553601 158618 2.4 165 68 2 61 62% 8304 96880 6682 41%
c - 10360.01 95 205 219 4172 609481 1 179618185 160861 2.3 151 66 2 61 61% 8304 96880 6682 41%
c u 10363.52 118 204 219 4172 609496 1 179659443 192110 2.2 151 70 2 61 60% 8304 96880 6682 41%
c v 10364.64 120 204 219 4172 609496 1 179659443 175303 2.2 151 70 2 61 60% 8304 96880 6682 41%
c w 10369.30 150 204 219 4172 609496 1 179659443 174772 2.2 151 70 2 61 60% 8304 96880 6682 41%
c - 10370.40 93 211 219 4173 609509 1 179682777 138466 2.1 146 69 2 61 59% 8304 96880 6682 41%
c - 10373.78 93 222 219 4174 609515 1 179747377 130170 1.9 160 83 2 61 59% 8304 96880 6682 41%
c - 10377.37 120 222 219 4175 609544 1 179811983 127377 1.9 154 81 2 61 58% 8304 96880 6682 41%
c
c   seconds      switched         rate              size/glue   tier1     binary        remaining
c            MB      reductions       conflicts           size    tier2      irredundant
c              level        restarts          redundant       glue    trail        variables
c
c - 10380.39 121 221 219 4176 609569 1 179876598 137016 1.9 150 79 2 61 58% 8304 96880 6682 41%
c - 10383.75 121 216 219 4177 609576 1 179941220 143072 2.0 150 76 2 61 57% 8304 96880 6682 41%
c - 10388.43 93 212 219 4178 609577 1 180005849 142533 2.0 156 79 2 61 58% 8304 96880 6682 41%
c - 10392.58 92 201 219 4179 609578 1 180070487 132513 2.0 172 86 2 61 61% 8304 96880 6682 41%
c - 10398.92 92 195 219 4180 609578 1 180135132 123695 2.0 190 96 2 61 62% 8304 96880 6682 41%
c - 10402.08 117 203 219 4181 609608 1 180199785 133638 2.0 168 84 2 61 60% 8304 96880 6682 41%
c - 10405.27 122 214 219 4182 609631 1 180264445 144154 2.0 159 80 2 61 58% 8304 96880 6682 41%
c - 10408.97 94 213 219 4183 609641 1 180329114 142438 2.0 159 81 2 61 58% 8304 96880 6682 41%
c - 10412.60 120 213 219 4184 609670 1 180393791 142867 1.9 148 80 2 61 57% 8304 96880 6682 41%
c - 10416.36 121 212 219 4185 609693 1 180458474 138223 1.7 146 85 2 61 56% 8304 96880 6682 41%
c - 10420.69 119 200 219 4186 609704 1 180523166 134384 1.7 147 84 2 61 57% 8304 96880 6682 41%
c - 10427.33 92 195 219 4187 609705 1 180587866 129035 1.8 180 98 2 61 59% 8304 96880 6682 41%
c - 10431.36 119 202 219 4188 609733 1 180652573 132937 1.9 164 87 2 61 59% 8304 96880 6682 41%
c - 10435.48 125 213 219 4189 609754 1 180717288 139325 1.8 167 91 2 61 58% 8304 96880 6682 41%
c - 10439.70 94 209 219 4190 609768 1 180782010 133949 1.8 171 92 2 61 58% 8304 96880 6682 41%
c - 10443.94 116 210 219 4191 609795 1 180846741 134414 1.8 167 92 2 61 56% 8304 96880 6682 41%
c - 10447.08 124 208 219 4192 609815 1 180911478 140835 1.9 155 84 2 60 56% 8304 96880 6682 41%
c - 10450.56 122 208 219 4193 609831 1 180976224 142974 1.9 154 81 2 60 55% 8304 96880 6682 41%
c - 10454.38 119 200 219 4194 609832 1 181040980 137291 1.8 145 82 2 60 51% 8304 96880 6682 41%
c - 10457.84 123 195 219 4195 609833 1 181105741 135008 1.7 138 79 2 60 49% 8304 96880 6682 41%
c
c   seconds      switched         rate              size/glue   tier1     binary        remaining
c            MB      reductions       conflicts           size    tier2      irredundant
c              level        restarts          redundant       glue    trail        variables
c
c - 10462.05 120 192 219 4196 609833 1 181170509 139275 1.7 137 81 2 60 47% 8304 96880 6682 41%
c u 10465.52 125 191 219 4196 609834 1 181203328 163783 1.7 135 81 2 60 47% 8304 96880 6682 41%
c v 10466.27 127 191 219 4196 609834 1 181203328 153281 1.7 135 81 2 60 47% 8304 96880 6682 41%
c w 10472.29 165 191 219 4196 609834 1 181203328 153012 1.7 135 81 2 60 47% 8304 96880 6682 41%
c - 10474.04 118 188 219 4197 609834 1 181235286 127412 1.7 136 80 2 60 47% 8304 96880 6682 41%
c I 10474.77 118 187 219 4197 609834 1 181249388 141379 1.7 136 80 2 60 47% 8304 96880 6682 41%
c o 10474.77 118 187 219 4197 609834 1 181249388 141379 1.7 136 80 2 60 47% 8304 96880 6682 41%
c - 10476.21 118 192 219 4198 609834 1 181300071 151080 2.0 114 58 2 60 58% 8304 96880 6682 41%
c ] 10476.29 118 192 220 4198 609834 1 181302238 153134 2.0 113 57 2 60 58% 8304 96880 6682 41%
c { 10476.29 118 252 220 4198 609834 3 181302238 153134 1.8 84 47 2 19 54% 8304 96880 6682 41%
c - 10479.86 118 258 220 4199 610208 4 181364863 175394 1.9 79 41 2 19 59% 8304 96880 6682 41%
c - 10484.67 122 259 220 4200 610823 4 181429663 183966 1.9 77 41 2 19 57% 8304 96880 6682 41%
c - 10487.86 127 233 220 4201 611131 3 181494471 184442 2.0 64 32 2 19 52% 8304 96880 6682 41%
c - 10493.79 126 240 220 4202 611867 4 181559286 190666 1.9 66 35 2 19 53% 8304 96880 6682 41%
c - 10499.72 125 244 220 4203 612619 5 181624110 191970 1.8 70 38 2 19 53% 8304 96880 6682 41%
c - 10506.07 127 251 220 4204 613377 5 181688941 190926 1.8 74 41 2 19 54% 8304 96880 6682 41%
c - 10512.33 128 253 220 4205 614119 5 181753779 192294 1.8 79 43 2 19 55% 8304 96880 6682 41%
c - 10518.69 127 254 220 4206 614819 5 181818626 195053 1.8 81 45 2 19 55% 8304 96880 6682 41%
c - 10525.23 120 255 220 4207 615511 5 181883481 197656 1.8 82 46 2 19 56% 8304 96880 6682 41%
c - 10530.10 128 268 220 4208 615931 4 181948342 203626 1.8 78 42 2 19 57% 8304 96880 6682 41%
c
c   seconds      switched         rate              size/glue  tier1     binary        remaining
c            MB      reductions       conflicts           size   tier2      irredundant
c              level        restarts          redundant      glue    trail        variables
c
c - 10536.23 122 263 220 4209 616614 5 182013211 206603 1.8 79 44 2 19 56% 8304 96880 6682 41%
c - 10542.21 129 259 220 4210 617277 5 182078087 205434 1.8 81 45 2 19 55% 8304 96880 6682 41%
c - 10548.37 126 258 220 4211 617932 5 182142972 207716 1.8 81 45 2 19 55% 8304 96880 6682 41%
c - 10554.71 127 260 220 4212 618569 5 182207864 210259 1.8 84 46 2 19 56% 8304 96880 6682 41%
c - 10561.66 122 260 220 4213 619271 5 182272764 210183 1.8 87 48 2 19 57% 8304 96880 6682 41%
c - 10568.33 129 260 220 4214 619886 5 182337671 210989 1.8 87 48 2 19 57% 8304 96880 6682 41%
c - 10575.19 129 255 220 4215 620553 5 182402586 213060 1.8 88 49 2 19 56% 8304 96880 6682 41%
c - 10581.86 124 257 220 4216 621179 5 182467512 215224 1.8 88 48 2 19 56% 8304 96880 6682 41%
c - 10588.53 129 246 220 4217 621786 5 182532443 217137 1.8 87 48 2 19 55% 8304 96880 6682 41%
c - 10595.09 121 249 220 4218 622370 4 182597381 218750 1.8 87 47 2 19 57% 8304 96880 6682 41%
c - 10602.66 128 247 220 4219 623033 5 182662328 219544 1.8 88 48 2 19 56% 8304 96880 6682 41%
c - 10610.54 124 253 220 4220 623726 5 182727281 219082 1.8 90 50 2 19 57% 8304 96880 6682 41%
c u 10614.58 129 251 220 4220 623965 5 182754340 234048 1.8 91 49 2 19 56% 8304 96880 6682 41%
c v 10617.27 133 251 220 4220 623965 5 182754340 192039 1.8 91 49 2 19 56% 8304 96880 6682 41%
c w 10621.77 149 251 220 4220 623965 5 182754340 190955 1.8 91 49 2 19 56% 8304 96880 6682 41%
c - 10625.60 123 254 220 4221 624328 5 182792242 176095 1.8 90 49 2 19 57% 8304 96880 6682 41%
c - 10631.75 123 260 220 4222 624953 5 182857211 186186 1.8 91 50 2 19 57% 8304 96880 6682 41%
c - 10637.96 118 257 220 4223 625549 4 182922188 193395 1.8 90 49 2 19 57% 8304 96880 6682 41%
c - 10644.60 123 260 220 4224 626236 5 182987172 197702 1.8 92 51 2 19 57% 8304 96880 6682 41%
c - 10650.45 126 269 220 4225 626732 4 183052164 202344 1.8 88 48 2 19 58% 8304 96880 6682 41%
c
c   seconds      switched         rate              size/glue  tier1     binary        remaining
c            MB      reductions       conflicts           size   tier2      irredundant
c              level        restarts          redundant      glue    trail        variables
c
c - 10656.39 127 261 220 4226 627280 4 183117164 207470 1.9 88 47 2 19 58% 8304 96880 6682 41%
c o 10658.81 123 261 220 4226 627562 4 183139493 229627 1.8 90 49 2 19 58% 8304 96880 6682 41%
c - 10661.02 122 224 220 4227 627575 3 183182173 214428 1.9 82 43 2 19 58% 8304 96880 6682 41%
c - 10666.94 128 218 220 4228 628140 4 183247189 217170 1.8 80 44 2 19 53% 8304 96880 6682 41%
c - 10673.99 121 238 220 4229 628926 4 183312213 209977 1.8 86 48 2 19 54% 8304 96880 6682 41%
c } 10676.94 126 247 221 4229 629202 4 183343616 241022 1.8 86 48 2 19 56% 8304 96880 6682 41%
c [ 10676.94 126 192 221 4229 629202 1 183343616 241022 2.0 113 57 2 60 58% 8304 96880 6682 41%
c - 10679.08 127 202 221 4230 629217 1 183377243 201597 2.0 124 63 2 60 59% 8304 96880 6682 41%
c B 10682.04 126 206 221 4230 629235 1 183427804 251751 2.0 137 68 2 60 60% 8304 96880 6682 41%
c - 10683.16 98 210 221 4231 629243 1 183442282 185418 2.0 144 73 2 60 61% 8304 96880 6682 41%
c - 10687.31 95 209 221 4232 629263 1 183507329 162249 1.9 160 83 2 60 60% 8304 96880 6682 41%
c - 10691.36 95 205 221 4233 629279 1 183572384 149563 1.9 168 88 2 60 62% 8304 96880 6682 41%
c - 10696.19 95 213 221 4234 629305 1 183637445 147220 1.8 173 95 2 60 61% 8304 96880 6682 41%
c - 10701.45 95 211 221 4235 629326 1 183702515 144730 1.8 180 98 2 60 60% 8304 96880 6682 41%
c - 10705.81 93 206 221 4236 629328 1 183767591 143681 1.9 187 98 2 60 59% 8304 96880 6682 41%
c - 10709.95 95 209 221 4237 629343 1 183832675 144766 1.9 188 97 2 60 61% 8304 96880 6682 41%
c - 10714.34 127 214 221 4238 629367 1 183897769 146723 1.8 180 98 2 60 60% 8304 96880 6682 41%
c - 10718.00 126 211 221 4239 629390 1 183962868 149118 1.8 172 94 2 60 61% 8304 96880 6682 41%
c - 10721.61 127 207 221 4240 629406 1 184027976 153764 1.9 163 88 2 60 61% 8304 96880 6682 41%
c - 10725.25 127 210 221 4241 629429 1 184093092 157860 1.9 156 83 2 60 61% 8304 96880 6682 41%
c
c   seconds      switched         rate              size/glue   tier1     binary        remaining
c            MB      reductions       conflicts           size    tier2      irredundant
c              level        restarts          redundant       glue    trail        variables
c
c - 10729.02 127 214 221 4242 629453 1 184158215 159980 1.9 148 79 2 60 59% 8304 96880 6682 41%
c - 10733.56 126 210 221 4243 629455 1 184223346 158167 1.8 143 81 2 60 54% 8304 96880 6682 41%
c - 10737.54 94 214 221 4244 629456 1 184288485 150969 1.9 160 84 2 60 56% 8304 96880 6682 41%
c u 10740.54 99 219 221 4244 629456 1 184312452 163475 1.8 163 89 2 60 55% 8304 96880 6682 41%
c v 10741.34 102 219 221 4244 629456 1 184312452 149594 1.8 163 89 2 60 55% 8304 96880 6682 41%
c w 10747.70 134 219 221 4244 629456 1 184312452 149223 1.8 163 89 2 60 55% 8304 96880 6682 41%
c - 10749.97 122 215 221 4245 629456 1 184353632 129842 1.8 158 86 2 60 55% 8304 96880 6682 41%
c - 10753.86 124 214 221 4246 629470 1 184418787 133991 1.8 155 84 2 60 55% 8304 96880 6682 41%
c - 10757.06 125 216 221 4247 629493 1 184483948 140128 1.8 148 81 2 60 56% 8304 96880 6682 41%
c - 10760.05 125 214 221 4248 629518 1 184549117 145088 1.8 143 78 2 60 55% 8304 96880 6682 41%
c - 10764.93 121 209 221 4249 629533 1 184614294 142754 1.7 146 85 2 60 54% 8304 96880 6682 41%
c - 10768.51 120 216 221 4250 629555 1 184679479 142116 1.8 147 83 2 60 54% 8304 96880 6682 41%
c - 10771.98 126 216 221 4251 629581 1 184744671 145071 1.8 146 80 2 60 55% 8304 96880 6682 41%
c - 10776.86 124 208 221 4252 629583 1 184809870 139953 1.7 149 86 2 60 53% 8304 96880 6682 41%
c - 10780.22 126 206 221 4253 629597 1 184875077 138298 1.8 142 81 2 60 54% 8304 96880 6682 41%
c - 10783.45 125 207 221 4254 629617 1 184940292 147021 1.8 142 79 2 60 55% 8304 96880 6682 41%
c - 10786.86 125 212 221 4255 629645 1 185005516 148808 1.8 141 78 2 60 55% 8304 96880 6682 41%
c o 10789.37 122 205 221 4255 629647 1 185051439 194257 1.8 135 75 2 60 53% 8304 96880 6682 41%
c - 10790.21 127 209 221 4256 629659 1 185070747 149211 1.8 133 75 2 60 54% 8304 96880 6682 41%
c - 10793.06 125 208 221 4257 629680 1 185135986 150515 1.8 135 74 2 60 54% 8304 96880 6682 41%
c
c   seconds      switched         rate              size/glue   tier1     binary        remaining
c            MB      reductions       conflicts           size    tier2      irredundant
c              level        restarts          redundant       glue    trail        variables
c
c - 10796.35 126 211 221 4258 629708 1 185201231 151316 1.9 138 73 2 60 56% 8304 96880 6682 41%
c - 10800.27 93 215 221 4259 629710 1 185266485 146771 1.9 152 79 2 60 58% 8304 96880 6682 41%
c - 10805.05 93 218 221 4260 629711 1 185331747 134551 1.9 167 89 2 60 58% 8304 96880 6682 41%
c - 10809.89 93 211 221 4261 629711 1 185397015 127389 1.9 178 93 2 60 58% 8304 96880 6682 41%
c - 10814.57 92 207 221 4262 629712 1 185462291 124408 1.9 184 96 2 60 60% 8304 96880 6682 41%
c - 10819.30 93 205 221 4263 629712 1 185527575 126260 1.9 186 96 2 60 60% 8304 96880 6682 41%
c - 10824.62 93 208 221 4264 629712 1 185592866 123196 1.8 194 107 2 60 61% 8304 96880 6682 41%
c W 10827.97 89 209 221 4264 629712 1 185624624 154633 1.8 197 109 2 60 61% 8304 96880 6682 41%
c - 10829.72 106 205 221 4265 629712 1 185658166 123756 1.8 179 101 2 60 58% 8304 96880 6682 41%
c - 10833.21 106 201 221 4266 629722 1 185723472 133460 1.8 163 92 2 60 58% 8304 96880 6682 41%
c - 10836.66 124 203 221 4267 629743 1 185788787 138302 1.8 151 82 2 60 57% 8304 96880 6682 41%
c - 10839.98 124 210 221 4268 629773 1 185854110 136996 1.8 155 86 2 60 57% 8304 96880 6682 41%
c u 10842.42 122 207 221 4268 629775 1 185877664 153047 1.8 152 84 2 60 57% 8304 96880 6682 41%
c v 10843.14 124 207 221 4268 629775 1 185877664 141373 1.8 152 84 2 60 57% 8304 96880 6682 41%
c w 10847.48 150 207 221 4268 629775 1 185877664 139745 1.8 152 84 2 60 57% 8304 96880 6682 41%
c - 10849.80 122 210 221 4269 629784 1 185919440 116482 1.8 157 87 2 60 57% 8304 96880 6682 41%
c - 10853.40 123 205 221 4270 629806 1 185984778 116512 1.7 158 92 2 60 55% 8304 96880 6682 41%
c - 10856.71 123 203 221 4271 629836 1 186050123 121353 1.8 155 89 2 60 55% 8304 96880 6682 41%
c - 10860.39 123 206 221 4272 629839 1 186115475 124809 1.7 157 91 2 60 52% 8304 96880 6682 41%
c - 10864.05 94 205 221 4273 629847 1 186180835 120971 1.9 164 88 2 60 56% 8304 96880 6682 41%
c
c   seconds      switched         rate              size/glue   tier1     binary        remaining
c            MB      reductions       conflicts           size    tier2      irredundant
c              level        restarts          redundant       glue    trail        variables
c
c - 10866.98 119 200 221 4274 629870 1 186246204 120229 1.8 157 89 2 60 55% 8304 96880 6682 41%
c - 10869.98 77 196 221 4275 629900 1 186311580 112130 1.6 157 99 2 60 52% 8304 96880 6682 41%
c - 10872.84 113 188 221 4276 629909 1 186376963 114823 1.6 148 91 2 60 52% 8304 96880 6682 41%
c ] 10874.68 111 189 222 4276 629926 1 186411957 149146 1.6 149 92 2 60 51% 8304 96880 6682 41%
c { 10874.68 111 247 222 4276 629926 4 186411957 149146 1.8 86 48 2 19 56% 8304 96880 6682 41%
c - 10876.29 111 250 222 4277 630119 4 186442355 131441 1.8 84 47 2 19 55% 8304 96880 6682 41%
c - 10879.23 114 259 222 4278 630486 4 186507754 157927 1.8 76 42 2 19 54% 8304 96880 6682 41%
c - 10882.56 114 258 222 4279 631012 3 186573163 178522 1.8 73 41 2 19 54% 8304 96880 6682 41%
c - 10886.61 114 250 222 4280 631639 4 186638578 182687 1.8 75 43 2 19 53% 8304 96880 6682 41%
c - 10890.42 110 240 222 4281 632196 4 186703999 186242 1.7 74 43 2 19 50% 8304 96880 6682 41%
c - 10894.87 118 242 222 4282 632903 4 186769429 186126 1.7 80 47 2 19 50% 8304 96880 6682 41%
c - 10899.44 118 245 222 4283 633554 4 186834865 185620 1.7 83 49 2 19 51% 8304 96880 6682 41%
c - 10903.16 113 248 222 4284 633953 4 186900310 192356 1.7 80 46 2 19 52% 8304 96880 6682 41%
c o 10907.09 118 250 222 4284 634434 4 186962000 253375 1.7 81 47 2 19 53% 8304 96880 6682 41%
c - 10907.49 115 251 222 4285 634484 4 186965762 195920 1.7 82 47 2 19 53% 8304 96880 6682 41%
c - 10912.07 114 249 222 4286 635108 4 187031222 194699 1.7 84 49 2 19 53% 8304 96880 6682 41%
c - 10916.71 119 251 222 4287 635725 4 187096690 193378 1.7 87 51 2 19 54% 8304 96880 6682 41%
c - 10920.72 118 256 222 4288 636052 3 187162165 199858 1.8 82 46 2 19 55% 8304 96880 6682 41%
c - 10924.94 113 254 222 4289 636585 3 187227647 203124 1.7 84 49 2 19 53% 8304 96880 6682 41%
c - 10928.19 115 248 222 4290 636798 3 187293137 206720 1.9 82 44 2 19 55% 8304 96880 6682 41%
c
c   seconds      switched         rate              size/glue  tier1     binary        remaining
c            MB      reductions       conflicts           size   tier2      irredundant
c              level        restarts          redundant      glue    trail        variables
c
c - 10932.87 123 244 222 4291 637502 3 187358635 206398 1.8 86 48 2 19 54% 8304 96880 6682 41%
c - 10937.28 124 243 222 4292 638073 4 187424140 199579 1.8 86 49 2 19 53% 8304 96880 6682 41%
c u 10940.37 121 246 222 4292 638326 4 187450003 217677 1.7 86 50 2 19 53% 8304 96880 6682 41%
c v 10942.54 126 246 222 4292 638326 4 187450003 181901 1.7 86 50 2 19 53% 8304 96880 6682 41%
c w 10944.53 141 246 222 4292 638326 4 187450003 180739 1.7 86 50 2 19 53% 8304 96880 6682 41%
c - 10947.41 120 247 222 4293 638693 4 187489654 167101 1.7 87 51 2 19 53% 8304 96880 6682 41%
c - 10951.36 119 254 222 4294 639116 3 187555174 178511 1.7 85 49 2 20 53% 8304 96880 6682 41%
c - 10954.62 119 256 222 4295 639371 3 187620704 194380 1.8 76 43 2 20 53% 8304 96880 6682 41%
c - 10958.60 119 247 222 4296 639990 4 187686240 201683 1.7 77 45 2 20 52% 8304 96880 6682 41%
c - 10963.13 118 246 222 4297 640630 4 187751784 194436 1.7 81 48 2 20 52% 8304 96880 6682 41%
c - 10967.01 123 249 222 4298 641049 4 187817335 195521 1.7 79 47 2 20 53% 8304 96880 6682 41%
c - 10971.82 123 245 222 4299 641727 4 187882894 197210 1.7 85 50 2 20 52% 8304 96880 6682 41%
c - 10976.52 122 246 222 4300 642213 4 187948461 196001 1.7 89 51 2 20 53% 8304 96880 6682 41%
c - 10980.86 116 252 222 4301 642671 4 188014037 200325 1.8 87 49 2 20 54% 8304 96880 6682 41%
c - 10984.94 124 250 222 4302 643091 3 188079620 204166 1.7 83 48 2 20 53% 8304 96880 6682 41%
c - 10989.75 122 251 222 4303 643716 4 188145210 202988 1.7 88 51 2 20 54% 8304 96880 6682 41%
c - 10993.72 120 244 222 4304 644127 3 188210807 203181 1.7 84 48 2 20 52% 8304 96880 6682 41%
c - 10998.07 122 250 222 4305 644576 3 188276411 208209 1.7 81 46 2 20 53% 8304 96880 6682 41%
c - 11001.29 122 245 222 4306 644942 3 188342023 214746 1.7 75 43 2 20 51% 8304 96880 6682 41%
c - 11006.03 120 240 222 4307 645635 4 188407643 211382 1.7 83 48 2 20 51% 8304 96880 6682 41%
c
c   seconds      switched         rate              size/glue  tier1     binary        remaining
c            MB      reductions       conflicts           size   tier2      irredundant
c              level        restarts          redundant      glue    trail        variables
c
c - 11010.70 123 244 222 4308 646209 4 188473270 204714 1.7 85 50 2 20 51% 8304 96880 6682 41%
c } 11011.53 119 245 223 4308 646325 4 188486358 217710 1.7 86 50 2 20 52% 8304 96880 6682 41%
c [ 11011.53 119 189 223 4308 646325 1 188486358 217710 1.6 149 92 2 60 51% 8304 96880 6682 41%
c O 11011.53 119 189 223 4308 646325 1 188486358 217710 1.6 149 92 2 60 51% 8304 96880 6682 41%
c - 11012.89 124 186 223 4309 646352 1 188538905 202456 1.6 124 77 2 60 43% 8304 96880 6682 41%
c - 11014.81 122 198 223 4310 646373 1 188604548 186215 1.7 116 69 2 60 42% 8304 96880 6682 41%
c - 11017.27 126 210 223 4311 646387 1 188670199 167270 1.7 123 71 2 60 44% 8304 96880 6682 41%
c - 11020.04 119 209 223 4312 646415 1 188735857 153683 1.7 126 76 2 60 42% 8304 96880 6682 41%
c - 11022.89 124 209 223 4313 646436 1 188801524 150039 1.7 128 77 2 60 43% 8304 96880 6682 41%
c - 11025.97 125 212 223 4314 646450 1 188867198 149241 1.7 134 80 2 60 42% 8304 96880 6682 41%
c - 11029.24 123 206 223 4315 646451 1 188932880 146881 1.7 139 80 2 60 43% 8304 96880 6682 41%
c o 11029.97 116 205 223 4315 646452 1 188946902 160815 1.8 140 80 2 60 43% 8304 96880 6682 41%
c - 11031.81 123 209 223 4316 646479 1 188998568 155197 1.7 126 73 2 60 44% 8304 96880 6682 41%
c u 11034.23 123 213 223 4316 646483 1 189029466 172214 1.8 127 72 2 60 46% 8304 96880 6682 41%
c v 11034.93 126 213 223 4316 646483 1 189029466 157765 1.8 127 72 2 60 46% 8304 96880 6682 41%
c w 11038.66 150 213 223 4316 646483 1 189029466 156754 1.8 127 72 2 60 46% 8304 96880 6682 41%
c - 11039.83 122 213 223 4317 646500 1 189064264 138555 1.7 125 72 2 60 45% 8304 96880 6682 41%
c - 11042.37 124 218 223 4318 646514 1 189129967 137304 1.7 129 75 2 60 46% 8304 96880 6682 41%
c - 11044.59 125 214 223 4319 646542 1 189195679 142158 1.7 122 70 2 60 45% 8304 96880 6682 41%
c - 11047.19 124 214 223 4320 646563 1 189261399 138799 1.7 133 79 2 60 46% 8304 96880 6682 41%
c
c   seconds      switched         rate              size/glue   tier1     binary        remaining
c            MB      reductions       conflicts           size    tier2      irredundant
c              level        restarts          redundant       glue    trail        variables
c
c - 11049.59 124 211 223 4321 646577 1 189327125 129953 1.7 136 81 2 60 46% 8304 96880 6682 41%
c - 11053.23 92 218 223 4322 646578 1 189392859 120348 1.5 155 102 2 60 44% 8304 96880 6682 41%
c - 11056.46 75 213 223 4323 646579 1 189458600 111701 1.5 159 105 2 60 45% 8304 96880 6682 41%
c - 11060.28 75 208 223 4324 646579 1 189524350 110376 1.5 168 110 2 61 46% 8304 96880 6682 41%
c - 11063.10 105 211 223 4325 646607 1 189590107 118755 1.5 153 100 2 61 47% 8304 96880 6682 41%
c - 11065.71 115 218 223 4326 646628 1 189655871 132495 1.6 147 90 2 61 48% 8304 96880 6682 41%
c - 11068.61 120 223 223 4327 646642 1 189721644 133158 1.7 147 88 2 61 49% 8304 96880 6682 41%
c - 11071.52 119 228 223 4328 646670 1 189787423 134946 1.7 141 84 2 61 49% 8304 96880 6682 41%
c - 11074.46 119 229 223 4329 646691 1 189853210 137786 1.6 141 87 2 61 48% 8304 96880 6682 41%
c - 11077.17 120 231 223 4330 646705 1 189919005 144398 1.8 137 76 2 61 51% 8304 96880 6682 41%
c - 11080.63 93 243 223 4331 646706 1 189984808 141381 1.8 151 86 2 61 50% 8304 96880 6682 41%
c - 11083.70 124 238 223 4332 646734 1 190050619 134366 1.8 147 83 2 61 49% 8304 96880 6682 41%
c - 11086.85 122 223 223 4333 646755 1 190116436 136759 1.7 145 85 2 61 49% 8304 96880 6682 41%
c - 11089.46 122 214 223 4334 646769 1 190182262 129031 1.6 144 89 2 61 45% 8304 96880 6682 41%
c - 11092.35 118 208 223 4335 646797 1 190248096 123719 1.6 140 89 2 61 44% 8304 96880 6682 41%
c - 11095.61 120 204 223 4336 646818 1 190313936 124924 1.5 138 91 2 61 41% 8304 96880 6682 41%
c - 11098.69 122 205 223 4337 646832 1 190379784 122809 1.5 142 96 2 61 43% 8304 96880 6682 41%
c - 11102.70 76 203 223 4338 646833 1 190445641 114054 1.4 150 106 2 61 43% 8304 96880 6682 41%
c - 11106.79 76 199 223 4339 646834 1 190511504 104709 1.4 155 111 2 61 43% 8304 96880 6682 41%
c - 11111.25 74 197 223 4340 646834 1 190577376 106957 1.4 157 115 2 61 44% 8304 96880 6682 41%
c
c   seconds     switched         rate              size/glue    tier1     binary        remaining
c           MB      reductions       conflicts           size     tier2      irredundant
c             level        restarts          redundant       glue     trail        variables
c
c u 11114.29 99 197 223 4340 646835 1 190616056 138076 1.4 158 114 2 61 45% 8304 96880 6682 41%
c v 11114.58 101 197 223 4340 646835 1 190616056 130525 1.4 158 114 2 61 45% 8304 96880 6682 41%
c w 11119.34 144 197 223 4340 646835 1 190616056 129078 1.4 158 114 2 61 45% 8304 96880 6682 41%
c - 11121.30 73 195 223 4341 646835 1 190643254 92282 1.4 160 118 2 61 44% 8304 96880 6682 41%
c - 11126.05 76 190 223 4342 646835 1 190709140 92820 1.3 162 122 2 61 45% 8304 96880 6682 41%
c B 11126.82 73 189 223 4342 646835 1 190720132 103580 1.3 163 122 2 61 45% 8304 96880 6682 41%
c - 11129.48 75 190 223 4343 646835 1 190775033 100249 1.5 161 107 2 61 50% 8304 96880 6682 41%
c - 11132.99 117 191 223 4344 646835 1 190840934 105796 1.6 165 100 2 61 53% 8304 96880 6682 41%
c o 11134.48 117 200 223 4344 646850 1 190877587 142101 1.7 152 90 2 61 54% 8304 96880 6682 41%
c - 11135.37 120 206 223 4345 646864 1 190906844 117716 1.6 142 87 2 61 54% 8304 96880 6682 41%
c - 11138.00 120 213 223 4346 646885 1 190972762 125879 1.7 144 84 2 61 54% 8304 96880 6682 41%
c - 11142.07 92 210 223 4347 646898 1 191038687 116606 1.7 158 94 2 61 55% 8304 96880 6682 41%
c - 11145.19 119 211 223 4348 646927 1 191104619 118293 1.8 151 85 2 61 55% 8304 96880 6682 41%
c ] 11146.01 112 211 224 4348 646929 1 191121902 135455 1.8 148 82 2 61 55% 8304 96880 6682 41%
c { 11146.01 112 245 224 4348 646929 4 191121902 135455 1.7 86 50 2 20 52% 8304 96880 6682 41%
c - 11148.21 116 256 224 4349 647135 3 191170558 144130 1.8 81 45 2 20 54% 8304 96880 6682 41%
c - 11151.41 121 242 224 4350 647611 3 191236504 167652 1.8 76 42 2 20 52% 8304 96880 6682 41%
c - 11155.55 119 241 224 4351 648321 4 191302459 177404 1.8 75 42 2 20 52% 8304 96880 6682 41%
c - 11160.19 123 239 224 4352 649047 4 191368421 179314 1.8 76 43 2 20 52% 8304 96880 6682 41%
c - 11164.37 122 242 224 4353 649717 4 191434390 183615 1.8 76 43 2 20 53% 8304 96880 6682 41%
c
c   seconds      switched         rate              size/glue  tier1     binary        remaining
c            MB      reductions       conflicts           size   tier2      irredundant
c              level        restarts          redundant      glue    trail        variables
c
c - 11167.34 121 268 224 4354 650051 4 191500368 193334 1.8 66 37 2 20 57% 8304 96880 6682 41%
c - 11171.86 115 255 224 4355 650861 4 191566354 197547 1.8 69 39 2 20 55% 8304 96880 6682 41%
c - 11175.72 118 254 224 4356 651528 4 191632347 195185 1.7 69 40 2 20 54% 8304 96880 6682 41%
c - 11180.51 124 246 224 4357 652315 4 191698347 197407 1.7 73 42 2 20 53% 8304 96880 6682 41%
c - 11183.44 123 239 224 4358 652641 4 191764354 202601 1.8 65 36 2 20 51% 8304 96880 6682 41%
c - 11187.48 116 237 224 4359 653296 4 191830370 206720 1.8 67 38 2 20 50% 8304 96880 6682 41%
c - 11191.04 123 231 224 4360 653774 4 191896393 206402 1.8 65 36 2 20 50% 8304 96880 6682 41%
c - 11195.77 122 230 224 4361 654657 4 191962424 205670 1.8 70 40 2 20 50% 8304 96880 6682 41%
c - 11200.68 119 234 224 4362 655429 4 192028463 202720 1.8 74 42 2 20 51% 8304 96880 6682 41%
c - 11205.33 124 241 224 4363 655989 4 192094508 205921 1.8 73 41 2 20 52% 8304 96880 6682 41%
c - 11209.93 123 233 224 4364 656711 4 192160562 209086 1.8 74 42 2 20 51% 8304 96880 6682 41%
c u 11214.74 125 237 224 4364 657238 4 192209770 249574 1.8 77 43 2 20 52% 8304 96880 6682 41%
c v 11216.49 130 237 224 4364 657238 4 192209770 237244 1.8 77 43 2 20 52% 8304 96880 6682 41%
c w 11217.52 145 237 224 4364 657238 4 192209770 237175 1.8 77 43 2 20 52% 8304 96880 6682 41%
c x 11218.04 145 237 224 4364 657238 4 192209770 237172 1.8 77 43 2 20 52% 8304 96850 6682 41%
c s 11218.10 145 237 224 4364 657238 4 192209770 237172 1.8 77 43 2 20 52% 8304 96848 6682 41%
c s 11218.12 145 237 224 4364 657238 4 192209770 237172 1.8 77 43 2 20 52% 8304 96844 6682 41%
c - 11219.49 122 237 224 4365 657421 4 192226624 191052 1.8 77 43 2 20 52% 8304 96844 6682 41%
c - 11223.66 124 245 224 4366 657950 4 192292692 197045 1.8 74 41 2 20 53% 8304 96844 6682 41%
c - 11226.77 122 241 224 4367 658324 3 192358768 205743 1.8 67 37 2 20 51% 8304 96844 6682 41%
c
c   seconds      switched         rate              size/glue  tier1     binary        remaining
c            MB      reductions       conflicts           size   tier2      irredundant
c              level        restarts          redundant      glue    trail        variables
c
c - 11229.83 119 232 224 4368 658489 3 192424851 211136 1.9 59 32 2 20 48% 8304 96844 6682 41%
c - 11234.13 122 231 224 4369 659374 4 192490941 212405 1.8 67 38 2 20 49% 8304 96844 6682 41%
c - 11238.80 120 239 224 4370 660134 4 192557039 202701 1.8 69 39 2 20 50% 8304 96844 6682 41%
c - 11243.24 117 236 224 4371 660826 4 192623144 204969 1.8 71 40 2 20 50% 8304 96844 6682 41%
c - 11248.17 118 235 224 4372 661596 4 192689257 207066 1.8 74 42 2 20 51% 8304 96844 6682 41%
c - 11251.45 125 240 224 4373 661959 4 192755378 211908 1.8 66 38 2 20 51% 8304 96844 6682 41%
c o 11254.91 122 249 224 4373 662446 4 192817802 273278 1.8 63 35 2 20 54% 8304 96844 6682 41%
c - 11255.27 119 248 224 4374 662501 4 192821508 217292 1.8 63 36 2 20 54% 8304 96844 6682 41%
c - 11259.89 120 240 224 4375 663267 4 192887644 215376 1.7 67 39 2 20 52% 8304 96844 6682 41%
